card_id,set_codigo,era,numero,nome,image_url,label,rarity
sv01-001,SVI,SV,001,Pineco,https://assets.tcgdex.net/en/sv/sv01/001/high.png,0,Common
sv01-002,SVI,SV,002,Heracross,https://assets.tcgdex.net/en/sv/sv01/002/high.png,0,Uncommon
sv01-003,SVI,SV,003,Shroomish,https://assets.tcgdex.net/en/sv/sv01/003/high.png,0,Common
sv01-004,SVI,SV,004,Breloom,https://assets.tcgdex.net/en/sv/sv01/004/high.png,0,Uncommon
sv01-005,SVI,SV,005,Cacnea,https://assets.tcgdex.net/en/sv/sv01/005/high.png,0,Common
sv01-006,SVI,SV,006,Cacturne,https://assets.tcgdex.net/en/sv/sv01/006/high.png,0,Uncommon
sv01-007,SVI,SV,007,Tropius,https://assets.tcgdex.net/en/sv/sv01/007/high.png,0,Common
sv01-008,SVI,SV,008,Scatterbug,https://assets.tcgdex.net/en/sv/sv01/008/high.png,0,Common
sv01-009,SVI,SV,009,Spewpa,https://assets.tcgdex.net/en/sv/sv01/009/high.png,0,Common
sv01-010,SVI,SV,010,Vivillon,https://assets.tcgdex.net/en/sv/sv01/010/high.png,0,Uncommon
sv01-011,SVI,SV,011,Skiddo,https://assets.tcgdex.net/en/sv/sv01/011/high.png,0,Common
sv01-012,SVI,SV,012,Gogoat,https://assets.tcgdex.net/en/sv/sv01/012/high.png,0,Common
sv01-013,SVI,SV,013,Sprigatito,https://assets.tcgdex.net/en/sv/sv01/013/high.png,0,Common
sv01-014,SVI,SV,014,Floragato,https://assets.tcgdex.net/en/sv/sv01/014/high.png,0,Uncommon
sv01-015,SVI,SV,015,Meowscarada,https://assets.tcgdex.net/en/sv/sv01/015/high.png,0,Rare
sv01-016,SVI,SV,016,Tarountula,https://assets.tcgdex.net/en/sv/sv01/016/high.png,0,Common
sv01-017,SVI,SV,017,Tarountula,https://assets.tcgdex.net/en/sv/sv01/017/high.png,0,Common
sv01-018,SVI,SV,018,Tarountula,https://assets.tcgdex.net/en/sv/sv01/018/high.png,0,Common
sv01-019,SVI,SV,019,Spidops ex,https://assets.tcgdex.net/en/sv/sv01/019/high.png,0,Double rare
sv01-020,SVI,SV,020,Smoliv,https://assets.tcgdex.net/en/sv/sv01/020/high.png,0,Common
sv01-021,SVI,SV,021,Smoliv,https://assets.tcgdex.net/en/sv/sv01/021/high.png,0,Common
sv01-022,SVI,SV,022,Dolliv,https://assets.tcgdex.net/en/sv/sv01/022/high.png,0,Common
sv01-023,SVI,SV,023,Arboliva,https://assets.tcgdex.net/en/sv/sv01/023/high.png,0,Rare
sv01-024,SVI,SV,024,Toedscool,https://assets.tcgdex.net/en/sv/sv01/024/high.png,0,Common
sv01-025,SVI,SV,025,Toedscool,https://assets.tcgdex.net/en/sv/sv01/025/high.png,0,Common
sv01-026,SVI,SV,026,Toedscruel,https://assets.tcgdex.net/en/sv/sv01/026/high.png,0,Uncommon
sv01-027,SVI,SV,027,Capsakid,https://assets.tcgdex.net/en/sv/sv01/027/high.png,0,Common
sv01-028,SVI,SV,028,Capsakid,https://assets.tcgdex.net/en/sv/sv01/028/high.png,0,Common
sv01-029,SVI,SV,029,Scovillain,https://assets.tcgdex.net/en/sv/sv01/029/high.png,0,Uncommon
sv01-030,SVI,SV,030,Growlithe,https://assets.tcgdex.net/en/sv/sv01/030/high.png,0,Common
sv01-031,SVI,SV,031,Growlithe,https://assets.tcgdex.net/en/sv/sv01/031/high.png,0,Common
sv01-032,SVI,SV,032,Arcanine ex,https://assets.tcgdex.net/en/sv/sv01/032/high.png,0,Double rare
sv01-033,SVI,SV,033,Houndour,https://assets.tcgdex.net/en/sv/sv01/033/high.png,0,Common
sv01-034,SVI,SV,034,Houndoom,https://assets.tcgdex.net/en/sv/sv01/034/high.png,0,Common
sv01-035,SVI,SV,035,Torkoal,https://assets.tcgdex.net/en/sv/sv01/035/high.png,0,Uncommon
sv01-036,SVI,SV,036,Fuecoco,https://assets.tcgdex.net/en/sv/sv01/036/high.png,0,Common
sv01-037,SVI,SV,037,Crocalor,https://assets.tcgdex.net/en/sv/sv01/037/high.png,0,Uncommon
sv01-038,SVI,SV,038,Skeledirge,https://assets.tcgdex.net/en/sv/sv01/038/high.png,0,Rare
sv01-039,SVI,SV,039,Charcadet,https://assets.tcgdex.net/en/sv/sv01/039/high.png,0,Common
sv01-040,SVI,SV,040,Charcadet,https://assets.tcgdex.net/en/sv/sv01/040/high.png,0,Common
sv01-041,SVI,SV,041,Armarouge,https://assets.tcgdex.net/en/sv/sv01/041/high.png,0,Rare
sv01-042,SVI,SV,042,Slowpoke,https://assets.tcgdex.net/en/sv/sv01/042/high.png,0,Common
sv01-043,SVI,SV,043,Slowbro,https://assets.tcgdex.net/en/sv/sv01/043/high.png,0,Rare
sv01-044,SVI,SV,044,Magikarp,https://assets.tcgdex.net/en/sv/sv01/044/high.png,0,Common
sv01-045,SVI,SV,045,Gyarados ex,https://assets.tcgdex.net/en/sv/sv01/045/high.png,0,Double rare
sv01-046,SVI,SV,046,Buizel,https://assets.tcgdex.net/en/sv/sv01/046/high.png,0,Common
sv01-047,SVI,SV,047,Floatzel,https://assets.tcgdex.net/en/sv/sv01/047/high.png,0,Uncommon
sv01-048,SVI,SV,048,Alomomola,https://assets.tcgdex.net/en/sv/sv01/048/high.png,0,Common
sv01-049,SVI,SV,049,Clauncher,https://assets.tcgdex.net/en/sv/sv01/049/high.png,0,Common
sv01-050,SVI,SV,050,Clawitzer,https://assets.tcgdex.net/en/sv/sv01/050/high.png,0,Common
sv01-051,SVI,SV,051,Bruxish,https://assets.tcgdex.net/en/sv/sv01/051/high.png,0,Common
sv01-052,SVI,SV,052,Quaxly,https://assets.tcgdex.net/en/sv/sv01/052/high.png,0,Common
sv01-053,SVI,SV,053,Quaxwell,https://assets.tcgdex.net/en/sv/sv01/053/high.png,0,Uncommon
sv01-054,SVI,SV,054,Quaquaval,https://assets.tcgdex.net/en/sv/sv01/054/high.png,0,Rare
sv01-055,SVI,SV,055,Wiglett,https://assets.tcgdex.net/en/sv/sv01/055/high.png,0,Common
sv01-056,SVI,SV,056,Wiglett,https://assets.tcgdex.net/en/sv/sv01/056/high.png,0,Common
sv01-057,SVI,SV,057,Wugtrio,https://assets.tcgdex.net/en/sv/sv01/057/high.png,0,Uncommon
sv01-058,SVI,SV,058,Cetoddle,https://assets.tcgdex.net/en/sv/sv01/058/high.png,0,Common
sv01-059,SVI,SV,059,Cetoddle,https://assets.tcgdex.net/en/sv/sv01/059/high.png,0,Common
sv01-060,SVI,SV,060,Cetitan,https://assets.tcgdex.net/en/sv/sv01/060/high.png,0,Uncommon
sv01-061,SVI,SV,061,Dondozo,https://assets.tcgdex.net/en/sv/sv01/061/high.png,0,Rare
sv01-062,SVI,SV,062,Tatsugiri,https://assets.tcgdex.net/en/sv/sv01/062/high.png,0,Uncommon
sv01-063,SVI,SV,063,Magnemite,https://assets.tcgdex.net/en/sv/sv01/063/high.png,0,Common
sv01-064,SVI,SV,064,Magneton,https://assets.tcgdex.net/en/sv/sv01/064/high.png,0,Common
sv01-065,SVI,SV,065,Magnezone ex,https://assets.tcgdex.net/en/sv/sv01/065/high.png,0,Double rare
sv01-066,SVI,SV,066,Mareep,https://assets.tcgdex.net/en/sv/sv01/066/high.png,0,Common
sv01-067,SVI,SV,067,Flaaffy,https://assets.tcgdex.net/en/sv/sv01/067/high.png,0,Uncommon
sv01-068,SVI,SV,068,Pachirisu,https://assets.tcgdex.net/en/sv/sv01/068/high.png,0,Uncommon
sv01-069,SVI,SV,069,Rotom,https://assets.tcgdex.net/en/sv/sv01/069/high.png,0,Common
sv01-070,SVI,SV,070,Rotom,https://assets.tcgdex.net/en/sv/sv01/070/high.png,0,Common
sv01-071,SVI,SV,071,Toxel,https://assets.tcgdex.net/en/sv/sv01/071/high.png,0,Common
sv01-072,SVI,SV,072,Toxtricity,https://assets.tcgdex.net/en/sv/sv01/072/high.png,0,Uncommon
sv01-073,SVI,SV,073,Pawmi,https://assets.tcgdex.net/en/sv/sv01/073/high.png,0,Common
sv01-074,SVI,SV,074,Pawmi,https://assets.tcgdex.net/en/sv/sv01/074/high.png,0,Common
sv01-075,SVI,SV,075,Pawmo,https://assets.tcgdex.net/en/sv/sv01/075/high.png,0,Common
sv01-076,SVI,SV,076,Pawmot,https://assets.tcgdex.net/en/sv/sv01/076/high.png,0,Rare
sv01-077,SVI,SV,077,Wattrel,https://assets.tcgdex.net/en/sv/sv01/077/high.png,0,Common
sv01-078,SVI,SV,078,Wattrel,https://assets.tcgdex.net/en/sv/sv01/078/high.png,0,Common
sv01-079,SVI,SV,079,Kilowattrel,https://assets.tcgdex.net/en/sv/sv01/079/high.png,0,Uncommon
sv01-080,SVI,SV,080,Miraidon,https://assets.tcgdex.net/en/sv/sv01/080/high.png,0,Rare
sv01-081,SVI,SV,081,Miraidon ex,https://assets.tcgdex.net/en/sv/sv01/081/high.png,0,Double rare
sv01-082,SVI,SV,082,Drowzee,https://assets.tcgdex.net/en/sv/sv01/082/high.png,0,Common
sv01-083,SVI,SV,083,Hypno,https://assets.tcgdex.net/en/sv/sv01/083/high.png,0,Uncommon
sv01-084,SVI,SV,084,Ralts,https://assets.tcgdex.net/en/sv/sv01/084/high.png,0,Common
sv01-085,SVI,SV,085,Kirlia,https://assets.tcgdex.net/en/sv/sv01/085/high.png,0,Common
sv01-086,SVI,SV,086,Gardevoir ex,https://assets.tcgdex.net/en/sv/sv01/086/high.png,0,Double rare
sv01-087,SVI,SV,087,Shuppet,https://assets.tcgdex.net/en/sv/sv01/087/high.png,0,Common
sv01-088,SVI,SV,088,Banette ex,https://assets.tcgdex.net/en/sv/sv01/088/high.png,0,Double rare
sv01-089,SVI,SV,089,Drifloon,https://assets.tcgdex.net/en/sv/sv01/089/high.png,0,Common
sv01-090,SVI,SV,090,Drifblim,https://assets.tcgdex.net/en/sv/sv01/090/high.png,0,Uncommon
sv01-091,SVI,SV,091,Flabébé,https://assets.tcgdex.net/en/sv/sv01/091/high.png,0,Common
sv01-092,SVI,SV,092,Floette,https://assets.tcgdex.net/en/sv/sv01/092/high.png,0,Common
sv01-093,SVI,SV,093,Florges,https://assets.tcgdex.net/en/sv/sv01/093/high.png,0,Uncommon
sv01-094,SVI,SV,094,Dedenne,https://assets.tcgdex.net/en/sv/sv01/094/high.png,0,Common
sv01-095,SVI,SV,095,Dedenne,https://assets.tcgdex.net/en/sv/sv01/095/high.png,0,Common
sv01-096,SVI,SV,096,Klefki,https://assets.tcgdex.net/en/sv/sv01/096/high.png,0,Rare
sv01-097,SVI,SV,097,Fidough,https://assets.tcgdex.net/en/sv/sv01/097/high.png,0,Common
sv01-098,SVI,SV,098,Fidough,https://assets.tcgdex.net/en/sv/sv01/098/high.png,0,Common
sv01-099,SVI,SV,099,Dachsbun,https://assets.tcgdex.net/en/sv/sv01/099/high.png,0,Uncommon
sv01-100,SVI,SV,100,Flittle,https://assets.tcgdex.net/en/sv/sv01/100/high.png,0,Common
sv01-101,SVI,SV,101,Flittle,https://assets.tcgdex.net/en/sv/sv01/101/high.png,0,Common
sv01-102,SVI,SV,102,Flittle,https://assets.tcgdex.net/en/sv/sv01/102/high.png,0,Common
sv01-103,SVI,SV,103,Espathra,https://assets.tcgdex.net/en/sv/sv01/103/high.png,0,Uncommon
sv01-104,SVI,SV,104,Greavard,https://assets.tcgdex.net/en/sv/sv01/104/high.png,0,Common
sv01-105,SVI,SV,105,Greavard,https://assets.tcgdex.net/en/sv/sv01/105/high.png,0,Common
sv01-106,SVI,SV,106,Houndstone,https://assets.tcgdex.net/en/sv/sv01/106/high.png,0,Rare
sv01-107,SVI,SV,107,Mankey,https://assets.tcgdex.net/en/sv/sv01/107/high.png,0,Common
sv01-108,SVI,SV,108,Primeape,https://assets.tcgdex.net/en/sv/sv01/108/high.png,0,Common
sv01-109,SVI,SV,109,Annihilape,https://assets.tcgdex.net/en/sv/sv01/109/high.png,0,Rare
sv01-110,SVI,SV,110,Meditite,https://assets.tcgdex.net/en/sv/sv01/110/high.png,0,Common
sv01-111,SVI,SV,111,Medicham,https://assets.tcgdex.net/en/sv/sv01/111/high.png,0,Uncommon
sv01-112,SVI,SV,112,Riolu,https://assets.tcgdex.net/en/sv/sv01/112/high.png,0,Common
sv01-113,SVI,SV,113,Riolu,https://assets.tcgdex.net/en/sv/sv01/113/high.png,0,Common
sv01-114,SVI,SV,114,Lucario,https://assets.tcgdex.net/en/sv/sv01/114/high.png,0,Uncommon
sv01-115,SVI,SV,115,Sandile,https://assets.tcgdex.net/en/sv/sv01/115/high.png,0,Common
sv01-116,SVI,SV,116,Krokorok,https://assets.tcgdex.net/en/sv/sv01/116/high.png,0,Common
sv01-117,SVI,SV,117,Krookodile,https://assets.tcgdex.net/en/sv/sv01/117/high.png,0,Uncommon
sv01-118,SVI,SV,118,Hawlucha,https://assets.tcgdex.net/en/sv/sv01/118/high.png,0,Rare
sv01-119,SVI,SV,119,Silicobra,https://assets.tcgdex.net/en/sv/sv01/119/high.png,0,Common
sv01-120,SVI,SV,120,Sandaconda,https://assets.tcgdex.net/en/sv/sv01/120/high.png,0,Uncommon
sv01-121,SVI,SV,121,Stonjourner,https://assets.tcgdex.net/en/sv/sv01/121/high.png,0,Uncommon
sv01-122,SVI,SV,122,Klawf,https://assets.tcgdex.net/en/sv/sv01/122/high.png,0,Rare
sv01-123,SVI,SV,123,Great Tusk ex,https://assets.tcgdex.net/en/sv/sv01/123/high.png,0,Double rare
sv01-124,SVI,SV,124,Koraidon,https://assets.tcgdex.net/en/sv/sv01/124/high.png,0,Rare
sv01-125,SVI,SV,125,Koraidon ex,https://assets.tcgdex.net/en/sv/sv01/125/high.png,0,Double rare
sv01-126,SVI,SV,126,Grimer,https://assets.tcgdex.net/en/sv/sv01/126/high.png,0,Common
sv01-127,SVI,SV,127,Muk,https://assets.tcgdex.net/en/sv/sv01/127/high.png,0,Uncommon
sv01-128,SVI,SV,128,Seviper,https://assets.tcgdex.net/en/sv/sv01/128/high.png,0,Common
sv01-129,SVI,SV,129,Spiritomb,https://assets.tcgdex.net/en/sv/sv01/129/high.png,0,Uncommon
sv01-130,SVI,SV,130,Croagunk,https://assets.tcgdex.net/en/sv/sv01/130/high.png,0,Common
sv01-131,SVI,SV,131,Toxicroak ex,https://assets.tcgdex.net/en/sv/sv01/131/high.png,0,Double rare
sv01-132,SVI,SV,132,Pawniard,https://assets.tcgdex.net/en/sv/sv01/132/high.png,0,Common
sv01-133,SVI,SV,133,Bisharp,https://assets.tcgdex.net/en/sv/sv01/133/high.png,0,Common
sv01-134,SVI,SV,134,Kingambit,https://assets.tcgdex.net/en/sv/sv01/134/high.png,0,Rare
sv01-135,SVI,SV,135,Maschiff,https://assets.tcgdex.net/en/sv/sv01/135/high.png,0,Common
sv01-136,SVI,SV,136,Maschiff,https://assets.tcgdex.net/en/sv/sv01/136/high.png,0,Common
sv01-137,SVI,SV,137,Mabosstiff,https://assets.tcgdex.net/en/sv/sv01/137/high.png,0,Uncommon
sv01-138,SVI,SV,138,Bombirdier,https://assets.tcgdex.net/en/sv/sv01/138/high.png,0,Uncommon
sv01-139,SVI,SV,139,Forretress,https://assets.tcgdex.net/en/sv/sv01/139/high.png,0,Uncommon
sv01-140,SVI,SV,140,Varoom,https://assets.tcgdex.net/en/sv/sv01/140/high.png,0,Common
sv01-141,SVI,SV,141,Varoom,https://assets.tcgdex.net/en/sv/sv01/141/high.png,0,Common
sv01-142,SVI,SV,142,Revavroom,https://assets.tcgdex.net/en/sv/sv01/142/high.png,0,Rare
sv01-143,SVI,SV,143,Iron Treads ex,https://assets.tcgdex.net/en/sv/sv01/143/high.png,0,Double rare
sv01-144,SVI,SV,144,Chansey,https://assets.tcgdex.net/en/sv/sv01/144/high.png,0,Common
sv01-145,SVI,SV,145,Blissey,https://assets.tcgdex.net/en/sv/sv01/145/high.png,0,Uncommon
sv01-146,SVI,SV,146,Zangoose,https://assets.tcgdex.net/en/sv/sv01/146/high.png,0,Common
sv01-147,SVI,SV,147,Zangoose,https://assets.tcgdex.net/en/sv/sv01/147/high.png,0,Uncommon
sv01-148,SVI,SV,148,Starly,https://assets.tcgdex.net/en/sv/sv01/148/high.png,0,Common
sv01-149,SVI,SV,149,Staravia,https://assets.tcgdex.net/en/sv/sv01/149/high.png,0,Common
sv01-150,SVI,SV,150,Staraptor,https://assets.tcgdex.net/en/sv/sv01/150/high.png,0,Uncommon
sv01-151,SVI,SV,151,Skwovet,https://assets.tcgdex.net/en/sv/sv01/151/high.png,0,Common
sv01-152,SVI,SV,152,Greedent,https://assets.tcgdex.net/en/sv/sv01/152/high.png,0,Uncommon
sv01-153,SVI,SV,153,Indeedee,https://assets.tcgdex.net/en/sv/sv01/153/high.png,0,Rare
sv01-154,SVI,SV,154,Lechonk,https://assets.tcgdex.net/en/sv/sv01/154/high.png,0,Common
sv01-155,SVI,SV,155,Lechonk,https://assets.tcgdex.net/en/sv/sv01/155/high.png,0,Common
sv01-156,SVI,SV,156,Lechonk,https://assets.tcgdex.net/en/sv/sv01/156/high.png,0,Common
sv01-157,SVI,SV,157,Oinkologne,https://assets.tcgdex.net/en/sv/sv01/157/high.png,0,Uncommon
sv01-158,SVI,SV,158,Oinkologne ex,https://assets.tcgdex.net/en/sv/sv01/158/high.png,0,Double rare
sv01-159,SVI,SV,159,Tandemaus,https://assets.tcgdex.net/en/sv/sv01/159/high.png,0,Common
sv01-160,SVI,SV,160,Tandemaus,https://assets.tcgdex.net/en/sv/sv01/160/high.png,0,Common
sv01-161,SVI,SV,161,Maushold,https://assets.tcgdex.net/en/sv/sv01/161/high.png,0,Uncommon
sv01-162,SVI,SV,162,Squawkabilly,https://assets.tcgdex.net/en/sv/sv01/162/high.png,0,Common
sv01-163,SVI,SV,163,Cyclizar,https://assets.tcgdex.net/en/sv/sv01/163/high.png,0,Uncommon
sv01-164,SVI,SV,164,Cyclizar,https://assets.tcgdex.net/en/sv/sv01/164/high.png,0,Rare
sv01-165,SVI,SV,165,Flamigo,https://assets.tcgdex.net/en/sv/sv01/165/high.png,0,Uncommon
sv01-199,SVI,SV,199,Tarountula,https://assets.tcgdex.net/en/sv/sv01/199/high.png,0,Illustration rare
sv01-200,SVI,SV,200,Dolliv,https://assets.tcgdex.net/en/sv/sv01/200/high.png,0,Illustration rare
sv01-201,SVI,SV,201,Toedscool,https://assets.tcgdex.net/en/sv/sv01/201/high.png,0,Illustration rare
sv01-202,SVI,SV,202,Scovillain,https://assets.tcgdex.net/en/sv/sv01/202/high.png,0,Illustration rare
sv01-203,SVI,SV,203,Armarouge,https://assets.tcgdex.net/en/sv/sv01/203/high.png,0,Illustration rare
sv01-204,SVI,SV,204,Slowpoke,https://assets.tcgdex.net/en/sv/sv01/204/high.png,0,Illustration rare
sv01-205,SVI,SV,205,Clauncher,https://assets.tcgdex.net/en/sv/sv01/205/high.png,0,Illustration rare
sv01-206,SVI,SV,206,Wiglett,https://assets.tcgdex.net/en/sv/sv01/206/high.png,0,Illustration rare
sv01-207,SVI,SV,207,Dondozo,https://assets.tcgdex.net/en/sv/sv01/207/high.png,0,Illustration rare
sv01-208,SVI,SV,208,Pachirisu,https://assets.tcgdex.net/en/sv/sv01/208/high.png,0,Illustration rare
sv01-209,SVI,SV,209,Pawmot,https://assets.tcgdex.net/en/sv/sv01/209/high.png,0,Illustration rare
sv01-210,SVI,SV,210,Drowzee,https://assets.tcgdex.net/en/sv/sv01/210/high.png,0,Illustration rare
sv01-211,SVI,SV,211,Ralts,https://assets.tcgdex.net/en/sv/sv01/211/high.png,0,Illustration rare
sv01-212,SVI,SV,212,Kirlia,https://assets.tcgdex.net/en/sv/sv01/212/high.png,0,Illustration rare
sv01-213,SVI,SV,213,Fidough,https://assets.tcgdex.net/en/sv/sv01/213/high.png,0,Illustration rare
sv01-214,SVI,SV,214,Greavard,https://assets.tcgdex.net/en/sv/sv01/214/high.png,0,Illustration rare
sv01-215,SVI,SV,215,Riolu,https://assets.tcgdex.net/en/sv/sv01/215/high.png,0,Illustration rare
sv01-216,SVI,SV,216,Sandile,https://assets.tcgdex.net/en/sv/sv01/216/high.png,0,Illustration rare
sv01-217,SVI,SV,217,Klawf,https://assets.tcgdex.net/en/sv/sv01/217/high.png,0,Illustration rare
sv01-218,SVI,SV,218,Mabosstiff,https://assets.tcgdex.net/en/sv/sv01/218/high.png,0,Illustration rare
sv01-219,SVI,SV,219,Bombirdier,https://assets.tcgdex.net/en/sv/sv01/219/high.png,0,Illustration rare
sv01-220,SVI,SV,220,Kingambit,https://assets.tcgdex.net/en/sv/sv01/220/high.png,0,Illustration rare
sv01-221,SVI,SV,221,Starly,https://assets.tcgdex.net/en/sv/sv01/221/high.png,0,Illustration rare
sv01-222,SVI,SV,222,Skwovet,https://assets.tcgdex.net/en/sv/sv01/222/high.png,0,Illustration rare
sv01-223,SVI,SV,223,Spidops ex,https://assets.tcgdex.net/en/sv/sv01/223/high.png,0,Ultra Rare
sv01-224,SVI,SV,224,Arcanine ex,https://assets.tcgdex.net/en/sv/sv01/224/high.png,0,Ultra Rare
sv01-225,SVI,SV,225,Gyarados ex,https://assets.tcgdex.net/en/sv/sv01/225/high.png,0,Ultra Rare
sv01-226,SVI,SV,226,Magnezone ex,https://assets.tcgdex.net/en/sv/sv01/226/high.png,0,Ultra Rare
sv01-227,SVI,SV,227,Miraidon ex,https://assets.tcgdex.net/en/sv/sv01/227/high.png,0,Ultra Rare
sv01-228,SVI,SV,228,Gardevoir ex,https://assets.tcgdex.net/en/sv/sv01/228/high.png,0,Ultra Rare
sv01-229,SVI,SV,229,Banette ex,https://assets.tcgdex.net/en/sv/sv01/229/high.png,0,Ultra Rare
sv01-230,SVI,SV,230,Great Tusk ex,https://assets.tcgdex.net/en/sv/sv01/230/high.png,0,Ultra Rare
sv01-231,SVI,SV,231,Koraidon ex,https://assets.tcgdex.net/en/sv/sv01/231/high.png,0,Ultra Rare
sv01-232,SVI,SV,232,Toxicroak ex,https://assets.tcgdex.net/en/sv/sv01/232/high.png,0,Ultra Rare
sv01-233,SVI,SV,233,Iron Treads ex,https://assets.tcgdex.net/en/sv/sv01/233/high.png,0,Ultra Rare
sv01-234,SVI,SV,234,Oinkologne ex,https://assets.tcgdex.net/en/sv/sv01/234/high.png,0,Ultra Rare
sv01-243,SVI,SV,243,Spidops ex,https://assets.tcgdex.net/en/sv/sv01/243/high.png,0,Special illustration rare
sv01-244,SVI,SV,244,Miraidon ex,https://assets.tcgdex.net/en/sv/sv01/244/high.png,0,Special illustration rare
sv01-245,SVI,SV,245,Gardevoir ex,https://assets.tcgdex.net/en/sv/sv01/245/high.png,0,Special illustration rare
sv01-246,SVI,SV,246,Great Tusk ex,https://assets.tcgdex.net/en/sv/sv01/246/high.png,0,Special illustration rare
sv01-247,SVI,SV,247,Koraidon ex,https://assets.tcgdex.net/en/sv/sv01/247/high.png,0,Special illustration rare
sv01-248,SVI,SV,248,Iron Treads ex,https://assets.tcgdex.net/en/sv/sv01/248/high.png,0,Special illustration rare
sv01-253,SVI,SV,253,Miraidon ex,https://assets.tcgdex.net/en/sv/sv01/253/high.png,0,Hyper rare
sv01-254,SVI,SV,254,Koraidon ex,https://assets.tcgdex.net/en/sv/sv01/254/high.png,0,Hyper rare
sv02-001,PAL,SV,001,Hoppip,https://assets.tcgdex.net/en/sv/sv02/001/high.png,0,Common
sv02-002,PAL,SV,002,Skiploom,https://assets.tcgdex.net/en/sv/sv02/002/high.png,0,Uncommon
sv02-003,PAL,SV,003,Jumpluff,https://assets.tcgdex.net/en/sv/sv02/003/high.png,0,Rare
sv02-004,PAL,SV,004,Pineco,https://assets.tcgdex.net/en/sv/sv02/004/high.png,0,Common
sv02-005,PAL,SV,005,Forretress ex,https://assets.tcgdex.net/en/sv/sv02/005/high.png,0,Double rare
sv02-006,PAL,SV,006,Heracross,https://assets.tcgdex.net/en/sv/sv02/006/high.png,0,Uncommon
sv02-007,PAL,SV,007,Tropius,https://assets.tcgdex.net/en/sv/sv02/007/high.png,0,Common
sv02-008,PAL,SV,008,Combee,https://assets.tcgdex.net/en/sv/sv02/008/high.png,0,Common
sv02-009,PAL,SV,009,Vespiquen,https://assets.tcgdex.net/en/sv/sv02/009/high.png,0,Uncommon
sv02-010,PAL,SV,010,Snover,https://assets.tcgdex.net/en/sv/sv02/010/high.png,0,Common
sv02-011,PAL,SV,011,Abomasnow,https://assets.tcgdex.net/en/sv/sv02/011/high.png,0,Rare
sv02-012,PAL,SV,012,Sprigatito,https://assets.tcgdex.net/en/sv/sv02/012/high.png,0,Common
sv02-013,PAL,SV,013,Sprigatito,https://assets.tcgdex.net/en/sv/sv02/013/high.png,0,Common
sv02-014,PAL,SV,014,Floragato,https://assets.tcgdex.net/en/sv/sv02/014/high.png,0,Uncommon
sv02-015,PAL,SV,015,Meowscarada ex,https://assets.tcgdex.net/en/sv/sv02/015/high.png,0,Double rare
sv02-016,PAL,SV,016,Tarountula,https://assets.tcgdex.net/en/sv/sv02/016/high.png,0,Common
sv02-017,PAL,SV,017,Tarountula,https://assets.tcgdex.net/en/sv/sv02/017/high.png,0,Common
sv02-018,PAL,SV,018,Spidops,https://assets.tcgdex.net/en/sv/sv02/018/high.png,0,Uncommon
sv02-019,PAL,SV,019,Nymble,https://assets.tcgdex.net/en/sv/sv02/019/high.png,0,Common
sv02-020,PAL,SV,020,Nymble,https://assets.tcgdex.net/en/sv/sv02/020/high.png,0,Common
sv02-021,PAL,SV,021,Lokix,https://assets.tcgdex.net/en/sv/sv02/021/high.png,0,Rare
sv02-022,PAL,SV,022,Bramblin,https://assets.tcgdex.net/en/sv/sv02/022/high.png,0,Common
sv02-023,PAL,SV,023,Bramblin,https://assets.tcgdex.net/en/sv/sv02/023/high.png,0,Common
sv02-024,PAL,SV,024,Brambleghast,https://assets.tcgdex.net/en/sv/sv02/024/high.png,0,Uncommon
sv02-025,PAL,SV,025,Rellor,https://assets.tcgdex.net/en/sv/sv02/025/high.png,0,Common
sv02-026,PAL,SV,026,Rellor,https://assets.tcgdex.net/en/sv/sv02/026/high.png,0,Common
sv02-027,PAL,SV,027,Wo-Chien ex,https://assets.tcgdex.net/en/sv/sv02/027/high.png,0,Double rare
sv02-028,PAL,SV,028,Paldean Tauros,https://assets.tcgdex.net/en/sv/sv02/028/high.png,0,Uncommon
sv02-029,PAL,SV,029,Fletchinder,https://assets.tcgdex.net/en/sv/sv02/029/high.png,0,Uncommon
sv02-030,PAL,SV,030,Talonflame,https://assets.tcgdex.net/en/sv/sv02/030/high.png,0,Uncommon
sv02-031,PAL,SV,031,Litleo,https://assets.tcgdex.net/en/sv/sv02/031/high.png,0,Common
sv02-032,PAL,SV,032,Pyroar,https://assets.tcgdex.net/en/sv/sv02/032/high.png,0,Uncommon
sv02-033,PAL,SV,033,Oricorio,https://assets.tcgdex.net/en/sv/sv02/033/high.png,0,Rare
sv02-034,PAL,SV,034,Fuecoco,https://assets.tcgdex.net/en/sv/sv02/034/high.png,0,Common
sv02-035,PAL,SV,035,Fuecoco,https://assets.tcgdex.net/en/sv/sv02/035/high.png,0,Common
sv02-036,PAL,SV,036,Crocalor,https://assets.tcgdex.net/en/sv/sv02/036/high.png,0,Uncommon
sv02-037,PAL,SV,037,Skeledirge ex,https://assets.tcgdex.net/en/sv/sv02/037/high.png,0,Double rare
sv02-038,PAL,SV,038,Charcadet,https://assets.tcgdex.net/en/sv/sv02/038/high.png,0,Common
sv02-039,PAL,SV,039,Charcadet,https://assets.tcgdex.net/en/sv/sv02/039/high.png,0,Common
sv02-040,PAL,SV,040,Chi-Yu ex,https://assets.tcgdex.net/en/sv/sv02/040/high.png,0,Double rare
sv02-041,PAL,SV,041,Paldean Tauros,https://assets.tcgdex.net/en/sv/sv02/041/high.png,0,Uncommon
sv02-042,PAL,SV,042,Magikarp,https://assets.tcgdex.net/en/sv/sv02/042/high.png,0,Common
sv02-043,PAL,SV,043,Gyarados,https://assets.tcgdex.net/en/sv/sv02/043/high.png,0,Rare
sv02-044,PAL,SV,044,Marill,https://assets.tcgdex.net/en/sv/sv02/044/high.png,0,Common
sv02-045,PAL,SV,045,Azumarill,https://assets.tcgdex.net/en/sv/sv02/045/high.png,0,Uncommon
sv02-046,PAL,SV,046,Delibird,https://assets.tcgdex.net/en/sv/sv02/046/high.png,0,Common
sv02-047,PAL,SV,047,Luvdisc,https://assets.tcgdex.net/en/sv/sv02/047/high.png,0,Common
sv02-048,PAL,SV,048,Eiscue,https://assets.tcgdex.net/en/sv/sv02/048/high.png,0,Uncommon
sv02-049,PAL,SV,049,Quaxly,https://assets.tcgdex.net/en/sv/sv02/049/high.png,0,Common
sv02-050,PAL,SV,050,Quaxly,https://assets.tcgdex.net/en/sv/sv02/050/high.png,0,Common
sv02-051,PAL,SV,051,Quaxwell,https://assets.tcgdex.net/en/sv/sv02/051/high.png,0,Uncommon
sv02-052,PAL,SV,052,Quaquaval ex,https://assets.tcgdex.net/en/sv/sv02/052/high.png,0,Double rare
sv02-053,PAL,SV,053,Cetoddle,https://assets.tcgdex.net/en/sv/sv02/053/high.png,0,Common
sv02-054,PAL,SV,054,Cetoddle,https://assets.tcgdex.net/en/sv/sv02/054/high.png,0,Common
sv02-055,PAL,SV,055,Cetitan,https://assets.tcgdex.net/en/sv/sv02/055/high.png,0,Uncommon
sv02-056,PAL,SV,056,Veluza,https://assets.tcgdex.net/en/sv/sv02/056/high.png,0,Rare
sv02-057,PAL,SV,057,Frigibax,https://assets.tcgdex.net/en/sv/sv02/057/high.png,0,Common
sv02-058,PAL,SV,058,Frigibax,https://assets.tcgdex.net/en/sv/sv02/058/high.png,0,Common
sv02-059,PAL,SV,059,Arctibax,https://assets.tcgdex.net/en/sv/sv02/059/high.png,0,Uncommon
sv02-060,PAL,SV,060,Baxcalibur,https://assets.tcgdex.net/en/sv/sv02/060/high.png,0,Rare
sv02-061,PAL,SV,061,Chien-Pao ex,https://assets.tcgdex.net/en/sv/sv02/061/high.png,0,Double rare
sv02-062,PAL,SV,062,Pikachu,https://assets.tcgdex.net/en/sv/sv02/062/high.png,0,Common
sv02-063,PAL,SV,063,Pikachu ex,https://assets.tcgdex.net/en/sv/sv02/063/high.png,0,Double rare
sv02-064,PAL,SV,064,Raichu,https://assets.tcgdex.net/en/sv/sv02/064/high.png,0,Uncommon
sv02-065,PAL,SV,065,Magnemite,https://assets.tcgdex.net/en/sv/sv02/065/high.png,0,Common
sv02-066,PAL,SV,066,Voltorb,https://assets.tcgdex.net/en/sv/sv02/066/high.png,0,Common
sv02-067,PAL,SV,067,Electrode,https://assets.tcgdex.net/en/sv/sv02/067/high.png,0,Uncommon
sv02-068,PAL,SV,068,Shinx,https://assets.tcgdex.net/en/sv/sv02/068/high.png,0,Common
sv02-069,PAL,SV,069,Shinx,https://assets.tcgdex.net/en/sv/sv02/069/high.png,0,Common
sv02-070,PAL,SV,070,Luxio,https://assets.tcgdex.net/en/sv/sv02/070/high.png,0,Uncommon
sv02-071,PAL,SV,071,Luxray,https://assets.tcgdex.net/en/sv/sv02/071/high.png,0,Rare
sv02-072,PAL,SV,072,Pincurchin,https://assets.tcgdex.net/en/sv/sv02/072/high.png,0,Common
sv02-073,PAL,SV,073,Pincurchin,https://assets.tcgdex.net/en/sv/sv02/073/high.png,0,Uncommon
sv02-074,PAL,SV,074,Pawmi,https://assets.tcgdex.net/en/sv/sv02/074/high.png,0,Common
sv02-075,PAL,SV,075,Pawmo,https://assets.tcgdex.net/en/sv/sv02/075/high.png,0,Uncommon
sv02-076,PAL,SV,076,Pawmot,https://assets.tcgdex.net/en/sv/sv02/076/high.png,0,Rare
sv02-077,PAL,SV,077,Tadbulb,https://assets.tcgdex.net/en/sv/sv02/077/high.png,0,Common
sv02-078,PAL,SV,078,Tadbulb,https://assets.tcgdex.net/en/sv/sv02/078/high.png,0,Common
sv02-079,PAL,SV,079,Bellibolt ex,https://assets.tcgdex.net/en/sv/sv02/079/high.png,0,Double rare
sv02-080,PAL,SV,080,Wattrel,https://assets.tcgdex.net/en/sv/sv02/080/high.png,0,Common
sv02-081,PAL,SV,081,Wattrel,https://assets.tcgdex.net/en/sv/sv02/081/high.png,0,Common
sv02-082,PAL,SV,082,Kilowattrel,https://assets.tcgdex.net/en/sv/sv02/082/high.png,0,Uncommon
sv02-083,PAL,SV,083,Jigglypuff,https://assets.tcgdex.net/en/sv/sv02/083/high.png,0,Common
sv02-084,PAL,SV,084,Wigglytuff,https://assets.tcgdex.net/en/sv/sv02/084/high.png,0,Rare
sv02-085,PAL,SV,085,Slowpoke,https://assets.tcgdex.net/en/sv/sv02/085/high.png,0,Common
sv02-086,PAL,SV,086,Slowking ex,https://assets.tcgdex.net/en/sv/sv02/086/high.png,0,Double rare
sv02-087,PAL,SV,087,Misdreavus,https://assets.tcgdex.net/en/sv/sv02/087/high.png,0,Common
sv02-088,PAL,SV,088,Mismagius,https://assets.tcgdex.net/en/sv/sv02/088/high.png,0,Uncommon
sv02-089,PAL,SV,089,Spiritomb,https://assets.tcgdex.net/en/sv/sv02/089/high.png,0,Rare
sv02-090,PAL,SV,090,Gothita,https://assets.tcgdex.net/en/sv/sv02/090/high.png,0,Common
sv02-091,PAL,SV,091,Gothorita,https://assets.tcgdex.net/en/sv/sv02/091/high.png,0,Uncommon
sv02-092,PAL,SV,092,Gothitelle,https://assets.tcgdex.net/en/sv/sv02/092/high.png,0,Uncommon
sv02-093,PAL,SV,093,Dedenne ex,https://assets.tcgdex.net/en/sv/sv02/093/high.png,0,Double rare
sv02-094,PAL,SV,094,Oranguru,https://assets.tcgdex.net/en/sv/sv02/094/high.png,0,Uncommon
sv02-095,PAL,SV,095,Sandygast,https://assets.tcgdex.net/en/sv/sv02/095/high.png,0,Common
sv02-096,PAL,SV,096,Palossand,https://assets.tcgdex.net/en/sv/sv02/096/high.png,0,Uncommon
sv02-097,PAL,SV,097,Mimikyu,https://assets.tcgdex.net/en/sv/sv02/097/high.png,0,Rare
sv02-098,PAL,SV,098,Ceruledge,https://assets.tcgdex.net/en/sv/sv02/098/high.png,0,Rare
sv02-099,PAL,SV,099,Rabsca,https://assets.tcgdex.net/en/sv/sv02/099/high.png,0,Rare
sv02-100,PAL,SV,100,Tinkatink,https://assets.tcgdex.net/en/sv/sv02/100/high.png,0,Common
sv02-101,PAL,SV,101,Tinkatink,https://assets.tcgdex.net/en/sv/sv02/101/high.png,0,Common
sv02-102,PAL,SV,102,Tinkatink,https://assets.tcgdex.net/en/sv/sv02/102/high.png,0,Common
sv02-103,PAL,SV,103,Tinkatuff,https://assets.tcgdex.net/en/sv/sv02/103/high.png,0,Uncommon
sv02-104,PAL,SV,104,Tinkatuff,https://assets.tcgdex.net/en/sv/sv02/104/high.png,0,Uncommon
sv02-105,PAL,SV,105,Tinkaton,https://assets.tcgdex.net/en/sv/sv02/105/high.png,0,Rare
sv02-106,PAL,SV,106,Mankey,https://assets.tcgdex.net/en/sv/sv02/106/high.png,0,Common
sv02-107,PAL,SV,107,Primeape,https://assets.tcgdex.net/en/sv/sv02/107/high.png,0,Uncommon
sv02-108,PAL,SV,108,Paldean Tauros,https://assets.tcgdex.net/en/sv/sv02/108/high.png,0,Uncommon
sv02-109,PAL,SV,109,Sudowoodo,https://assets.tcgdex.net/en/sv/sv02/109/high.png,0,Uncommon
sv02-110,PAL,SV,110,Larvitar,https://assets.tcgdex.net/en/sv/sv02/110/high.png,0,Common
sv02-111,PAL,SV,111,Pupitar,https://assets.tcgdex.net/en/sv/sv02/111/high.png,0,Uncommon
sv02-112,PAL,SV,112,Makuhita,https://assets.tcgdex.net/en/sv/sv02/112/high.png,0,Common
sv02-113,PAL,SV,113,Hariyama,https://assets.tcgdex.net/en/sv/sv02/113/high.png,0,Rare
sv02-114,PAL,SV,114,Croagunk,https://assets.tcgdex.net/en/sv/sv02/114/high.png,0,Common
sv02-115,PAL,SV,115,Toxicroak,https://assets.tcgdex.net/en/sv/sv02/115/high.png,0,Uncommon
sv02-116,PAL,SV,116,Rockruff,https://assets.tcgdex.net/en/sv/sv02/116/high.png,0,Common
sv02-117,PAL,SV,117,Lycanroc ex,https://assets.tcgdex.net/en/sv/sv02/117/high.png,0,Double rare
sv02-118,PAL,SV,118,Passimian,https://assets.tcgdex.net/en/sv/sv02/118/high.png,0,Uncommon
sv02-119,PAL,SV,119,Falinks,https://assets.tcgdex.net/en/sv/sv02/119/high.png,0,Common
sv02-120,PAL,SV,120,Nacli,https://assets.tcgdex.net/en/sv/sv02/120/high.png,0,Common
sv02-121,PAL,SV,121,Nacli,https://assets.tcgdex.net/en/sv/sv02/121/high.png,0,Common
sv02-122,PAL,SV,122,Naclstack,https://assets.tcgdex.net/en/sv/sv02/122/high.png,0,Uncommon
sv02-123,PAL,SV,123,Garganacl,https://assets.tcgdex.net/en/sv/sv02/123/high.png,0,Rare
sv02-124,PAL,SV,124,Glimmet,https://assets.tcgdex.net/en/sv/sv02/124/high.png,0,Common
sv02-125,PAL,SV,125,Glimmet,https://assets.tcgdex.net/en/sv/sv02/125/high.png,0,Common
sv02-126,PAL,SV,126,Glimmora,https://assets.tcgdex.net/en/sv/sv02/126/high.png,0,Rare
sv02-127,PAL,SV,127,Ting-Lu ex,https://assets.tcgdex.net/en/sv/sv02/127/high.png,0,Double rare
sv02-128,PAL,SV,128,Paldean Wooper,https://assets.tcgdex.net/en/sv/sv02/128/high.png,0,Common
sv02-129,PAL,SV,129,Paldean Wooper,https://assets.tcgdex.net/en/sv/sv02/129/high.png,0,Common
sv02-130,PAL,SV,130,Paldean Clodsire ex,https://assets.tcgdex.net/en/sv/sv02/130/high.png,0,Double rare
sv02-131,PAL,SV,131,Murkrow,https://assets.tcgdex.net/en/sv/sv02/131/high.png,0,Common
sv02-132,PAL,SV,132,Honchkrow,https://assets.tcgdex.net/en/sv/sv02/132/high.png,0,Uncommon
sv02-133,PAL,SV,133,Sneasel,https://assets.tcgdex.net/en/sv/sv02/133/high.png,0,Common
sv02-134,PAL,SV,134,Weavile,https://assets.tcgdex.net/en/sv/sv02/134/high.png,0,Rare
sv02-135,PAL,SV,135,Tyranitar,https://assets.tcgdex.net/en/sv/sv02/135/high.png,0,Rare
sv02-136,PAL,SV,136,Sableye,https://assets.tcgdex.net/en/sv/sv02/136/high.png,0,Rare
sv02-137,PAL,SV,137,Seviper,https://assets.tcgdex.net/en/sv/sv02/137/high.png,0,Uncommon
sv02-138,PAL,SV,138,Deino,https://assets.tcgdex.net/en/sv/sv02/138/high.png,0,Common
sv02-139,PAL,SV,139,Zweilous,https://assets.tcgdex.net/en/sv/sv02/139/high.png,0,Uncommon
sv02-140,PAL,SV,140,Hydreigon,https://assets.tcgdex.net/en/sv/sv02/140/high.png,0,Rare
sv02-141,PAL,SV,141,Maschiff,https://assets.tcgdex.net/en/sv/sv02/141/high.png,0,Common
sv02-142,PAL,SV,142,Maschiff,https://assets.tcgdex.net/en/sv/sv02/142/high.png,0,Common
sv02-143,PAL,SV,143,Mabosstiff,https://assets.tcgdex.net/en/sv/sv02/143/high.png,0,Uncommon
sv02-144,PAL,SV,144,Shroodle,https://assets.tcgdex.net/en/sv/sv02/144/high.png,0,Common
sv02-145,PAL,SV,145,Shroodle,https://assets.tcgdex.net/en/sv/sv02/145/high.png,0,Common
sv02-146,PAL,SV,146,Grafaiai,https://assets.tcgdex.net/en/sv/sv02/146/high.png,0,Uncommon
sv02-147,PAL,SV,147,Bombirdier,https://assets.tcgdex.net/en/sv/sv02/147/high.png,0,Uncommon
sv02-148,PAL,SV,148,Corviknight,https://assets.tcgdex.net/en/sv/sv02/148/high.png,0,Uncommon
sv02-149,PAL,SV,149,Cufant,https://assets.tcgdex.net/en/sv/sv02/149/high.png,0,Common
sv02-150,PAL,SV,150,Copperajah ex,https://assets.tcgdex.net/en/sv/sv02/150/high.png,0,Double rare
sv02-151,PAL,SV,151,Orthworm,https://assets.tcgdex.net/en/sv/sv02/151/high.png,0,Rare
sv02-152,PAL,SV,152,Noibat,https://assets.tcgdex.net/en/sv/sv02/152/high.png,0,Common
sv02-153,PAL,SV,153,Noivern ex,https://assets.tcgdex.net/en/sv/sv02/153/high.png,0,Double rare
sv02-154,PAL,SV,154,Girafarig,https://assets.tcgdex.net/en/sv/sv02/154/high.png,0,Common
sv02-155,PAL,SV,155,Farigiraf,https://assets.tcgdex.net/en/sv/sv02/155/high.png,0,Uncommon
sv02-156,PAL,SV,156,Dunsparce,https://assets.tcgdex.net/en/sv/sv02/156/high.png,0,Common
sv02-157,PAL,SV,157,Dudunsparce,https://assets.tcgdex.net/en/sv/sv02/157/high.png,0,Uncommon
sv02-158,PAL,SV,158,Wingull,https://assets.tcgdex.net/en/sv/sv02/158/high.png,0,Common
sv02-159,PAL,SV,159,Pelipper,https://assets.tcgdex.net/en/sv/sv02/159/high.png,0,Uncommon
sv02-160,PAL,SV,160,Slakoth,https://assets.tcgdex.net/en/sv/sv02/160/high.png,0,Common
sv02-161,PAL,SV,161,Vigoroth,https://assets.tcgdex.net/en/sv/sv02/161/high.png,0,Uncommon
sv02-162,PAL,SV,162,Slaking,https://assets.tcgdex.net/en/sv/sv02/162/high.png,0,Rare
sv02-163,PAL,SV,163,Fletchling,https://assets.tcgdex.net/en/sv/sv02/163/high.png,0,Common
sv02-164,PAL,SV,164,Rookidee,https://assets.tcgdex.net/en/sv/sv02/164/high.png,0,Common
sv02-165,PAL,SV,165,Corvisquire,https://assets.tcgdex.net/en/sv/sv02/165/high.png,0,Uncommon
sv02-166,PAL,SV,166,Tandemaus,https://assets.tcgdex.net/en/sv/sv02/166/high.png,0,Common
sv02-167,PAL,SV,167,Tandemaus,https://assets.tcgdex.net/en/sv/sv02/167/high.png,0,Common
sv02-168,PAL,SV,168,Maushold,https://assets.tcgdex.net/en/sv/sv02/168/high.png,0,Uncommon
sv02-169,PAL,SV,169,Squawkabilly ex,https://assets.tcgdex.net/en/sv/sv02/169/high.png,0,Double rare
sv02-170,PAL,SV,170,Flamigo,https://assets.tcgdex.net/en/sv/sv02/170/high.png,0,Uncommon
sv02-194,PAL,SV,194,Heracross,https://assets.tcgdex.net/en/sv/sv02/194/high.png,0,Illustration rare
sv02-195,PAL,SV,195,Tropius,https://assets.tcgdex.net/en/sv/sv02/195/high.png,0,Illustration rare
sv02-196,PAL,SV,196,Sprigatito,https://assets.tcgdex.net/en/sv/sv02/196/high.png,0,Illustration rare
sv02-197,PAL,SV,197,Floragato,https://assets.tcgdex.net/en/sv/sv02/197/high.png,0,Illustration rare
sv02-198,PAL,SV,198,Bramblin,https://assets.tcgdex.net/en/sv/sv02/198/high.png,0,Illustration rare
sv02-199,PAL,SV,199,Fletchinder,https://assets.tcgdex.net/en/sv/sv02/199/high.png,0,Illustration rare
sv02-200,PAL,SV,200,Pyroar,https://assets.tcgdex.net/en/sv/sv02/200/high.png,0,Illustration rare
sv02-201,PAL,SV,201,Fuecoco,https://assets.tcgdex.net/en/sv/sv02/201/high.png,0,Illustration rare
sv02-202,PAL,SV,202,Crocalor,https://assets.tcgdex.net/en/sv/sv02/202/high.png,0,Illustration rare
sv02-203,PAL,SV,203,Magikarp,https://assets.tcgdex.net/en/sv/sv02/203/high.png,0,Illustration rare
sv02-204,PAL,SV,204,Marill,https://assets.tcgdex.net/en/sv/sv02/204/high.png,0,Illustration rare
sv02-205,PAL,SV,205,Eiscue,https://assets.tcgdex.net/en/sv/sv02/205/high.png,0,Illustration rare
sv02-206,PAL,SV,206,Quaxly,https://assets.tcgdex.net/en/sv/sv02/206/high.png,0,Illustration rare
sv02-207,PAL,SV,207,Quaxwell,https://assets.tcgdex.net/en/sv/sv02/207/high.png,0,Illustration rare
sv02-208,PAL,SV,208,Frigibax,https://assets.tcgdex.net/en/sv/sv02/208/high.png,0,Illustration rare
sv02-209,PAL,SV,209,Arctibax,https://assets.tcgdex.net/en/sv/sv02/209/high.png,0,Illustration rare
sv02-210,PAL,SV,210,Baxcalibur,https://assets.tcgdex.net/en/sv/sv02/210/high.png,0,Illustration rare
sv02-211,PAL,SV,211,Raichu,https://assets.tcgdex.net/en/sv/sv02/211/high.png,0,Illustration rare
sv02-212,PAL,SV,212,Mismagius,https://assets.tcgdex.net/en/sv/sv02/212/high.png,0,Illustration rare
sv02-213,PAL,SV,213,Gothorita,https://assets.tcgdex.net/en/sv/sv02/213/high.png,0,Illustration rare
sv02-214,PAL,SV,214,Sandygast,https://assets.tcgdex.net/en/sv/sv02/214/high.png,0,Illustration rare
sv02-215,PAL,SV,215,Rabsca,https://assets.tcgdex.net/en/sv/sv02/215/high.png,0,Illustration rare
sv02-216,PAL,SV,216,Tinkatink,https://assets.tcgdex.net/en/sv/sv02/216/high.png,0,Illustration rare
sv02-217,PAL,SV,217,Tinkatuff,https://assets.tcgdex.net/en/sv/sv02/217/high.png,0,Illustration rare
sv02-218,PAL,SV,218,Paldean Tauros,https://assets.tcgdex.net/en/sv/sv02/218/high.png,0,Illustration rare
sv02-219,PAL,SV,219,Sudowoodo,https://assets.tcgdex.net/en/sv/sv02/219/high.png,0,Illustration rare
sv02-220,PAL,SV,220,Nacli,https://assets.tcgdex.net/en/sv/sv02/220/high.png,0,Illustration rare
sv02-221,PAL,SV,221,Paldean Wooper,https://assets.tcgdex.net/en/sv/sv02/221/high.png,0,Illustration rare
sv02-222,PAL,SV,222,Tyranitar,https://assets.tcgdex.net/en/sv/sv02/222/high.png,0,Illustration rare
sv02-223,PAL,SV,223,Grafaiai,https://assets.tcgdex.net/en/sv/sv02/223/high.png,0,Illustration rare
sv02-224,PAL,SV,224,Orthworm,https://assets.tcgdex.net/en/sv/sv02/224/high.png,0,Illustration rare
sv02-225,PAL,SV,225,Rookidee,https://assets.tcgdex.net/en/sv/sv02/225/high.png,0,Illustration rare
sv02-226,PAL,SV,226,Maushold,https://assets.tcgdex.net/en/sv/sv02/226/high.png,0,Illustration rare
sv02-227,PAL,SV,227,Flamigo,https://assets.tcgdex.net/en/sv/sv02/227/high.png,0,Illustration rare
sv02-228,PAL,SV,228,Farigiraf,https://assets.tcgdex.net/en/sv/sv02/228/high.png,0,Illustration rare
sv02-229,PAL,SV,229,Dudunsparce,https://assets.tcgdex.net/en/sv/sv02/229/high.png,0,Illustration rare
sv02-230,PAL,SV,230,Forretress ex,https://assets.tcgdex.net/en/sv/sv02/230/high.png,0,Ultra Rare
sv02-231,PAL,SV,231,Meowscarada ex,https://assets.tcgdex.net/en/sv/sv02/231/high.png,0,Ultra Rare
sv02-232,PAL,SV,232,Wo-Chien ex,https://assets.tcgdex.net/en/sv/sv02/232/high.png,0,Ultra Rare
sv02-233,PAL,SV,233,Skeledirge ex,https://assets.tcgdex.net/en/sv/sv02/233/high.png,0,Ultra Rare
sv02-234,PAL,SV,234,Chi-Yu ex,https://assets.tcgdex.net/en/sv/sv02/234/high.png,0,Ultra Rare
sv02-235,PAL,SV,235,Quaquaval ex,https://assets.tcgdex.net/en/sv/sv02/235/high.png,0,Ultra Rare
sv02-236,PAL,SV,236,Chien-Pao ex,https://assets.tcgdex.net/en/sv/sv02/236/high.png,0,Ultra Rare
sv02-237,PAL,SV,237,Bellibolt ex,https://assets.tcgdex.net/en/sv/sv02/237/high.png,0,Ultra Rare
sv02-238,PAL,SV,238,Slowking ex,https://assets.tcgdex.net/en/sv/sv02/238/high.png,0,Ultra Rare
sv02-239,PAL,SV,239,Dedenne ex,https://assets.tcgdex.net/en/sv/sv02/239/high.png,0,Ultra Rare
sv02-240,PAL,SV,240,Tinkaton ex,https://assets.tcgdex.net/en/sv/sv02/240/high.png,0,Ultra Rare
sv02-241,PAL,SV,241,Lycanroc ex,https://assets.tcgdex.net/en/sv/sv02/241/high.png,0,Ultra Rare
sv02-242,PAL,SV,242,Annihilape ex,https://assets.tcgdex.net/en/sv/sv02/242/high.png,0,Ultra Rare
sv02-243,PAL,SV,243,Ting-Lu ex,https://assets.tcgdex.net/en/sv/sv02/243/high.png,0,Ultra Rare
sv02-244,PAL,SV,244,Paldean Clodsire ex,https://assets.tcgdex.net/en/sv/sv02/244/high.png,0,Ultra Rare
sv02-245,PAL,SV,245,Copperajah ex,https://assets.tcgdex.net/en/sv/sv02/245/high.png,0,Ultra Rare
sv02-246,PAL,SV,246,Noivern ex,https://assets.tcgdex.net/en/sv/sv02/246/high.png,0,Ultra Rare
sv02-247,PAL,SV,247,Squawkabilly ex,https://assets.tcgdex.net/en/sv/sv02/247/high.png,0,Ultra Rare
sv02-256,PAL,SV,256,Meowscarada ex,https://assets.tcgdex.net/en/sv/sv02/256/high.png,0,Special illustration rare
sv02-257,PAL,SV,257,Wo-Chien ex,https://assets.tcgdex.net/en/sv/sv02/257/high.png,0,Special illustration rare
sv02-258,PAL,SV,258,Skeledirge ex,https://assets.tcgdex.net/en/sv/sv02/258/high.png,0,Special illustration rare
sv02-259,PAL,SV,259,Chi-Yu ex,https://assets.tcgdex.net/en/sv/sv02/259/high.png,0,Special illustration rare
sv02-260,PAL,SV,260,Quaquaval ex,https://assets.tcgdex.net/en/sv/sv02/260/high.png,0,Special illustration rare
sv02-261,PAL,SV,261,Chien-Pao ex,https://assets.tcgdex.net/en/sv/sv02/261/high.png,0,Special illustration rare
sv02-262,PAL,SV,262,Tinkaton ex,https://assets.tcgdex.net/en/sv/sv02/262/high.png,0,Special illustration rare
sv02-263,PAL,SV,263,Ting-Lu ex,https://assets.tcgdex.net/en/sv/sv02/263/high.png,0,Special illustration rare
sv02-264,PAL,SV,264,Squawkabilly ex,https://assets.tcgdex.net/en/sv/sv02/264/high.png,0,Special illustration rare
sv02-271,PAL,SV,271,Meowscarada ex,https://assets.tcgdex.net/en/sv/sv02/271/high.png,0,Hyper rare
sv02-272,PAL,SV,272,Skeledirge ex,https://assets.tcgdex.net/en/sv/sv02/272/high.png,0,Hyper rare
sv02-273,PAL,SV,273,Quaquaval ex,https://assets.tcgdex.net/en/sv/sv02/273/high.png,0,Hyper rare
sv02-274,PAL,SV,274,Chien-Pao ex,https://assets.tcgdex.net/en/sv/sv02/274/high.png,0,Hyper rare
sv02-275,PAL,SV,275,Ting-Lu ex,https://assets.tcgdex.net/en/sv/sv02/275/high.png,0,Hyper rare
sv03.5-001,MEW,SV,001,Bulbasaur,https://assets.tcgdex.net/en/sv/sv03.5/001/high.png,0,Common
sv03.5-002,MEW,SV,002,Ivysaur,https://assets.tcgdex.net/en/sv/sv03.5/002/high.png,0,Uncommon
sv03.5-003,MEW,SV,003,Venusaur ex,https://assets.tcgdex.net/en/sv/sv03.5/003/high.png,0,Double rare
sv03.5-004,MEW,SV,004,Charmander,https://assets.tcgdex.net/en/sv/sv03.5/004/high.png,0,Common
sv03.5-005,MEW,SV,005,Charmeleon,https://assets.tcgdex.net/en/sv/sv03.5/005/high.png,0,Uncommon
sv03.5-006,MEW,SV,006,Charizard ex,https://assets.tcgdex.net/en/sv/sv03.5/006/high.png,0,Double rare
sv03.5-007,MEW,SV,007,Squirtle,https://assets.tcgdex.net/en/sv/sv03.5/007/high.png,0,Common
sv03.5-008,MEW,SV,008,Wartortle,https://assets.tcgdex.net/en/sv/sv03.5/008/high.png,0,Uncommon
sv03.5-009,MEW,SV,009,Blastoise ex,https://assets.tcgdex.net/en/sv/sv03.5/009/high.png,0,Double rare
sv03.5-010,MEW,SV,010,Caterpie,https://assets.tcgdex.net/en/sv/sv03.5/010/high.png,0,Common
sv03.5-011,MEW,SV,011,Metapod,https://assets.tcgdex.net/en/sv/sv03.5/011/high.png,0,Common
sv03.5-012,MEW,SV,012,Butterfree,https://assets.tcgdex.net/en/sv/sv03.5/012/high.png,0,Uncommon
sv03.5-013,MEW,SV,013,Weedle,https://assets.tcgdex.net/en/sv/sv03.5/013/high.png,0,Common
sv03.5-014,MEW,SV,014,Kakuna,https://assets.tcgdex.net/en/sv/sv03.5/014/high.png,0,Common
sv03.5-015,MEW,SV,015,Beedrill,https://assets.tcgdex.net/en/sv/sv03.5/015/high.png,0,Rare
sv03.5-016,MEW,SV,016,Pidgey,https://assets.tcgdex.net/en/sv/sv03.5/016/high.png,0,Common
sv03.5-017,MEW,SV,017,Pidgeotto,https://assets.tcgdex.net/en/sv/sv03.5/017/high.png,0,Common
sv03.5-018,MEW,SV,018,Pidgeot,https://assets.tcgdex.net/en/sv/sv03.5/018/high.png,0,Uncommon
sv03.5-019,MEW,SV,019,Rattata,https://assets.tcgdex.net/en/sv/sv03.5/019/high.png,0,Common
sv03.5-020,MEW,SV,020,Raticate,https://assets.tcgdex.net/en/sv/sv03.5/020/high.png,0,Uncommon
sv03.5-021,MEW,SV,021,Spearow,https://assets.tcgdex.net/en/sv/sv03.5/021/high.png,0,Common
sv03.5-022,MEW,SV,022,Fearow,https://assets.tcgdex.net/en/sv/sv03.5/022/high.png,0,Uncommon
sv03.5-023,MEW,SV,023,Ekans,https://assets.tcgdex.net/en/sv/sv03.5/023/high.png,0,Common
sv03.5-024,MEW,SV,024,Arbok ex,https://assets.tcgdex.net/en/sv/sv03.5/024/high.png,0,Double rare
sv03.5-025,MEW,SV,025,Pikachu,https://assets.tcgdex.net/en/sv/sv03.5/025/high.png,0,Common
sv03.5-026,MEW,SV,026,Raichu,https://assets.tcgdex.net/en/sv/sv03.5/026/high.png,0,Rare
sv03.5-027,MEW,SV,027,Sandshrew,https://assets.tcgdex.net/en/sv/sv03.5/027/high.png,0,Common
sv03.5-028,MEW,SV,028,Sandslash,https://assets.tcgdex.net/en/sv/sv03.5/028/high.png,0,Uncommon
sv03.5-029,MEW,SV,029,Nidoran♀,https://assets.tcgdex.net/en/sv/sv03.5/029/high.png,0,Common
sv03.5-030,MEW,SV,030,Nidorina,https://assets.tcgdex.net/en/sv/sv03.5/030/high.png,0,Uncommon
sv03.5-031,MEW,SV,031,Nidoqueen,https://assets.tcgdex.net/en/sv/sv03.5/031/high.png,0,Uncommon
sv03.5-032,MEW,SV,032,Nidoran♂,https://assets.tcgdex.net/en/sv/sv03.5/032/high.png,0,Common
sv03.5-033,MEW,SV,033,Nidorino,https://assets.tcgdex.net/en/sv/sv03.5/033/high.png,0,Uncommon
sv03.5-034,MEW,SV,034,Nidoking,https://assets.tcgdex.net/en/sv/sv03.5/034/high.png,0,Rare
sv03.5-035,MEW,SV,035,Clefairy,https://assets.tcgdex.net/en/sv/sv03.5/035/high.png,0,Common
sv03.5-036,MEW,SV,036,Clefable,https://assets.tcgdex.net/en/sv/sv03.5/036/high.png,0,Uncommon
sv03.5-037,MEW,SV,037,Vulpix,https://assets.tcgdex.net/en/sv/sv03.5/037/high.png,0,Common
sv03.5-038,MEW,SV,038,Ninetales ex,https://assets.tcgdex.net/en/sv/sv03.5/038/high.png,0,Double rare
sv03.5-039,MEW,SV,039,Jigglypuff,https://assets.tcgdex.net/en/sv/sv03.5/039/high.png,0,Common
sv03.5-040,MEW,SV,040,Wigglytuff ex,https://assets.tcgdex.net/en/sv/sv03.5/040/high.png,0,Double rare
sv03.5-041,MEW,SV,041,Zubat,https://assets.tcgdex.net/en/sv/sv03.5/041/high.png,0,Common
sv03.5-042,MEW,SV,042,Golbat,https://assets.tcgdex.net/en/sv/sv03.5/042/high.png,0,Uncommon
sv03.5-043,MEW,SV,043,Oddish,https://assets.tcgdex.net/en/sv/sv03.5/043/high.png,0,Common
sv03.5-044,MEW,SV,044,Gloom,https://assets.tcgdex.net/en/sv/sv03.5/044/high.png,0,Uncommon
sv03.5-045,MEW,SV,045,Vileplume,https://assets.tcgdex.net/en/sv/sv03.5/045/high.png,0,Rare
sv03.5-046,MEW,SV,046,Paras,https://assets.tcgdex.net/en/sv/sv03.5/046/high.png,0,Common
sv03.5-047,MEW,SV,047,Parasect,https://assets.tcgdex.net/en/sv/sv03.5/047/high.png,0,Uncommon
sv03.5-048,MEW,SV,048,Venonat,https://assets.tcgdex.net/en/sv/sv03.5/048/high.png,0,Common
sv03.5-049,MEW,SV,049,Venomoth,https://assets.tcgdex.net/en/sv/sv03.5/049/high.png,0,Uncommon
sv03.5-050,MEW,SV,050,Diglett,https://assets.tcgdex.net/en/sv/sv03.5/050/high.png,0,Common
sv03.5-051,MEW,SV,051,Dugtrio,https://assets.tcgdex.net/en/sv/sv03.5/051/high.png,0,Uncommon
sv03.5-052,MEW,SV,052,Meowth,https://assets.tcgdex.net/en/sv/sv03.5/052/high.png,0,Common
sv03.5-053,MEW,SV,053,Persian,https://assets.tcgdex.net/en/sv/sv03.5/053/high.png,0,Uncommon
sv03.5-054,MEW,SV,054,Psyduck,https://assets.tcgdex.net/en/sv/sv03.5/054/high.png,0,Common
sv03.5-055,MEW,SV,055,Golduck,https://assets.tcgdex.net/en/sv/sv03.5/055/high.png,0,Uncommon
sv03.5-056,MEW,SV,056,Mankey,https://assets.tcgdex.net/en/sv/sv03.5/056/high.png,0,Common
sv03.5-057,MEW,SV,057,Primeape,https://assets.tcgdex.net/en/sv/sv03.5/057/high.png,0,Uncommon
sv03.5-058,MEW,SV,058,Growlithe,https://assets.tcgdex.net/en/sv/sv03.5/058/high.png,0,Common
sv03.5-059,MEW,SV,059,Arcanine,https://assets.tcgdex.net/en/sv/sv03.5/059/high.png,0,Uncommon
sv03.5-060,MEW,SV,060,Poliwag,https://assets.tcgdex.net/en/sv/sv03.5/060/high.png,0,Common
sv03.5-061,MEW,SV,061,Poliwhirl,https://assets.tcgdex.net/en/sv/sv03.5/061/high.png,0,Common
sv03.5-062,MEW,SV,062,Poliwrath,https://assets.tcgdex.net/en/sv/sv03.5/062/high.png,0,Uncommon
sv03.5-063,MEW,SV,063,Abra,https://assets.tcgdex.net/en/sv/sv03.5/063/high.png,0,Common
sv03.5-064,MEW,SV,064,Kadabra,https://assets.tcgdex.net/en/sv/sv03.5/064/high.png,0,Uncommon
sv03.5-065,MEW,SV,065,Alakazam ex,https://assets.tcgdex.net/en/sv/sv03.5/065/high.png,0,Double rare
sv03.5-066,MEW,SV,066,Machop,https://assets.tcgdex.net/en/sv/sv03.5/066/high.png,0,Common
sv03.5-067,MEW,SV,067,Machoke,https://assets.tcgdex.net/en/sv/sv03.5/067/high.png,0,Uncommon
sv03.5-068,MEW,SV,068,Machamp,https://assets.tcgdex.net/en/sv/sv03.5/068/high.png,0,Rare
sv03.5-069,MEW,SV,069,Bellsprout,https://assets.tcgdex.net/en/sv/sv03.5/069/high.png,0,Common
sv03.5-070,MEW,SV,070,Weepinbell,https://assets.tcgdex.net/en/sv/sv03.5/070/high.png,0,Common
sv03.5-071,MEW,SV,071,Victreebel,https://assets.tcgdex.net/en/sv/sv03.5/071/high.png,0,Uncommon
sv03.5-072,MEW,SV,072,Tentacool,https://assets.tcgdex.net/en/sv/sv03.5/072/high.png,0,Common
sv03.5-073,MEW,SV,073,Tentacruel,https://assets.tcgdex.net/en/sv/sv03.5/073/high.png,0,Uncommon
sv03.5-074,MEW,SV,074,Geodude,https://assets.tcgdex.net/en/sv/sv03.5/074/high.png,0,Common
sv03.5-075,MEW,SV,075,Graveler,https://assets.tcgdex.net/en/sv/sv03.5/075/high.png,0,Uncommon
sv03.5-076,MEW,SV,076,Golem ex,https://assets.tcgdex.net/en/sv/sv03.5/076/high.png,0,Double rare
sv03.5-077,MEW,SV,077,Ponyta,https://assets.tcgdex.net/en/sv/sv03.5/077/high.png,0,Common
sv03.5-078,MEW,SV,078,Rapidash,https://assets.tcgdex.net/en/sv/sv03.5/078/high.png,0,Uncommon
sv03.5-079,MEW,SV,079,Slowpoke,https://assets.tcgdex.net/en/sv/sv03.5/079/high.png,0,Common
sv03.5-080,MEW,SV,080,Slowbro,https://assets.tcgdex.net/en/sv/sv03.5/080/high.png,0,Uncommon
sv03.5-081,MEW,SV,081,Magnemite,https://assets.tcgdex.net/en/sv/sv03.5/081/high.png,0,Common
sv03.5-082,MEW,SV,082,Magneton,https://assets.tcgdex.net/en/sv/sv03.5/082/high.png,0,Uncommon
sv03.5-083,MEW,SV,083,Farfetch'd,https://assets.tcgdex.net/en/sv/sv03.5/083/high.png,0,Common
sv03.5-084,MEW,SV,084,Doduo,https://assets.tcgdex.net/en/sv/sv03.5/084/high.png,0,Common
sv03.5-085,MEW,SV,085,Dodrio,https://assets.tcgdex.net/en/sv/sv03.5/085/high.png,0,Rare
sv03.5-086,MEW,SV,086,Seel,https://assets.tcgdex.net/en/sv/sv03.5/086/high.png,0,Common
sv03.5-087,MEW,SV,087,Dewgong,https://assets.tcgdex.net/en/sv/sv03.5/087/high.png,0,Uncommon
sv03.5-088,MEW,SV,088,Grimer,https://assets.tcgdex.net/en/sv/sv03.5/088/high.png,0,Common
sv03.5-089,MEW,SV,089,Muk,https://assets.tcgdex.net/en/sv/sv03.5/089/high.png,0,Uncommon
sv03.5-090,MEW,SV,090,Shellder,https://assets.tcgdex.net/en/sv/sv03.5/090/high.png,0,Common
sv03.5-091,MEW,SV,091,Cloyster,https://assets.tcgdex.net/en/sv/sv03.5/091/high.png,0,Uncommon
sv03.5-092,MEW,SV,092,Gastly,https://assets.tcgdex.net/en/sv/sv03.5/092/high.png,0,Common
sv03.5-093,MEW,SV,093,Haunter,https://assets.tcgdex.net/en/sv/sv03.5/093/high.png,0,Uncommon
sv03.5-094,MEW,SV,094,Gengar,https://assets.tcgdex.net/en/sv/sv03.5/094/high.png,0,Rare
sv03.5-095,MEW,SV,095,Onix,https://assets.tcgdex.net/en/sv/sv03.5/095/high.png,0,Uncommon
sv03.5-096,MEW,SV,096,Drowzee,https://assets.tcgdex.net/en/sv/sv03.5/096/high.png,0,Common
sv03.5-097,MEW,SV,097,Hypno,https://assets.tcgdex.net/en/sv/sv03.5/097/high.png,0,Uncommon
sv03.5-098,MEW,SV,098,Krabby,https://assets.tcgdex.net/en/sv/sv03.5/098/high.png,0,Common
sv03.5-099,MEW,SV,099,Kingler,https://assets.tcgdex.net/en/sv/sv03.5/099/high.png,0,Uncommon
sv03.5-100,MEW,SV,100,Voltorb,https://assets.tcgdex.net/en/sv/sv03.5/100/high.png,0,Common
sv03.5-101,MEW,SV,101,Electrode,https://assets.tcgdex.net/en/sv/sv03.5/101/high.png,0,Rare
sv03.5-102,MEW,SV,102,Exeggcute,https://assets.tcgdex.net/en/sv/sv03.5/102/high.png,0,Common
sv03.5-103,MEW,SV,103,Exeggutor,https://assets.tcgdex.net/en/sv/sv03.5/103/high.png,0,Uncommon
sv03.5-104,MEW,SV,104,Cubone,https://assets.tcgdex.net/en/sv/sv03.5/104/high.png,0,Common
sv03.5-105,MEW,SV,105,Marowak,https://assets.tcgdex.net/en/sv/sv03.5/105/high.png,0,Rare
sv03.5-106,MEW,SV,106,Hitmonlee,https://assets.tcgdex.net/en/sv/sv03.5/106/high.png,0,Uncommon
sv03.5-107,MEW,SV,107,Hitmonchan,https://assets.tcgdex.net/en/sv/sv03.5/107/high.png,0,Uncommon
sv03.5-108,MEW,SV,108,Lickitung,https://assets.tcgdex.net/en/sv/sv03.5/108/high.png,0,Common
sv03.5-109,MEW,SV,109,Koffing,https://assets.tcgdex.net/en/sv/sv03.5/109/high.png,0,Common
sv03.5-110,MEW,SV,110,Weezing,https://assets.tcgdex.net/en/sv/sv03.5/110/high.png,0,Rare
sv03.5-111,MEW,SV,111,Rhyhorn,https://assets.tcgdex.net/en/sv/sv03.5/111/high.png,0,Common
sv03.5-112,MEW,SV,112,Rhydon,https://assets.tcgdex.net/en/sv/sv03.5/112/high.png,0,Uncommon
sv03.5-113,MEW,SV,113,Chansey,https://assets.tcgdex.net/en/sv/sv03.5/113/high.png,0,Rare
sv03.5-114,MEW,SV,114,Tangela,https://assets.tcgdex.net/en/sv/sv03.5/114/high.png,0,Common
sv03.5-115,MEW,SV,115,Kangaskhan ex,https://assets.tcgdex.net/en/sv/sv03.5/115/high.png,0,Double rare
sv03.5-116,MEW,SV,116,Horsea,https://assets.tcgdex.net/en/sv/sv03.5/116/high.png,0,Common
sv03.5-117,MEW,SV,117,Seadra,https://assets.tcgdex.net/en/sv/sv03.5/117/high.png,0,Uncommon
sv03.5-118,MEW,SV,118,Goldeen,https://assets.tcgdex.net/en/sv/sv03.5/118/high.png,0,Common
sv03.5-119,MEW,SV,119,Seaking,https://assets.tcgdex.net/en/sv/sv03.5/119/high.png,0,Uncommon
sv03.5-120,MEW,SV,120,Staryu,https://assets.tcgdex.net/en/sv/sv03.5/120/high.png,0,Common
sv03.5-121,MEW,SV,121,Starmie,https://assets.tcgdex.net/en/sv/sv03.5/121/high.png,0,Rare
sv03.5-122,MEW,SV,122,Mr. Mime,https://assets.tcgdex.net/en/sv/sv03.5/122/high.png,0,Rare
sv03.5-123,MEW,SV,123,Scyther,https://assets.tcgdex.net/en/sv/sv03.5/123/high.png,0,Uncommon
sv03.5-124,MEW,SV,124,Jynx ex,https://assets.tcgdex.net/en/sv/sv03.5/124/high.png,0,Double rare
sv03.5-125,MEW,SV,125,Electabuzz,https://assets.tcgdex.net/en/sv/sv03.5/125/high.png,0,Common
sv03.5-126,MEW,SV,126,Magmar,https://assets.tcgdex.net/en/sv/sv03.5/126/high.png,0,Common
sv03.5-127,MEW,SV,127,Pinsir,https://assets.tcgdex.net/en/sv/sv03.5/127/high.png,0,Uncommon
sv03.5-128,MEW,SV,128,Tauros,https://assets.tcgdex.net/en/sv/sv03.5/128/high.png,0,Uncommon
sv03.5-129,MEW,SV,129,Magikarp,https://assets.tcgdex.net/en/sv/sv03.5/129/high.png,0,Common
sv03.5-130,MEW,SV,130,Gyarados,https://assets.tcgdex.net/en/sv/sv03.5/130/high.png,0,Rare
sv03.5-131,MEW,SV,131,Lapras,https://assets.tcgdex.net/en/sv/sv03.5/131/high.png,0,Uncommon
sv03.5-132,MEW,SV,132,Ditto,https://assets.tcgdex.net/en/sv/sv03.5/132/high.png,0,Rare
sv03.5-133,MEW,SV,133,Eevee,https://assets.tcgdex.net/en/sv/sv03.5/133/high.png,0,Common
sv03.5-134,MEW,SV,134,Vaporeon,https://assets.tcgdex.net/en/sv/sv03.5/134/high.png,0,Rare
sv03.5-135,MEW,SV,135,Jolteon,https://assets.tcgdex.net/en/sv/sv03.5/135/high.png,0,Rare
sv03.5-136,MEW,SV,136,Flareon,https://assets.tcgdex.net/en/sv/sv03.5/136/high.png,0,Rare
sv03.5-137,MEW,SV,137,Porygon,https://assets.tcgdex.net/en/sv/sv03.5/137/high.png,0,Common
sv03.5-138,MEW,SV,138,Omanyte,https://assets.tcgdex.net/en/sv/sv03.5/138/high.png,0,Uncommon
sv03.5-139,MEW,SV,139,Omastar,https://assets.tcgdex.net/en/sv/sv03.5/139/high.png,0,Rare
sv03.5-140,MEW,SV,140,Kabuto,https://assets.tcgdex.net/en/sv/sv03.5/140/high.png,0,Uncommon
sv03.5-141,MEW,SV,141,Kabutops,https://assets.tcgdex.net/en/sv/sv03.5/141/high.png,0,Rare
sv03.5-142,MEW,SV,142,Aerodactyl,https://assets.tcgdex.net/en/sv/sv03.5/142/high.png,0,Rare
sv03.5-143,MEW,SV,143,Snorlax,https://assets.tcgdex.net/en/sv/sv03.5/143/high.png,0,Uncommon
sv03.5-144,MEW,SV,144,Articuno,https://assets.tcgdex.net/en/sv/sv03.5/144/high.png,0,Rare
sv03.5-145,MEW,SV,145,Zapdos ex,https://assets.tcgdex.net/en/sv/sv03.5/145/high.png,0,Double rare
sv03.5-146,MEW,SV,146,Moltres,https://assets.tcgdex.net/en/sv/sv03.5/146/high.png,0,Rare
sv03.5-147,MEW,SV,147,Dratini,https://assets.tcgdex.net/en/sv/sv03.5/147/high.png,0,Common
sv03.5-148,MEW,SV,148,Dragonair,https://assets.tcgdex.net/en/sv/sv03.5/148/high.png,0,Uncommon
sv03.5-149,MEW,SV,149,Dragonite,https://assets.tcgdex.net/en/sv/sv03.5/149/high.png,0,Rare
sv03.5-150,MEW,SV,150,Mewtwo,https://assets.tcgdex.net/en/sv/sv03.5/150/high.png,0,Rare
sv03.5-151,MEW,SV,151,Mew ex,https://assets.tcgdex.net/en/sv/sv03.5/151/high.png,0,Double rare
sv03.5-166,MEW,SV,166,Bulbasaur,https://assets.tcgdex.net/en/sv/sv03.5/166/high.png,0,Illustration rare
sv03.5-167,MEW,SV,167,Ivysaur,https://assets.tcgdex.net/en/sv/sv03.5/167/high.png,0,Illustration rare
sv03.5-168,MEW,SV,168,Charmander,https://assets.tcgdex.net/en/sv/sv03.5/168/high.png,0,Illustration rare
sv03.5-169,MEW,SV,169,Charmeleon,https://assets.tcgdex.net/en/sv/sv03.5/169/high.png,0,Illustration rare
sv03.5-170,MEW,SV,170,Squirtle,https://assets.tcgdex.net/en/sv/sv03.5/170/high.png,0,Illustration rare
sv03.5-171,MEW,SV,171,Wartortle,https://assets.tcgdex.net/en/sv/sv03.5/171/high.png,0,Illustration rare
sv03.5-172,MEW,SV,172,Caterpie,https://assets.tcgdex.net/en/sv/sv03.5/172/high.png,0,Illustration rare
sv03.5-173,MEW,SV,173,Pikachu,https://assets.tcgdex.net/en/sv/sv03.5/173/high.png,0,Illustration rare
sv03.5-174,MEW,SV,174,Nidoking,https://assets.tcgdex.net/en/sv/sv03.5/174/high.png,0,Illustration rare
sv03.5-175,MEW,SV,175,Psyduck,https://assets.tcgdex.net/en/sv/sv03.5/175/high.png,0,Illustration rare
sv03.5-176,MEW,SV,176,Poliwhirl,https://assets.tcgdex.net/en/sv/sv03.5/176/high.png,0,Illustration rare
sv03.5-177,MEW,SV,177,Machoke,https://assets.tcgdex.net/en/sv/sv03.5/177/high.png,0,Illustration rare
sv03.5-178,MEW,SV,178,Tangela,https://assets.tcgdex.net/en/sv/sv03.5/178/high.png,0,Illustration rare
sv03.5-179,MEW,SV,179,Mr. Mime,https://assets.tcgdex.net/en/sv/sv03.5/179/high.png,0,Illustration rare
sv03.5-180,MEW,SV,180,Omanyte,https://assets.tcgdex.net/en/sv/sv03.5/180/high.png,0,Illustration rare
sv03.5-181,MEW,SV,181,Dragonair,https://assets.tcgdex.net/en/sv/sv03.5/181/high.png,0,Illustration rare
sv03.5-182,MEW,SV,182,Venusaur ex,https://assets.tcgdex.net/en/sv/sv03.5/182/high.png,0,Ultra Rare
sv03.5-183,MEW,SV,183,Charizard ex,https://assets.tcgdex.net/en/sv/sv03.5/183/high.png,0,Ultra Rare
sv03.5-184,MEW,SV,184,Blastoise ex,https://assets.tcgdex.net/en/sv/sv03.5/184/high.png,0,Ultra Rare
sv03.5-185,MEW,SV,185,Arbok ex,https://assets.tcgdex.net/en/sv/sv03.5/185/high.png,0,Ultra Rare
sv03.5-186,MEW,SV,186,Ninetales ex,https://assets.tcgdex.net/en/sv/sv03.5/186/high.png,0,Ultra Rare
sv03.5-187,MEW,SV,187,Wigglytuff ex,https://assets.tcgdex.net/en/sv/sv03.5/187/high.png,0,Ultra Rare
sv03.5-188,MEW,SV,188,Alakazam ex,https://assets.tcgdex.net/en/sv/sv03.5/188/high.png,0,Ultra Rare
sv03.5-189,MEW,SV,189,Golem ex,https://assets.tcgdex.net/en/sv/sv03.5/189/high.png,0,Ultra Rare
sv03.5-190,MEW,SV,190,Kangaskhan ex,https://assets.tcgdex.net/en/sv/sv03.5/190/high.png,0,Ultra Rare
sv03.5-191,MEW,SV,191,Jynx ex,https://assets.tcgdex.net/en/sv/sv03.5/191/high.png,0,Ultra Rare
sv03.5-192,MEW,SV,192,Zapdos ex,https://assets.tcgdex.net/en/sv/sv03.5/192/high.png,0,Ultra Rare
sv03.5-193,MEW,SV,193,Mew ex,https://assets.tcgdex.net/en/sv/sv03.5/193/high.png,0,Ultra Rare
sv03.5-198,MEW,SV,198,Venusaur ex,https://assets.tcgdex.net/en/sv/sv03.5/198/high.png,0,Special illustration rare
sv03.5-199,MEW,SV,199,Charizard ex,https://assets.tcgdex.net/en/sv/sv03.5/199/high.png,0,Special illustration rare
sv03.5-200,MEW,SV,200,Blastoise ex,https://assets.tcgdex.net/en/sv/sv03.5/200/high.png,0,Special illustration rare
sv03.5-201,MEW,SV,201,Alakazam ex,https://assets.tcgdex.net/en/sv/sv03.5/201/high.png,0,Special illustration rare
sv03.5-202,MEW,SV,202,Zapdos ex,https://assets.tcgdex.net/en/sv/sv03.5/202/high.png,0,Special illustration rare
sv03.5-205,MEW,SV,205,Mew ex,https://assets.tcgdex.net/en/sv/sv03.5/205/high.png,0,Hyper rare
sv05-001,TEF,SV,001,Scyther,https://assets.tcgdex.net/en/sv/sv05/001/high.png,0,Common
sv05-002,TEF,SV,002,Pineco,https://assets.tcgdex.net/en/sv/sv05/002/high.png,0,Common
sv05-003,TEF,SV,003,Seedot,https://assets.tcgdex.net/en/sv/sv05/003/high.png,0,Common
sv05-004,TEF,SV,004,Nuzleaf,https://assets.tcgdex.net/en/sv/sv05/004/high.png,0,Common
sv05-005,TEF,SV,005,Shiftry,https://assets.tcgdex.net/en/sv/sv05/005/high.png,0,Uncommon
sv05-006,TEF,SV,006,Shroomish,https://assets.tcgdex.net/en/sv/sv05/006/high.png,0,Common
sv05-007,TEF,SV,007,Breloom,https://assets.tcgdex.net/en/sv/sv05/007/high.png,0,Common
sv05-008,TEF,SV,008,Roselia,https://assets.tcgdex.net/en/sv/sv05/008/high.png,0,Common
sv05-009,TEF,SV,009,Roserade,https://assets.tcgdex.net/en/sv/sv05/009/high.png,0,Uncommon
sv05-010,TEF,SV,010,Turtwig,https://assets.tcgdex.net/en/sv/sv05/010/high.png,0,Common
sv05-011,TEF,SV,011,Grotle,https://assets.tcgdex.net/en/sv/sv05/011/high.png,0,Common
sv05-012,TEF,SV,012,Torterra ex,https://assets.tcgdex.net/en/sv/sv05/012/high.png,0,Double rare
sv05-013,TEF,SV,013,Shaymin,https://assets.tcgdex.net/en/sv/sv05/013/high.png,0,Uncommon
sv05-014,TEF,SV,014,Cottonee,https://assets.tcgdex.net/en/sv/sv05/014/high.png,0,Common
sv05-015,TEF,SV,015,Whimsicott,https://assets.tcgdex.net/en/sv/sv05/015/high.png,0,Rare
sv05-016,TEF,SV,016,Deerling,https://assets.tcgdex.net/en/sv/sv05/016/high.png,0,Common
sv05-017,TEF,SV,017,Sawsbuck,https://assets.tcgdex.net/en/sv/sv05/017/high.png,0,Uncommon
sv05-018,TEF,SV,018,Grubbin,https://assets.tcgdex.net/en/sv/sv05/018/high.png,0,Common
sv05-019,TEF,SV,019,Dhelmise,https://assets.tcgdex.net/en/sv/sv05/019/high.png,0,Uncommon
sv05-020,TEF,SV,020,Bramblin,https://assets.tcgdex.net/en/sv/sv05/020/high.png,0,Common
sv05-021,TEF,SV,021,Brambleghast,https://assets.tcgdex.net/en/sv/sv05/021/high.png,0,Rare
sv05-022,TEF,SV,022,Scovillain ex,https://assets.tcgdex.net/en/sv/sv05/022/high.png,0,Double rare
sv05-023,TEF,SV,023,Rellor,https://assets.tcgdex.net/en/sv/sv05/023/high.png,0,Common
sv05-024,TEF,SV,024,Rabsca,https://assets.tcgdex.net/en/sv/sv05/024/high.png,0,Uncommon
sv05-025,TEF,SV,025,Iron Leaves ex,https://assets.tcgdex.net/en/sv/sv05/025/high.png,0,Double rare
sv05-026,TEF,SV,026,Ponyta,https://assets.tcgdex.net/en/sv/sv05/026/high.png,0,Common
sv05-027,TEF,SV,027,Rapidash,https://assets.tcgdex.net/en/sv/sv05/027/high.png,0,Uncommon
sv05-028,TEF,SV,028,Slugma,https://assets.tcgdex.net/en/sv/sv05/028/high.png,0,Common
sv05-029,TEF,SV,029,Magcargo,https://assets.tcgdex.net/en/sv/sv05/029/high.png,0,Rare
sv05-030,TEF,SV,030,Victini,https://assets.tcgdex.net/en/sv/sv05/030/high.png,0,Common
sv05-031,TEF,SV,031,Heatmor,https://assets.tcgdex.net/en/sv/sv05/031/high.png,0,Common
sv05-032,TEF,SV,032,Litten,https://assets.tcgdex.net/en/sv/sv05/032/high.png,0,Common
sv05-033,TEF,SV,033,Torracat,https://assets.tcgdex.net/en/sv/sv05/033/high.png,0,Common
sv05-034,TEF,SV,034,Incineroar ex,https://assets.tcgdex.net/en/sv/sv05/034/high.png,0,Double rare
sv05-035,TEF,SV,035,Turtonator,https://assets.tcgdex.net/en/sv/sv05/035/high.png,0,Common
sv05-036,TEF,SV,036,Sizzlipede,https://assets.tcgdex.net/en/sv/sv05/036/high.png,0,Common
sv05-037,TEF,SV,037,Centiskorch,https://assets.tcgdex.net/en/sv/sv05/037/high.png,0,Uncommon
sv05-038,TEF,SV,038,Gouging Fire ex,https://assets.tcgdex.net/en/sv/sv05/038/high.png,0,Double rare
sv05-039,TEF,SV,039,Totodile,https://assets.tcgdex.net/en/sv/sv05/039/high.png,0,Common
sv05-040,TEF,SV,040,Croconaw,https://assets.tcgdex.net/en/sv/sv05/040/high.png,0,Common
sv05-041,TEF,SV,041,Feraligatr,https://assets.tcgdex.net/en/sv/sv05/041/high.png,0,Rare
sv05-042,TEF,SV,042,Carvanha,https://assets.tcgdex.net/en/sv/sv05/042/high.png,0,Common
sv05-043,TEF,SV,043,Sharpedo,https://assets.tcgdex.net/en/sv/sv05/043/high.png,0,Uncommon
sv05-044,TEF,SV,044,Keldeo,https://assets.tcgdex.net/en/sv/sv05/044/high.png,0,Uncommon
sv05-045,TEF,SV,045,Snom,https://assets.tcgdex.net/en/sv/sv05/045/high.png,0,Common
sv05-046,TEF,SV,046,Frosmoth,https://assets.tcgdex.net/en/sv/sv05/046/high.png,0,Common
sv05-047,TEF,SV,047,Wiglett,https://assets.tcgdex.net/en/sv/sv05/047/high.png,0,Common
sv05-048,TEF,SV,048,Finizen,https://assets.tcgdex.net/en/sv/sv05/048/high.png,0,Common
sv05-049,TEF,SV,049,Palafin,https://assets.tcgdex.net/en/sv/sv05/049/high.png,0,Uncommon
sv05-050,TEF,SV,050,Walking Wake ex,https://assets.tcgdex.net/en/sv/sv05/050/high.png,0,Double rare
sv05-051,TEF,SV,051,Pikachu,https://assets.tcgdex.net/en/sv/sv05/051/high.png,0,Common
sv05-052,TEF,SV,052,Raichu,https://assets.tcgdex.net/en/sv/sv05/052/high.png,0,Common
sv05-053,TEF,SV,053,Electabuzz,https://assets.tcgdex.net/en/sv/sv05/053/high.png,0,Common
sv05-054,TEF,SV,054,Electivire,https://assets.tcgdex.net/en/sv/sv05/054/high.png,0,Uncommon
sv05-055,TEF,SV,055,Charjabug,https://assets.tcgdex.net/en/sv/sv05/055/high.png,0,Common
sv05-056,TEF,SV,056,Vikavolt,https://assets.tcgdex.net/en/sv/sv05/056/high.png,0,Uncommon
sv05-057,TEF,SV,057,Zeraora,https://assets.tcgdex.net/en/sv/sv05/057/high.png,0,Uncommon
sv05-058,TEF,SV,058,Yamper,https://assets.tcgdex.net/en/sv/sv05/058/high.png,0,Common
sv05-059,TEF,SV,059,Boltund,https://assets.tcgdex.net/en/sv/sv05/059/high.png,0,Uncommon
sv05-060,TEF,SV,060,Wugtrio ex,https://assets.tcgdex.net/en/sv/sv05/060/high.png,0,Double rare
sv05-061,TEF,SV,061,Iron Hands,https://assets.tcgdex.net/en/sv/sv05/061/high.png,0,Uncommon
sv05-062,TEF,SV,062,Iron Thorns,https://assets.tcgdex.net/en/sv/sv05/062/high.png,0,Rare
sv05-063,TEF,SV,063,Mr. Mime,https://assets.tcgdex.net/en/sv/sv05/063/high.png,0,Common
sv05-064,TEF,SV,064,Marill,https://assets.tcgdex.net/en/sv/sv05/064/high.png,0,Common
sv05-065,TEF,SV,065,Azumarill,https://assets.tcgdex.net/en/sv/sv05/065/high.png,0,Common
sv05-066,TEF,SV,066,Girafarig,https://assets.tcgdex.net/en/sv/sv05/066/high.png,0,Common
sv05-067,TEF,SV,067,Latias,https://assets.tcgdex.net/en/sv/sv05/067/high.png,0,Uncommon
sv05-068,TEF,SV,068,Bronzor,https://assets.tcgdex.net/en/sv/sv05/068/high.png,0,Common
sv05-069,TEF,SV,069,Bronzong,https://assets.tcgdex.net/en/sv/sv05/069/high.png,0,Uncommon
sv05-070,TEF,SV,070,Solosis,https://assets.tcgdex.net/en/sv/sv05/070/high.png,0,Common
sv05-071,TEF,SV,071,Duosion,https://assets.tcgdex.net/en/sv/sv05/071/high.png,0,Common
sv05-072,TEF,SV,072,Reuniclus,https://assets.tcgdex.net/en/sv/sv05/072/high.png,0,Uncommon
sv05-073,TEF,SV,073,Elgyem,https://assets.tcgdex.net/en/sv/sv05/073/high.png,0,Common
sv05-074,TEF,SV,074,Beheeyem,https://assets.tcgdex.net/en/sv/sv05/074/high.png,0,Uncommon
sv05-075,TEF,SV,075,Cutiefly,https://assets.tcgdex.net/en/sv/sv05/075/high.png,0,Common
sv05-076,TEF,SV,076,Ribombee,https://assets.tcgdex.net/en/sv/sv05/076/high.png,0,Uncommon
sv05-077,TEF,SV,077,Scream Tail,https://assets.tcgdex.net/en/sv/sv05/077/high.png,0,Uncommon
sv05-078,TEF,SV,078,Flutter Mane,https://assets.tcgdex.net/en/sv/sv05/078/high.png,0,Rare
sv05-079,TEF,SV,079,Iron Valiant,https://assets.tcgdex.net/en/sv/sv05/079/high.png,0,Uncommon
sv05-080,TEF,SV,080,Iron Valiant,https://assets.tcgdex.net/en/sv/sv05/080/high.png,0,Rare
sv05-081,TEF,SV,081,Iron Crown ex,https://assets.tcgdex.net/en/sv/sv05/081/high.png,0,Double rare
sv05-082,TEF,SV,082,Meditite,https://assets.tcgdex.net/en/sv/sv05/082/high.png,0,Common
sv05-083,TEF,SV,083,Medicham,https://assets.tcgdex.net/en/sv/sv05/083/high.png,0,Common
sv05-084,TEF,SV,084,Relicanth,https://assets.tcgdex.net/en/sv/sv05/084/high.png,0,Rare
sv05-085,TEF,SV,085,Drilbur,https://assets.tcgdex.net/en/sv/sv05/085/high.png,0,Common
sv05-086,TEF,SV,086,Excadrill,https://assets.tcgdex.net/en/sv/sv05/086/high.png,0,Uncommon
sv05-087,TEF,SV,087,Golett,https://assets.tcgdex.net/en/sv/sv05/087/high.png,0,Common
sv05-088,TEF,SV,088,Golurk,https://assets.tcgdex.net/en/sv/sv05/088/high.png,0,Uncommon
sv05-089,TEF,SV,089,Rockruff,https://assets.tcgdex.net/en/sv/sv05/089/high.png,0,Common
sv05-090,TEF,SV,090,Lycanroc,https://assets.tcgdex.net/en/sv/sv05/090/high.png,0,Uncommon
sv05-091,TEF,SV,091,Mudbray,https://assets.tcgdex.net/en/sv/sv05/091/high.png,0,Common
sv05-092,TEF,SV,092,Mudsdale,https://assets.tcgdex.net/en/sv/sv05/092/high.png,0,Uncommon
sv05-093,TEF,SV,093,Rolycoly,https://assets.tcgdex.net/en/sv/sv05/093/high.png,0,Common
sv05-094,TEF,SV,094,Carkol,https://assets.tcgdex.net/en/sv/sv05/094/high.png,0,Common
sv05-095,TEF,SV,095,Coalossal,https://assets.tcgdex.net/en/sv/sv05/095/high.png,0,Uncommon
sv05-096,TEF,SV,096,Great Tusk,https://assets.tcgdex.net/en/sv/sv05/096/high.png,0,Uncommon
sv05-097,TEF,SV,097,Great Tusk,https://assets.tcgdex.net/en/sv/sv05/097/high.png,0,Uncommon
sv05-098,TEF,SV,098,Sandy Shocks,https://assets.tcgdex.net/en/sv/sv05/098/high.png,0,Uncommon
sv05-099,TEF,SV,099,Iron Boulder ex,https://assets.tcgdex.net/en/sv/sv05/099/high.png,0,Double rare
sv05-100,TEF,SV,100,Ekans,https://assets.tcgdex.net/en/sv/sv05/100/high.png,0,Common
sv05-101,TEF,SV,101,Arbok,https://assets.tcgdex.net/en/sv/sv05/101/high.png,0,Common
sv05-102,TEF,SV,102,Gastly,https://assets.tcgdex.net/en/sv/sv05/102/high.png,0,Common
sv05-103,TEF,SV,103,Haunter,https://assets.tcgdex.net/en/sv/sv05/103/high.png,0,Common
sv05-104,TEF,SV,104,Gengar ex,https://assets.tcgdex.net/en/sv/sv05/104/high.png,0,Double rare
sv05-105,TEF,SV,105,Poochyena,https://assets.tcgdex.net/en/sv/sv05/105/high.png,0,Common
sv05-106,TEF,SV,106,Mightyena,https://assets.tcgdex.net/en/sv/sv05/106/high.png,0,Common
sv05-107,TEF,SV,107,Sableye,https://assets.tcgdex.net/en/sv/sv05/107/high.png,0,Uncommon
sv05-108,TEF,SV,108,Farigiraf ex,https://assets.tcgdex.net/en/sv/sv05/108/high.png,0,Double rare
sv05-109,TEF,SV,109,Roaring Moon,https://assets.tcgdex.net/en/sv/sv05/109/high.png,0,Rare
sv05-110,TEF,SV,110,Forretress,https://assets.tcgdex.net/en/sv/sv05/110/high.png,0,Uncommon
sv05-111,TEF,SV,111,Scizor ex,https://assets.tcgdex.net/en/sv/sv05/111/high.png,0,Double rare
sv05-112,TEF,SV,112,Mawile,https://assets.tcgdex.net/en/sv/sv05/112/high.png,0,Common
sv05-113,TEF,SV,113,Beldum,https://assets.tcgdex.net/en/sv/sv05/113/high.png,0,Common
sv05-114,TEF,SV,114,Metang,https://assets.tcgdex.net/en/sv/sv05/114/high.png,0,Common
sv05-115,TEF,SV,115,Metagross,https://assets.tcgdex.net/en/sv/sv05/115/high.png,0,Uncommon
sv05-116,TEF,SV,116,Meltan,https://assets.tcgdex.net/en/sv/sv05/116/high.png,0,Common
sv05-117,TEF,SV,117,Melmetal,https://assets.tcgdex.net/en/sv/sv05/117/high.png,0,Rare
sv05-118,TEF,SV,118,Iron Treads,https://assets.tcgdex.net/en/sv/sv05/118/high.png,0,Uncommon
sv05-119,TEF,SV,119,Koraidon,https://assets.tcgdex.net/en/sv/sv05/119/high.png,0,Rare
sv05-120,TEF,SV,120,Koraidon ex,https://assets.tcgdex.net/en/sv/sv05/120/high.png,0,Double rare
sv05-121,TEF,SV,121,Miraidon,https://assets.tcgdex.net/en/sv/sv05/121/high.png,0,Rare
sv05-122,TEF,SV,122,Miraidon ex,https://assets.tcgdex.net/en/sv/sv05/122/high.png,0,Double rare
sv05-123,TEF,SV,123,Raging Bolt ex,https://assets.tcgdex.net/en/sv/sv05/123/high.png,0,Double rare
sv05-124,TEF,SV,124,Lickitung,https://assets.tcgdex.net/en/sv/sv05/124/high.png,0,Common
sv05-125,TEF,SV,125,Lickilicky,https://assets.tcgdex.net/en/sv/sv05/125/high.png,0,Common
sv05-126,TEF,SV,126,Hoothoot,https://assets.tcgdex.net/en/sv/sv05/126/high.png,0,Common
sv05-127,TEF,SV,127,Noctowl,https://assets.tcgdex.net/en/sv/sv05/127/high.png,0,Common
sv05-128,TEF,SV,128,Dunsparce,https://assets.tcgdex.net/en/sv/sv05/128/high.png,0,Common
sv05-129,TEF,SV,129,Dudunsparce,https://assets.tcgdex.net/en/sv/sv05/129/high.png,0,Rare
sv05-130,TEF,SV,130,Skitty,https://assets.tcgdex.net/en/sv/sv05/130/high.png,0,Common
sv05-131,TEF,SV,131,Delcatty,https://assets.tcgdex.net/en/sv/sv05/131/high.png,0,Uncommon
sv05-132,TEF,SV,132,Chatot,https://assets.tcgdex.net/en/sv/sv05/132/high.png,0,Common
sv05-133,TEF,SV,133,Pidove,https://assets.tcgdex.net/en/sv/sv05/133/high.png,0,Common
sv05-134,TEF,SV,134,Tranquill,https://assets.tcgdex.net/en/sv/sv05/134/high.png,0,Common
sv05-135,TEF,SV,135,Unfezant,https://assets.tcgdex.net/en/sv/sv05/135/high.png,0,Uncommon
sv05-136,TEF,SV,136,Minccino,https://assets.tcgdex.net/en/sv/sv05/136/high.png,0,Common
sv05-137,TEF,SV,137,Cinccino,https://assets.tcgdex.net/en/sv/sv05/137/high.png,0,Uncommon
sv05-138,TEF,SV,138,Drampa,https://assets.tcgdex.net/en/sv/sv05/138/high.png,0,Rare
sv05-139,TEF,SV,139,Iron Jugulis,https://assets.tcgdex.net/en/sv/sv05/139/high.png,0,Uncommon
sv05-163,TEF,SV,163,Shiftry,https://assets.tcgdex.net/en/sv/sv05/163/high.png,0,Illustration rare
sv05-164,TEF,SV,164,Grotle,https://assets.tcgdex.net/en/sv/sv05/164/high.png,0,Illustration rare
sv05-165,TEF,SV,165,Deerling,https://assets.tcgdex.net/en/sv/sv05/165/high.png,0,Illustration rare
sv05-166,TEF,SV,166,Sawsbuck,https://assets.tcgdex.net/en/sv/sv05/166/high.png,0,Illustration rare
sv05-167,TEF,SV,167,Litten,https://assets.tcgdex.net/en/sv/sv05/167/high.png,0,Illustration rare
sv05-168,TEF,SV,168,Snom,https://assets.tcgdex.net/en/sv/sv05/168/high.png,0,Illustration rare
sv05-169,TEF,SV,169,Charjabug,https://assets.tcgdex.net/en/sv/sv05/169/high.png,0,Illustration rare
sv05-170,TEF,SV,170,Bronzor,https://assets.tcgdex.net/en/sv/sv05/170/high.png,0,Illustration rare
sv05-171,TEF,SV,171,Reuniclus,https://assets.tcgdex.net/en/sv/sv05/171/high.png,0,Illustration rare
sv05-172,TEF,SV,172,Cutiefly,https://assets.tcgdex.net/en/sv/sv05/172/high.png,0,Illustration rare
sv05-173,TEF,SV,173,Relicanth,https://assets.tcgdex.net/en/sv/sv05/173/high.png,0,Illustration rare
sv05-174,TEF,SV,174,Excadrill,https://assets.tcgdex.net/en/sv/sv05/174/high.png,0,Illustration rare
sv05-175,TEF,SV,175,Mudsdale,https://assets.tcgdex.net/en/sv/sv05/175/high.png,0,Illustration rare
sv05-176,TEF,SV,176,Arbok,https://assets.tcgdex.net/en/sv/sv05/176/high.png,0,Illustration rare
sv05-177,TEF,SV,177,Gastly,https://assets.tcgdex.net/en/sv/sv05/177/high.png,0,Illustration rare
sv05-178,TEF,SV,178,Metagross,https://assets.tcgdex.net/en/sv/sv05/178/high.png,0,Illustration rare
sv05-179,TEF,SV,179,Meltan,https://assets.tcgdex.net/en/sv/sv05/179/high.png,0,Illustration rare
sv05-180,TEF,SV,180,Lickitung,https://assets.tcgdex.net/en/sv/sv05/180/high.png,0,Illustration rare
sv05-181,TEF,SV,181,Chatot,https://assets.tcgdex.net/en/sv/sv05/181/high.png,0,Illustration rare
sv05-182,TEF,SV,182,Minccino,https://assets.tcgdex.net/en/sv/sv05/182/high.png,0,Illustration rare
sv05-183,TEF,SV,183,Cinccino,https://assets.tcgdex.net/en/sv/sv05/183/high.png,0,Illustration rare
sv05-184,TEF,SV,184,Drampa,https://assets.tcgdex.net/en/sv/sv05/184/high.png,0,Illustration rare
sv05-185,TEF,SV,185,Torterra ex,https://assets.tcgdex.net/en/sv/sv05/185/high.png,0,Ultra Rare
sv05-186,TEF,SV,186,Iron Leaves ex,https://assets.tcgdex.net/en/sv/sv05/186/high.png,0,Ultra Rare
sv05-187,TEF,SV,187,Incineroar ex,https://assets.tcgdex.net/en/sv/sv05/187/high.png,0,Ultra Rare
sv05-188,TEF,SV,188,Gouging Fire ex,https://assets.tcgdex.net/en/sv/sv05/188/high.png,0,Ultra Rare
sv05-189,TEF,SV,189,Walking Wake ex,https://assets.tcgdex.net/en/sv/sv05/189/high.png,0,Ultra Rare
sv05-190,TEF,SV,190,Wugtrio ex,https://assets.tcgdex.net/en/sv/sv05/190/high.png,0,Ultra Rare
sv05-191,TEF,SV,191,Iron Crown ex,https://assets.tcgdex.net/en/sv/sv05/191/high.png,0,Ultra Rare
sv05-192,TEF,SV,192,Iron Boulder ex,https://assets.tcgdex.net/en/sv/sv05/192/high.png,0,Ultra Rare
sv05-193,TEF,SV,193,Gengar ex,https://assets.tcgdex.net/en/sv/sv05/193/high.png,0,Ultra Rare
sv05-194,TEF,SV,194,Farigiraf ex,https://assets.tcgdex.net/en/sv/sv05/194/high.png,0,Ultra Rare
sv05-195,TEF,SV,195,Scizor ex,https://assets.tcgdex.net/en/sv/sv05/195/high.png,0,Ultra Rare
sv05-196,TEF,SV,196,Raging Bolt ex,https://assets.tcgdex.net/en/sv/sv05/196/high.png,0,Ultra Rare
sv05-203,TEF,SV,203,Iron Leaves ex,https://assets.tcgdex.net/en/sv/sv05/203/high.png,0,Special illustration rare
sv05-204,TEF,SV,204,Gouging Fire ex,https://assets.tcgdex.net/en/sv/sv05/204/high.png,0,Special illustration rare
sv05-205,TEF,SV,205,Walking Wake ex,https://assets.tcgdex.net/en/sv/sv05/205/high.png,0,Special illustration rare
sv05-206,TEF,SV,206,Iron Crown ex,https://assets.tcgdex.net/en/sv/sv05/206/high.png,0,Special illustration rare
sv05-207,TEF,SV,207,Iron Boulder ex,https://assets.tcgdex.net/en/sv/sv05/207/high.png,0,Special illustration rare
sv05-208,TEF,SV,208,Raging Bolt ex,https://assets.tcgdex.net/en/sv/sv05/208/high.png,0,Special illustration rare
sv05-213,TEF,SV,213,Iron Leaves ex,https://assets.tcgdex.net/en/sv/sv05/213/high.png,0,Hyper rare
sv05-214,TEF,SV,214,Gouging Fire ex,https://assets.tcgdex.net/en/sv/sv05/214/high.png,0,Hyper rare
sv05-215,TEF,SV,215,Walking Wake ex,https://assets.tcgdex.net/en/sv/sv05/215/high.png,0,Hyper rare
sv05-216,TEF,SV,216,Iron Crown ex,https://assets.tcgdex.net/en/sv/sv05/216/high.png,0,Hyper rare
sv05-217,TEF,SV,217,Iron Boulder ex,https://assets.tcgdex.net/en/sv/sv05/217/high.png,0,Hyper rare
sv05-218,TEF,SV,218,Raging Bolt ex,https://assets.tcgdex.net/en/sv/sv05/218/high.png,0,Hyper rare
sv06-001,TWM,SV,001,Tangela,https://assets.tcgdex.net/en/sv/sv06/001/high.png,0,Common
sv06-002,TWM,SV,002,Tangrowth,https://assets.tcgdex.net/en/sv/sv06/002/high.png,0,Common
sv06-003,TWM,SV,003,Pinsir,https://assets.tcgdex.net/en/sv/sv06/003/high.png,0,Common
sv06-004,TWM,SV,004,Spinarak,https://assets.tcgdex.net/en/sv/sv06/004/high.png,0,Common
sv06-005,TWM,SV,005,Ariados,https://assets.tcgdex.net/en/sv/sv06/005/high.png,0,Uncommon
sv06-006,TWM,SV,006,Sunkern,https://assets.tcgdex.net/en/sv/sv06/006/high.png,0,Common
sv06-007,TWM,SV,007,Sunflora,https://assets.tcgdex.net/en/sv/sv06/007/high.png,0,Uncommon
sv06-008,TWM,SV,008,Heracross,https://assets.tcgdex.net/en/sv/sv06/008/high.png,0,Uncommon
sv06-009,TWM,SV,009,Volbeat,https://assets.tcgdex.net/en/sv/sv06/009/high.png,0,Common
sv06-010,TWM,SV,010,Illumise,https://assets.tcgdex.net/en/sv/sv06/010/high.png,0,Common
sv06-011,TWM,SV,011,Leafeon,https://assets.tcgdex.net/en/sv/sv06/011/high.png,0,Uncommon
sv06-012,TWM,SV,012,Phantump,https://assets.tcgdex.net/en/sv/sv06/012/high.png,0,Common
sv06-013,TWM,SV,013,Trevenant,https://assets.tcgdex.net/en/sv/sv06/013/high.png,0,Common
sv06-014,TWM,SV,014,Grookey,https://assets.tcgdex.net/en/sv/sv06/014/high.png,0,Common
sv06-015,TWM,SV,015,Thwackey,https://assets.tcgdex.net/en/sv/sv06/015/high.png,0,Common
sv06-016,TWM,SV,016,Rillaboom,https://assets.tcgdex.net/en/sv/sv06/016/high.png,0,Uncommon
sv06-017,TWM,SV,017,Applin,https://assets.tcgdex.net/en/sv/sv06/017/high.png,0,Common
sv06-018,TWM,SV,018,Dipplin,https://assets.tcgdex.net/en/sv/sv06/018/high.png,0,Uncommon
sv06-019,TWM,SV,019,Iron Leaves,https://assets.tcgdex.net/en/sv/sv06/019/high.png,0,Rare
sv06-020,TWM,SV,020,Poltchageist,https://assets.tcgdex.net/en/sv/sv06/020/high.png,0,Common
sv06-021,TWM,SV,021,Poltchageist,https://assets.tcgdex.net/en/sv/sv06/021/high.png,0,Common
sv06-022,TWM,SV,022,Sinistcha,https://assets.tcgdex.net/en/sv/sv06/022/high.png,0,Rare
sv06-023,TWM,SV,023,Sinistcha ex,https://assets.tcgdex.net/en/sv/sv06/023/high.png,0,Double rare
sv06-024,TWM,SV,024,Teal Mask Ogerpon,https://assets.tcgdex.net/en/sv/sv06/024/high.png,0,Rare
sv06-025,TWM,SV,025,Teal Mask Ogerpon ex,https://assets.tcgdex.net/en/sv/sv06/025/high.png,0,Double rare
sv06-026,TWM,SV,026,Vulpix,https://assets.tcgdex.net/en/sv/sv06/026/high.png,0,Common
sv06-027,TWM,SV,027,Ninetales,https://assets.tcgdex.net/en/sv/sv06/027/high.png,0,Common
sv06-028,TWM,SV,028,Slugma,https://assets.tcgdex.net/en/sv/sv06/028/high.png,0,Common
sv06-029,TWM,SV,029,Magcargo ex,https://assets.tcgdex.net/en/sv/sv06/029/high.png,0,Double rare
sv06-030,TWM,SV,030,Torkoal,https://assets.tcgdex.net/en/sv/sv06/030/high.png,0,Common
sv06-031,TWM,SV,031,Chimchar,https://assets.tcgdex.net/en/sv/sv06/031/high.png,0,Common
sv06-032,TWM,SV,032,Monferno,https://assets.tcgdex.net/en/sv/sv06/032/high.png,0,Common
sv06-033,TWM,SV,033,Infernape,https://assets.tcgdex.net/en/sv/sv06/033/high.png,0,Rare
sv06-034,TWM,SV,034,Darumaka,https://assets.tcgdex.net/en/sv/sv06/034/high.png,0,Common
sv06-035,TWM,SV,035,Darmanitan,https://assets.tcgdex.net/en/sv/sv06/035/high.png,0,Uncommon
sv06-036,TWM,SV,036,Litwick,https://assets.tcgdex.net/en/sv/sv06/036/high.png,0,Common
sv06-037,TWM,SV,037,Lampent,https://assets.tcgdex.net/en/sv/sv06/037/high.png,0,Common
sv06-038,TWM,SV,038,Chandelure,https://assets.tcgdex.net/en/sv/sv06/038/high.png,0,Rare
sv06-039,TWM,SV,039,Chi-Yu,https://assets.tcgdex.net/en/sv/sv06/039/high.png,0,Uncommon
sv06-040,TWM,SV,040,Hearthflame Mask Ogerpon ex,https://assets.tcgdex.net/en/sv/sv06/040/high.png,0,Double rare
sv06-041,TWM,SV,041,Poliwag,https://assets.tcgdex.net/en/sv/sv06/041/high.png,0,Common
sv06-042,TWM,SV,042,Poliwhirl,https://assets.tcgdex.net/en/sv/sv06/042/high.png,0,Common
sv06-043,TWM,SV,043,Poliwrath,https://assets.tcgdex.net/en/sv/sv06/043/high.png,0,Uncommon
sv06-044,TWM,SV,044,Goldeen,https://assets.tcgdex.net/en/sv/sv06/044/high.png,0,Common
sv06-045,TWM,SV,045,Seaking,https://assets.tcgdex.net/en/sv/sv06/045/high.png,0,Common
sv06-046,TWM,SV,046,Jynx,https://assets.tcgdex.net/en/sv/sv06/046/high.png,0,Common
sv06-047,TWM,SV,047,Corphish,https://assets.tcgdex.net/en/sv/sv06/047/high.png,0,Common
sv06-048,TWM,SV,048,Crawdaunt,https://assets.tcgdex.net/en/sv/sv06/048/high.png,0,Common
sv06-049,TWM,SV,049,Feebas,https://assets.tcgdex.net/en/sv/sv06/049/high.png,0,Common
sv06-050,TWM,SV,050,Milotic,https://assets.tcgdex.net/en/sv/sv06/050/high.png,0,Uncommon
sv06-051,TWM,SV,051,Snorunt,https://assets.tcgdex.net/en/sv/sv06/051/high.png,0,Common
sv06-052,TWM,SV,052,Glalie,https://assets.tcgdex.net/en/sv/sv06/052/high.png,0,Uncommon
sv06-053,TWM,SV,053,Froslass,https://assets.tcgdex.net/en/sv/sv06/053/high.png,0,Rare
sv06-054,TWM,SV,054,Glaceon,https://assets.tcgdex.net/en/sv/sv06/054/high.png,0,Uncommon
sv06-055,TWM,SV,055,Phione,https://assets.tcgdex.net/en/sv/sv06/055/high.png,0,Common
sv06-056,TWM,SV,056,Froakie,https://assets.tcgdex.net/en/sv/sv06/056/high.png,0,Common
sv06-057,TWM,SV,057,Frogadier,https://assets.tcgdex.net/en/sv/sv06/057/high.png,0,Common
sv06-058,TWM,SV,058,Cramorant,https://assets.tcgdex.net/en/sv/sv06/058/high.png,0,Uncommon
sv06-059,TWM,SV,059,Finizen,https://assets.tcgdex.net/en/sv/sv06/059/high.png,0,Common
sv06-060,TWM,SV,060,Palafin,https://assets.tcgdex.net/en/sv/sv06/060/high.png,0,Uncommon
sv06-061,TWM,SV,061,Palafin ex,https://assets.tcgdex.net/en/sv/sv06/061/high.png,0,Double rare
sv06-062,TWM,SV,062,Iron Bundle,https://assets.tcgdex.net/en/sv/sv06/062/high.png,0,Uncommon
sv06-063,TWM,SV,063,Walking Wake,https://assets.tcgdex.net/en/sv/sv06/063/high.png,0,Rare
sv06-064,TWM,SV,064,Wellspring Mask Ogerpon ex,https://assets.tcgdex.net/en/sv/sv06/064/high.png,0,Double rare
sv06-065,TWM,SV,065,Zapdos,https://assets.tcgdex.net/en/sv/sv06/065/high.png,0,Rare
sv06-066,TWM,SV,066,Shinx,https://assets.tcgdex.net/en/sv/sv06/066/high.png,0,Common
sv06-067,TWM,SV,067,Luxio,https://assets.tcgdex.net/en/sv/sv06/067/high.png,0,Common
sv06-068,TWM,SV,068,Luxray ex,https://assets.tcgdex.net/en/sv/sv06/068/high.png,0,Double rare
sv06-069,TWM,SV,069,Emolga,https://assets.tcgdex.net/en/sv/sv06/069/high.png,0,Common
sv06-070,TWM,SV,070,Helioptile,https://assets.tcgdex.net/en/sv/sv06/070/high.png,0,Common
sv06-071,TWM,SV,071,Heliolisk,https://assets.tcgdex.net/en/sv/sv06/071/high.png,0,Common
sv06-072,TWM,SV,072,Morpeko,https://assets.tcgdex.net/en/sv/sv06/072/high.png,0,Uncommon
sv06-073,TWM,SV,073,Tadbulb,https://assets.tcgdex.net/en/sv/sv06/073/high.png,0,Common
sv06-074,TWM,SV,074,Bellibolt,https://assets.tcgdex.net/en/sv/sv06/074/high.png,0,Uncommon
sv06-075,TWM,SV,075,Wattrel,https://assets.tcgdex.net/en/sv/sv06/075/high.png,0,Common
sv06-076,TWM,SV,076,Kilowattrel,https://assets.tcgdex.net/en/sv/sv06/076/high.png,0,Uncommon
sv06-077,TWM,SV,077,Iron Thorns ex,https://assets.tcgdex.net/en/sv/sv06/077/high.png,0,Double rare
sv06-078,TWM,SV,078,Clefairy,https://assets.tcgdex.net/en/sv/sv06/078/high.png,0,Common
sv06-079,TWM,SV,079,Clefable,https://assets.tcgdex.net/en/sv/sv06/079/high.png,0,Uncommon
sv06-080,TWM,SV,080,Abra,https://assets.tcgdex.net/en/sv/sv06/080/high.png,0,Common
sv06-081,TWM,SV,081,Kadabra,https://assets.tcgdex.net/en/sv/sv06/081/high.png,0,Common
sv06-082,TWM,SV,082,Alakazam,https://assets.tcgdex.net/en/sv/sv06/082/high.png,0,Rare
sv06-083,TWM,SV,083,Girafarig,https://assets.tcgdex.net/en/sv/sv06/083/high.png,0,Common
sv06-084,TWM,SV,084,Farigiraf,https://assets.tcgdex.net/en/sv/sv06/084/high.png,0,Uncommon
sv06-085,TWM,SV,085,Chimecho,https://assets.tcgdex.net/en/sv/sv06/085/high.png,0,Common
sv06-086,TWM,SV,086,Flabébé,https://assets.tcgdex.net/en/sv/sv06/086/high.png,0,Common
sv06-087,TWM,SV,087,Floette,https://assets.tcgdex.net/en/sv/sv06/087/high.png,0,Common
sv06-088,TWM,SV,088,Florges,https://assets.tcgdex.net/en/sv/sv06/088/high.png,0,Uncommon
sv06-089,TWM,SV,089,Swirlix,https://assets.tcgdex.net/en/sv/sv06/089/high.png,0,Common
sv06-090,TWM,SV,090,Slurpuff,https://assets.tcgdex.net/en/sv/sv06/090/high.png,0,Uncommon
sv06-091,TWM,SV,091,Sandygast,https://assets.tcgdex.net/en/sv/sv06/091/high.png,0,Common
sv06-092,TWM,SV,092,Palossand,https://assets.tcgdex.net/en/sv/sv06/092/high.png,0,Common
sv06-093,TWM,SV,093,Enamorus,https://assets.tcgdex.net/en/sv/sv06/093/high.png,0,Rare
sv06-094,TWM,SV,094,Scream Tail ex,https://assets.tcgdex.net/en/sv/sv06/094/high.png,0,Double rare
sv06-095,TWM,SV,095,Munkidori,https://assets.tcgdex.net/en/sv/sv06/095/high.png,0,Rare
sv06-096,TWM,SV,096,Fezandipiti,https://assets.tcgdex.net/en/sv/sv06/096/high.png,0,Rare
sv06-097,TWM,SV,097,Sandshrew,https://assets.tcgdex.net/en/sv/sv06/097/high.png,0,Common
sv06-098,TWM,SV,098,Sandslash,https://assets.tcgdex.net/en/sv/sv06/098/high.png,0,Uncommon
sv06-099,TWM,SV,099,Hisuian Growlithe,https://assets.tcgdex.net/en/sv/sv06/099/high.png,0,Common
sv06-100,TWM,SV,100,Hisuian Arcanine,https://assets.tcgdex.net/en/sv/sv06/100/high.png,0,Rare
sv06-101,TWM,SV,101,Nosepass,https://assets.tcgdex.net/en/sv/sv06/101/high.png,0,Common
sv06-102,TWM,SV,102,Probopass,https://assets.tcgdex.net/en/sv/sv06/102/high.png,0,Uncommon
sv06-103,TWM,SV,103,Timburr,https://assets.tcgdex.net/en/sv/sv06/103/high.png,0,Common
sv06-104,TWM,SV,104,Gurdurr,https://assets.tcgdex.net/en/sv/sv06/104/high.png,0,Common
sv06-105,TWM,SV,105,Conkeldurr,https://assets.tcgdex.net/en/sv/sv06/105/high.png,0,Uncommon
sv06-106,TWM,SV,106,Greninja ex,https://assets.tcgdex.net/en/sv/sv06/106/high.png,0,Double rare
sv06-107,TWM,SV,107,Hawlucha,https://assets.tcgdex.net/en/sv/sv06/107/high.png,0,Common
sv06-108,TWM,SV,108,Glimmet,https://assets.tcgdex.net/en/sv/sv06/108/high.png,0,Common
sv06-109,TWM,SV,109,Glimmora,https://assets.tcgdex.net/en/sv/sv06/109/high.png,0,Uncommon
sv06-110,TWM,SV,110,Ting-Lu,https://assets.tcgdex.net/en/sv/sv06/110/high.png,0,Rare
sv06-111,TWM,SV,111,Okidogi,https://assets.tcgdex.net/en/sv/sv06/111/high.png,0,Rare
sv06-112,TWM,SV,112,Cornerstone Mask Ogerpon ex,https://assets.tcgdex.net/en/sv/sv06/112/high.png,0,Double rare
sv06-113,TWM,SV,113,Poochyena,https://assets.tcgdex.net/en/sv/sv06/113/high.png,0,Common
sv06-114,TWM,SV,114,Mightyena,https://assets.tcgdex.net/en/sv/sv06/114/high.png,0,Uncommon
sv06-115,TWM,SV,115,Venipede,https://assets.tcgdex.net/en/sv/sv06/115/high.png,0,Common
sv06-116,TWM,SV,116,Whirlipede,https://assets.tcgdex.net/en/sv/sv06/116/high.png,0,Common
sv06-117,TWM,SV,117,Scolipede,https://assets.tcgdex.net/en/sv/sv06/117/high.png,0,Uncommon
sv06-118,TWM,SV,118,Brute Bonnet,https://assets.tcgdex.net/en/sv/sv06/118/high.png,0,Uncommon
sv06-119,TWM,SV,119,Skarmory,https://assets.tcgdex.net/en/sv/sv06/119/high.png,0,Common
sv06-120,TWM,SV,120,Aron,https://assets.tcgdex.net/en/sv/sv06/120/high.png,0,Common
sv06-121,TWM,SV,121,Lairon,https://assets.tcgdex.net/en/sv/sv06/121/high.png,0,Common
sv06-122,TWM,SV,122,Aggron,https://assets.tcgdex.net/en/sv/sv06/122/high.png,0,Uncommon
sv06-123,TWM,SV,123,Heatran,https://assets.tcgdex.net/en/sv/sv06/123/high.png,0,Rare
sv06-124,TWM,SV,124,Varoom,https://assets.tcgdex.net/en/sv/sv06/124/high.png,0,Common
sv06-125,TWM,SV,125,Revavroom,https://assets.tcgdex.net/en/sv/sv06/125/high.png,0,Uncommon
sv06-126,TWM,SV,126,Applin,https://assets.tcgdex.net/en/sv/sv06/126/high.png,0,Common
sv06-127,TWM,SV,127,Dipplin,https://assets.tcgdex.net/en/sv/sv06/127/high.png,0,Uncommon
sv06-128,TWM,SV,128,Dreepy,https://assets.tcgdex.net/en/sv/sv06/128/high.png,0,Common
sv06-129,TWM,SV,129,Drakloak,https://assets.tcgdex.net/en/sv/sv06/129/high.png,0,Common
sv06-130,TWM,SV,130,Dragapult ex,https://assets.tcgdex.net/en/sv/sv06/130/high.png,0,Double rare
sv06-131,TWM,SV,131,Tatsugiri,https://assets.tcgdex.net/en/sv/sv06/131/high.png,0,Uncommon
sv06-132,TWM,SV,132,Farfetch'd,https://assets.tcgdex.net/en/sv/sv06/132/high.png,0,Common
sv06-133,TWM,SV,133,Chansey,https://assets.tcgdex.net/en/sv/sv06/133/high.png,0,Common
sv06-134,TWM,SV,134,Blissey ex,https://assets.tcgdex.net/en/sv/sv06/134/high.png,0,Double rare
sv06-135,TWM,SV,135,Eevee,https://assets.tcgdex.net/en/sv/sv06/135/high.png,0,Common
sv06-136,TWM,SV,136,Snorlax,https://assets.tcgdex.net/en/sv/sv06/136/high.png,0,Uncommon
sv06-137,TWM,SV,137,Aipom,https://assets.tcgdex.net/en/sv/sv06/137/high.png,0,Common
sv06-138,TWM,SV,138,Ambipom,https://assets.tcgdex.net/en/sv/sv06/138/high.png,0,Uncommon
sv06-139,TWM,SV,139,Ducklett,https://assets.tcgdex.net/en/sv/sv06/139/high.png,0,Common
sv06-140,TWM,SV,140,Swanna,https://assets.tcgdex.net/en/sv/sv06/140/high.png,0,Uncommon
sv06-141,TWM,SV,141,Bloodmoon Ursaluna ex,https://assets.tcgdex.net/en/sv/sv06/141/high.png,0,Double rare
sv06-168,TWM,SV,168,Pinsir,https://assets.tcgdex.net/en/sv/sv06/168/high.png,0,Illustration rare
sv06-169,TWM,SV,169,Sunflora,https://assets.tcgdex.net/en/sv/sv06/169/high.png,0,Illustration rare
sv06-170,TWM,SV,170,Dipplin,https://assets.tcgdex.net/en/sv/sv06/170/high.png,0,Illustration rare
sv06-171,TWM,SV,171,Poltchageist,https://assets.tcgdex.net/en/sv/sv06/171/high.png,0,Illustration rare
sv06-172,TWM,SV,172,Torkoal,https://assets.tcgdex.net/en/sv/sv06/172/high.png,0,Illustration rare
sv06-173,TWM,SV,173,Infernape,https://assets.tcgdex.net/en/sv/sv06/173/high.png,0,Illustration rare
sv06-174,TWM,SV,174,Froslass,https://assets.tcgdex.net/en/sv/sv06/174/high.png,0,Illustration rare
sv06-175,TWM,SV,175,Phione,https://assets.tcgdex.net/en/sv/sv06/175/high.png,0,Illustration rare
sv06-176,TWM,SV,176,Cramorant,https://assets.tcgdex.net/en/sv/sv06/176/high.png,0,Illustration rare
sv06-177,TWM,SV,177,Heliolisk,https://assets.tcgdex.net/en/sv/sv06/177/high.png,0,Illustration rare
sv06-178,TWM,SV,178,Wattrel,https://assets.tcgdex.net/en/sv/sv06/178/high.png,0,Illustration rare
sv06-179,TWM,SV,179,Chimecho,https://assets.tcgdex.net/en/sv/sv06/179/high.png,0,Illustration rare
sv06-180,TWM,SV,180,Enamorus,https://assets.tcgdex.net/en/sv/sv06/180/high.png,0,Illustration rare
sv06-181,TWM,SV,181,Hisuian Growlithe,https://assets.tcgdex.net/en/sv/sv06/181/high.png,0,Illustration rare
sv06-182,TWM,SV,182,Probopass,https://assets.tcgdex.net/en/sv/sv06/182/high.png,0,Illustration rare
sv06-183,TWM,SV,183,Timburr,https://assets.tcgdex.net/en/sv/sv06/183/high.png,0,Illustration rare
sv06-184,TWM,SV,184,Lairon,https://assets.tcgdex.net/en/sv/sv06/184/high.png,0,Illustration rare
sv06-185,TWM,SV,185,Applin,https://assets.tcgdex.net/en/sv/sv06/185/high.png,0,Illustration rare
sv06-186,TWM,SV,186,Tatsugiri,https://assets.tcgdex.net/en/sv/sv06/186/high.png,0,Illustration rare
sv06-187,TWM,SV,187,Chansey,https://assets.tcgdex.net/en/sv/sv06/187/high.png,0,Illustration rare
sv06-188,TWM,SV,188,Eevee,https://assets.tcgdex.net/en/sv/sv06/188/high.png,0,Illustration rare
sv06-189,TWM,SV,189,Sinistcha ex,https://assets.tcgdex.net/en/sv/sv06/189/high.png,0,Ultra Rare
sv06-190,TWM,SV,190,Teal Mask Ogerpon ex,https://assets.tcgdex.net/en/sv/sv06/190/high.png,0,Ultra Rare
sv06-191,TWM,SV,191,Magcargo ex,https://assets.tcgdex.net/en/sv/sv06/191/high.png,0,Ultra Rare
sv06-192,TWM,SV,192,Hearthflame Mask Ogerpon ex,https://assets.tcgdex.net/en/sv/sv06/192/high.png,0,Ultra Rare
sv06-193,TWM,SV,193,Palafin ex,https://assets.tcgdex.net/en/sv/sv06/193/high.png,0,Ultra Rare
sv06-194,TWM,SV,194,Wellspring Mask Ogerpon ex,https://assets.tcgdex.net/en/sv/sv06/194/high.png,0,Ultra Rare
sv06-195,TWM,SV,195,Luxray ex,https://assets.tcgdex.net/en/sv/sv06/195/high.png,0,Ultra Rare
sv06-196,TWM,SV,196,Iron Thorns ex,https://assets.tcgdex.net/en/sv/sv06/196/high.png,0,Ultra Rare
sv06-197,TWM,SV,197,Scream Tail ex,https://assets.tcgdex.net/en/sv/sv06/197/high.png,0,Ultra Rare
sv06-198,TWM,SV,198,Greninja ex,https://assets.tcgdex.net/en/sv/sv06/198/high.png,0,Ultra Rare
sv06-199,TWM,SV,199,Cornerstone Mask Ogerpon ex,https://assets.tcgdex.net/en/sv/sv06/199/high.png,0,Ultra Rare
sv06-200,TWM,SV,200,Dragapult ex,https://assets.tcgdex.net/en/sv/sv06/200/high.png,0,Ultra Rare
sv06-201,TWM,SV,201,Blissey ex,https://assets.tcgdex.net/en/sv/sv06/201/high.png,0,Ultra Rare
sv06-202,TWM,SV,202,Bloodmoon Ursaluna ex,https://assets.tcgdex.net/en/sv/sv06/202/high.png,0,Ultra Rare
sv06-210,TWM,SV,210,Sinistcha ex,https://assets.tcgdex.net/en/sv/sv06/210/high.png,0,Special illustration rare
sv06-211,TWM,SV,211,Teal Mask Ogerpon ex,https://assets.tcgdex.net/en/sv/sv06/211/high.png,0,Special illustration rare
sv06-212,TWM,SV,212,Hearthflame Mask Ogerpon ex,https://assets.tcgdex.net/en/sv/sv06/212/high.png,0,Special illustration rare
sv06-213,TWM,SV,213,Wellspring Mask Ogerpon ex,https://assets.tcgdex.net/en/sv/sv06/213/high.png,0,Special illustration rare
sv06-214,TWM,SV,214,Greninja ex,https://assets.tcgdex.net/en/sv/sv06/214/high.png,0,Special illustration rare
sv06-215,TWM,SV,215,Cornerstone Mask Ogerpon ex,https://assets.tcgdex.net/en/sv/sv06/215/high.png,0,Special illustration rare
sv06-216,TWM,SV,216,Bloodmoon Ursaluna ex,https://assets.tcgdex.net/en/sv/sv06/216/high.png,0,Special illustration rare
sv06-221,TWM,SV,221,Teal Mask Ogerpon ex,https://assets.tcgdex.net/en/sv/sv06/221/high.png,0,Hyper rare
sv06-222,TWM,SV,222,Bloodmoon Ursaluna ex,https://assets.tcgdex.net/en/sv/sv06/222/high.png,0,Hyper rare
sv07-001,SCR,SV,001,Venusaur ex,https://assets.tcgdex.net/en/sv/sv07/001/high.png,0,Double rare
sv07-002,SCR,SV,002,Ledyba,https://assets.tcgdex.net/en/sv/sv07/002/high.png,0,Common
sv07-003,SCR,SV,003,Ledian,https://assets.tcgdex.net/en/sv/sv07/003/high.png,0,Rare
sv07-004,SCR,SV,004,Celebi,https://assets.tcgdex.net/en/sv/sv07/004/high.png,0,Uncommon
sv07-005,SCR,SV,005,Lileep,https://assets.tcgdex.net/en/sv/sv07/005/high.png,0,Common
sv07-006,SCR,SV,006,Cradily,https://assets.tcgdex.net/en/sv/sv07/006/high.png,0,Rare
sv07-007,SCR,SV,007,Carnivine,https://assets.tcgdex.net/en/sv/sv07/007/high.png,0,Common
sv07-008,SCR,SV,008,Mow Rotom,https://assets.tcgdex.net/en/sv/sv07/008/high.png,0,Common
sv07-009,SCR,SV,009,Grubbin,https://assets.tcgdex.net/en/sv/sv07/009/high.png,0,Common
sv07-010,SCR,SV,010,Gossifleur,https://assets.tcgdex.net/en/sv/sv07/010/high.png,0,Common
sv07-011,SCR,SV,011,Eldegoss,https://assets.tcgdex.net/en/sv/sv07/011/high.png,0,Uncommon
sv07-012,SCR,SV,012,Applin,https://assets.tcgdex.net/en/sv/sv07/012/high.png,0,Common
sv07-013,SCR,SV,013,Dipplin,https://assets.tcgdex.net/en/sv/sv07/013/high.png,0,Common
sv07-014,SCR,SV,014,Hydrapple ex,https://assets.tcgdex.net/en/sv/sv07/014/high.png,0,Double rare
sv07-015,SCR,SV,015,Nymble,https://assets.tcgdex.net/en/sv/sv07/015/high.png,0,Common
sv07-016,SCR,SV,016,Lokix,https://assets.tcgdex.net/en/sv/sv07/016/high.png,0,Common
sv07-017,SCR,SV,017,Toedscool,https://assets.tcgdex.net/en/sv/sv07/017/high.png,0,Common
sv07-018,SCR,SV,018,Toedscruel,https://assets.tcgdex.net/en/sv/sv07/018/high.png,0,Uncommon
sv07-019,SCR,SV,019,Ponyta,https://assets.tcgdex.net/en/sv/sv07/019/high.png,0,Common
sv07-020,SCR,SV,020,Rapidash,https://assets.tcgdex.net/en/sv/sv07/020/high.png,0,Uncommon
sv07-021,SCR,SV,021,Pansear,https://assets.tcgdex.net/en/sv/sv07/021/high.png,0,Common
sv07-022,SCR,SV,022,Reshiram,https://assets.tcgdex.net/en/sv/sv07/022/high.png,0,Uncommon
sv07-023,SCR,SV,023,Salandit,https://assets.tcgdex.net/en/sv/sv07/023/high.png,0,Common
sv07-024,SCR,SV,024,Salazzle,https://assets.tcgdex.net/en/sv/sv07/024/high.png,0,Uncommon
sv07-025,SCR,SV,025,Turtonator,https://assets.tcgdex.net/en/sv/sv07/025/high.png,0,Common
sv07-026,SCR,SV,026,Scorbunny,https://assets.tcgdex.net/en/sv/sv07/026/high.png,0,Common
sv07-027,SCR,SV,027,Raboot,https://assets.tcgdex.net/en/sv/sv07/027/high.png,0,Common
sv07-028,SCR,SV,028,Cinderace ex,https://assets.tcgdex.net/en/sv/sv07/028/high.png,0,Double rare
sv07-029,SCR,SV,029,Charcadet,https://assets.tcgdex.net/en/sv/sv07/029/high.png,0,Common
sv07-030,SCR,SV,030,Blastoise ex,https://assets.tcgdex.net/en/sv/sv07/030/high.png,0,Double rare
sv07-031,SCR,SV,031,Lapras,https://assets.tcgdex.net/en/sv/sv07/031/high.png,0,Uncommon
sv07-032,SCR,SV,032,Lapras ex,https://assets.tcgdex.net/en/sv/sv07/032/high.png,0,Double rare
sv07-033,SCR,SV,033,Marill,https://assets.tcgdex.net/en/sv/sv07/033/high.png,0,Common
sv07-034,SCR,SV,034,Azumarill,https://assets.tcgdex.net/en/sv/sv07/034/high.png,0,Uncommon
sv07-035,SCR,SV,035,Finneon,https://assets.tcgdex.net/en/sv/sv07/035/high.png,0,Common
sv07-036,SCR,SV,036,Lumineon,https://assets.tcgdex.net/en/sv/sv07/036/high.png,0,Uncommon
sv07-037,SCR,SV,037,Tirtouga,https://assets.tcgdex.net/en/sv/sv07/037/high.png,0,Common
sv07-038,SCR,SV,038,Carracosta,https://assets.tcgdex.net/en/sv/sv07/038/high.png,0,Rare
sv07-039,SCR,SV,039,Froakie,https://assets.tcgdex.net/en/sv/sv07/039/high.png,0,Common
sv07-040,SCR,SV,040,Frogadier,https://assets.tcgdex.net/en/sv/sv07/040/high.png,0,Uncommon
sv07-041,SCR,SV,041,Greninja ex,https://assets.tcgdex.net/en/sv/sv07/041/high.png,0,Double rare
sv07-042,SCR,SV,042,Crabominable,https://assets.tcgdex.net/en/sv/sv07/042/high.png,0,Uncommon
sv07-043,SCR,SV,043,Chewtle,https://assets.tcgdex.net/en/sv/sv07/043/high.png,0,Common
sv07-044,SCR,SV,044,Drednaw,https://assets.tcgdex.net/en/sv/sv07/044/high.png,0,Rare
sv07-045,SCR,SV,045,Veluza,https://assets.tcgdex.net/en/sv/sv07/045/high.png,0,Uncommon
sv07-046,SCR,SV,046,Electabuzz,https://assets.tcgdex.net/en/sv/sv07/046/high.png,0,Common
sv07-047,SCR,SV,047,Electivire,https://assets.tcgdex.net/en/sv/sv07/047/high.png,0,Uncommon
sv07-048,SCR,SV,048,Chinchou,https://assets.tcgdex.net/en/sv/sv07/048/high.png,0,Common
sv07-049,SCR,SV,049,Lanturn,https://assets.tcgdex.net/en/sv/sv07/049/high.png,0,Uncommon
sv07-050,SCR,SV,050,Joltik,https://assets.tcgdex.net/en/sv/sv07/050/high.png,0,Common
sv07-051,SCR,SV,051,Galvantula ex,https://assets.tcgdex.net/en/sv/sv07/051/high.png,0,Double rare
sv07-052,SCR,SV,052,Charjabug,https://assets.tcgdex.net/en/sv/sv07/052/high.png,0,Common
sv07-053,SCR,SV,053,Vikavolt,https://assets.tcgdex.net/en/sv/sv07/053/high.png,0,Uncommon
sv07-054,SCR,SV,054,Togedemaru,https://assets.tcgdex.net/en/sv/sv07/054/high.png,0,Uncommon
sv07-055,SCR,SV,055,Zeraora,https://assets.tcgdex.net/en/sv/sv07/055/high.png,0,Rare
sv07-056,SCR,SV,056,Pawmi,https://assets.tcgdex.net/en/sv/sv07/056/high.png,0,Common
sv07-057,SCR,SV,057,Slowpoke,https://assets.tcgdex.net/en/sv/sv07/057/high.png,0,Common
sv07-058,SCR,SV,058,Slowking,https://assets.tcgdex.net/en/sv/sv07/058/high.png,0,Uncommon
sv07-059,SCR,SV,059,Mewtwo,https://assets.tcgdex.net/en/sv/sv07/059/high.png,0,Uncommon
sv07-060,SCR,SV,060,Drifloon,https://assets.tcgdex.net/en/sv/sv07/060/high.png,0,Common
sv07-061,SCR,SV,061,Drifblim,https://assets.tcgdex.net/en/sv/sv07/061/high.png,0,Uncommon
sv07-062,SCR,SV,062,Yamask,https://assets.tcgdex.net/en/sv/sv07/062/high.png,0,Common
sv07-063,SCR,SV,063,Comfey,https://assets.tcgdex.net/en/sv/sv07/063/high.png,0,Common
sv07-064,SCR,SV,064,Milcery,https://assets.tcgdex.net/en/sv/sv07/064/high.png,0,Common
sv07-065,SCR,SV,065,Alcremie,https://assets.tcgdex.net/en/sv/sv07/065/high.png,0,Rare
sv07-066,SCR,SV,066,Fidough,https://assets.tcgdex.net/en/sv/sv07/066/high.png,0,Common
sv07-067,SCR,SV,067,Dachsbun ex,https://assets.tcgdex.net/en/sv/sv07/067/high.png,0,Double rare
sv07-068,SCR,SV,068,Flittle,https://assets.tcgdex.net/en/sv/sv07/068/high.png,0,Common
sv07-069,SCR,SV,069,Espathra,https://assets.tcgdex.net/en/sv/sv07/069/high.png,0,Common
sv07-070,SCR,SV,070,Greavard,https://assets.tcgdex.net/en/sv/sv07/070/high.png,0,Common
sv07-071,SCR,SV,071,Iron Boulder,https://assets.tcgdex.net/en/sv/sv07/071/high.png,0,Rare
sv07-072,SCR,SV,072,Cubone,https://assets.tcgdex.net/en/sv/sv07/072/high.png,0,Common
sv07-073,SCR,SV,073,Marowak,https://assets.tcgdex.net/en/sv/sv07/073/high.png,0,Uncommon
sv07-074,SCR,SV,074,Rhyhorn,https://assets.tcgdex.net/en/sv/sv07/074/high.png,0,Common
sv07-075,SCR,SV,075,Rhydon,https://assets.tcgdex.net/en/sv/sv07/075/high.png,0,Common
sv07-076,SCR,SV,076,Rhyperior,https://assets.tcgdex.net/en/sv/sv07/076/high.png,0,Rare
sv07-077,SCR,SV,077,Meditite,https://assets.tcgdex.net/en/sv/sv07/077/high.png,0,Common
sv07-078,SCR,SV,078,Meditite,https://assets.tcgdex.net/en/sv/sv07/078/high.png,0,Common
sv07-079,SCR,SV,079,Medicham,https://assets.tcgdex.net/en/sv/sv07/079/high.png,0,Common
sv07-080,SCR,SV,080,Medicham ex,https://assets.tcgdex.net/en/sv/sv07/080/high.png,0,Double rare
sv07-081,SCR,SV,081,Riolu,https://assets.tcgdex.net/en/sv/sv07/081/high.png,0,Common
sv07-082,SCR,SV,082,Lucario ex,https://assets.tcgdex.net/en/sv/sv07/082/high.png,0,Double rare
sv07-083,SCR,SV,083,Mienfoo,https://assets.tcgdex.net/en/sv/sv07/083/high.png,0,Common
sv07-084,SCR,SV,084,Mienshao,https://assets.tcgdex.net/en/sv/sv07/084/high.png,0,Uncommon
sv07-085,SCR,SV,085,Pancham,https://assets.tcgdex.net/en/sv/sv07/085/high.png,0,Common
sv07-086,SCR,SV,086,Diancie,https://assets.tcgdex.net/en/sv/sv07/086/high.png,0,Uncommon
sv07-087,SCR,SV,087,Crabrawler,https://assets.tcgdex.net/en/sv/sv07/087/high.png,0,Common
sv07-088,SCR,SV,088,Falinks,https://assets.tcgdex.net/en/sv/sv07/088/high.png,0,Common
sv07-089,SCR,SV,089,Garganacl ex,https://assets.tcgdex.net/en/sv/sv07/089/high.png,0,Double rare
sv07-090,SCR,SV,090,Koraidon,https://assets.tcgdex.net/en/sv/sv07/090/high.png,0,Uncommon
sv07-091,SCR,SV,091,Gulpin,https://assets.tcgdex.net/en/sv/sv07/091/high.png,0,Common
sv07-092,SCR,SV,092,Swalot,https://assets.tcgdex.net/en/sv/sv07/092/high.png,0,Uncommon
sv07-093,SCR,SV,093,Pangoro,https://assets.tcgdex.net/en/sv/sv07/093/high.png,0,Uncommon
sv07-094,SCR,SV,094,Impidimp,https://assets.tcgdex.net/en/sv/sv07/094/high.png,0,Common
sv07-095,SCR,SV,095,Morgrem,https://assets.tcgdex.net/en/sv/sv07/095/high.png,0,Common
sv07-096,SCR,SV,096,Grimmsnarl,https://assets.tcgdex.net/en/sv/sv07/096/high.png,0,Rare
sv07-097,SCR,SV,097,Bombirdier,https://assets.tcgdex.net/en/sv/sv07/097/high.png,0,Common
sv07-098,SCR,SV,098,Jirachi,https://assets.tcgdex.net/en/sv/sv07/098/high.png,0,Uncommon
sv07-099,SCR,SV,099,Klink,https://assets.tcgdex.net/en/sv/sv07/099/high.png,0,Common
sv07-100,SCR,SV,100,Klang,https://assets.tcgdex.net/en/sv/sv07/100/high.png,0,Common
sv07-101,SCR,SV,101,Klinklang,https://assets.tcgdex.net/en/sv/sv07/101/high.png,0,Rare
sv07-102,SCR,SV,102,Meltan,https://assets.tcgdex.net/en/sv/sv07/102/high.png,0,Common
sv07-103,SCR,SV,103,Meltan,https://assets.tcgdex.net/en/sv/sv07/103/high.png,0,Common
sv07-104,SCR,SV,104,Melmetal,https://assets.tcgdex.net/en/sv/sv07/104/high.png,0,Rare
sv07-105,SCR,SV,105,Melmetal ex,https://assets.tcgdex.net/en/sv/sv07/105/high.png,0,Double rare
sv07-106,SCR,SV,106,Duraludon,https://assets.tcgdex.net/en/sv/sv07/106/high.png,0,Common
sv07-107,SCR,SV,107,Archaludon,https://assets.tcgdex.net/en/sv/sv07/107/high.png,0,Rare
sv07-108,SCR,SV,108,Varoom,https://assets.tcgdex.net/en/sv/sv07/108/high.png,0,Common
sv07-109,SCR,SV,109,Revavroom,https://assets.tcgdex.net/en/sv/sv07/109/high.png,0,Uncommon
sv07-110,SCR,SV,110,Orthworm ex,https://assets.tcgdex.net/en/sv/sv07/110/high.png,0,Double rare
sv07-111,SCR,SV,111,Raging Bolt,https://assets.tcgdex.net/en/sv/sv07/111/high.png,0,Rare
sv07-112,SCR,SV,112,Tauros,https://assets.tcgdex.net/en/sv/sv07/112/high.png,0,Common
sv07-113,SCR,SV,113,Eevee,https://assets.tcgdex.net/en/sv/sv07/113/high.png,0,Common
sv07-114,SCR,SV,114,Hoothoot,https://assets.tcgdex.net/en/sv/sv07/114/high.png,0,Common
sv07-115,SCR,SV,115,Noctowl,https://assets.tcgdex.net/en/sv/sv07/115/high.png,0,Rare
sv07-116,SCR,SV,116,Glameow,https://assets.tcgdex.net/en/sv/sv07/116/high.png,0,Common
sv07-117,SCR,SV,117,Purugly,https://assets.tcgdex.net/en/sv/sv07/117/high.png,0,Common
sv07-118,SCR,SV,118,Fan Rotom,https://assets.tcgdex.net/en/sv/sv07/118/high.png,0,Common
sv07-119,SCR,SV,119,Bouffalant,https://assets.tcgdex.net/en/sv/sv07/119/high.png,0,Rare
sv07-120,SCR,SV,120,Tornadus,https://assets.tcgdex.net/en/sv/sv07/120/high.png,0,Uncommon
sv07-121,SCR,SV,121,Fletchling,https://assets.tcgdex.net/en/sv/sv07/121/high.png,0,Common
sv07-122,SCR,SV,122,Fletchinder,https://assets.tcgdex.net/en/sv/sv07/122/high.png,0,Common
sv07-123,SCR,SV,123,Talonflame,https://assets.tcgdex.net/en/sv/sv07/123/high.png,0,Uncommon
sv07-124,SCR,SV,124,Wooloo,https://assets.tcgdex.net/en/sv/sv07/124/high.png,0,Common
sv07-125,SCR,SV,125,Dubwool,https://assets.tcgdex.net/en/sv/sv07/125/high.png,0,Uncommon
sv07-126,SCR,SV,126,Lechonk,https://assets.tcgdex.net/en/sv/sv07/126/high.png,0,Common
sv07-127,SCR,SV,127,Cyclizar,https://assets.tcgdex.net/en/sv/sv07/127/high.png,0,Common
sv07-128,SCR,SV,128,Terapagos ex,https://assets.tcgdex.net/en/sv/sv07/128/high.png,0,Double rare
sv07-143,SCR,SV,143,Bulbasaur,https://assets.tcgdex.net/en/sv/sv07/143/high.png,0,Illustration rare
sv07-144,SCR,SV,144,Ledian,https://assets.tcgdex.net/en/sv/sv07/144/high.png,0,Illustration rare
sv07-145,SCR,SV,145,Lileep,https://assets.tcgdex.net/en/sv/sv07/145/high.png,0,Illustration rare
sv07-146,SCR,SV,146,Turtonator,https://assets.tcgdex.net/en/sv/sv07/146/high.png,0,Illustration rare
sv07-147,SCR,SV,147,Raboot,https://assets.tcgdex.net/en/sv/sv07/147/high.png,0,Illustration rare
sv07-148,SCR,SV,148,Squirtle,https://assets.tcgdex.net/en/sv/sv07/148/high.png,0,Illustration rare
sv07-149,SCR,SV,149,Crabominable,https://assets.tcgdex.net/en/sv/sv07/149/high.png,0,Illustration rare
sv07-150,SCR,SV,150,Joltik,https://assets.tcgdex.net/en/sv/sv07/150/high.png,0,Illustration rare
sv07-151,SCR,SV,151,Zeraora,https://assets.tcgdex.net/en/sv/sv07/151/high.png,0,Illustration rare
sv07-152,SCR,SV,152,Milcery,https://assets.tcgdex.net/en/sv/sv07/152/high.png,0,Illustration rare
sv07-153,SCR,SV,153,Meditite,https://assets.tcgdex.net/en/sv/sv07/153/high.png,0,Illustration rare
sv07-154,SCR,SV,154,Gulpin,https://assets.tcgdex.net/en/sv/sv07/154/high.png,0,Illustration rare
sv07-155,SCR,SV,155,Archaludon,https://assets.tcgdex.net/en/sv/sv07/155/high.png,0,Illustration rare
sv07-156,SCR,SV,156,Hydrapple ex,https://assets.tcgdex.net/en/sv/sv07/156/high.png,0,Ultra Rare
sv07-157,SCR,SV,157,Cinderace ex,https://assets.tcgdex.net/en/sv/sv07/157/high.png,0,Ultra Rare
sv07-158,SCR,SV,158,Lapras ex,https://assets.tcgdex.net/en/sv/sv07/158/high.png,0,Ultra Rare
sv07-159,SCR,SV,159,Galvantula ex,https://assets.tcgdex.net/en/sv/sv07/159/high.png,0,Ultra Rare
sv07-160,SCR,SV,160,Dachsbun ex,https://assets.tcgdex.net/en/sv/sv07/160/high.png,0,Ultra Rare
sv07-161,SCR,SV,161,Medicham ex,https://assets.tcgdex.net/en/sv/sv07/161/high.png,0,Ultra Rare
sv07-162,SCR,SV,162,Orthworm ex,https://assets.tcgdex.net/en/sv/sv07/162/high.png,0,Ultra Rare
sv07-167,SCR,SV,167,Hydrapple ex,https://assets.tcgdex.net/en/sv/sv07/167/high.png,0,Special illustration rare
sv07-168,SCR,SV,168,Galvantula ex,https://assets.tcgdex.net/en/sv/sv07/168/high.png,0,Special illustration rare
sv07-169,SCR,SV,169,Dachsbun ex,https://assets.tcgdex.net/en/sv/sv07/169/high.png,0,Special illustration rare
sv07-170,SCR,SV,170,Terapagos ex,https://assets.tcgdex.net/en/sv/sv07/170/high.png,0,Special illustration rare
sv07-173,SCR,SV,173,Terapagos ex,https://assets.tcgdex.net/en/sv/sv07/173/high.png,0,Hyper rare
sv08-001,SSP,SV,001,Exeggcute,https://assets.tcgdex.net/en/sv/sv08/001/high.png,0,Common
sv08-002,SSP,SV,002,Exeggcute,https://assets.tcgdex.net/en/sv/sv08/002/high.png,0,Common
sv08-003,SSP,SV,003,Exeggutor,https://assets.tcgdex.net/en/sv/sv08/003/high.png,0,Uncommon
sv08-004,SSP,SV,004,Durant ex,https://assets.tcgdex.net/en/sv/sv08/004/high.png,0,Double rare
sv08-005,SSP,SV,005,Scatterbug,https://assets.tcgdex.net/en/sv/sv08/005/high.png,0,Common
sv08-006,SSP,SV,006,Spewpa,https://assets.tcgdex.net/en/sv/sv08/006/high.png,0,Common
sv08-007,SSP,SV,007,Vivillon,https://assets.tcgdex.net/en/sv/sv08/007/high.png,0,Uncommon
sv08-008,SSP,SV,008,Morelull,https://assets.tcgdex.net/en/sv/sv08/008/high.png,0,Common
sv08-009,SSP,SV,009,Shiinotic,https://assets.tcgdex.net/en/sv/sv08/009/high.png,0,Uncommon
sv08-010,SSP,SV,010,Dhelmise,https://assets.tcgdex.net/en/sv/sv08/010/high.png,0,Common
sv08-011,SSP,SV,011,Zarude,https://assets.tcgdex.net/en/sv/sv08/011/high.png,0,Rare
sv08-012,SSP,SV,012,Capsakid,https://assets.tcgdex.net/en/sv/sv08/012/high.png,0,Common
sv08-013,SSP,SV,013,Rellor,https://assets.tcgdex.net/en/sv/sv08/013/high.png,0,Common
sv08-014,SSP,SV,014,Rabsca,https://assets.tcgdex.net/en/sv/sv08/014/high.png,0,Rare
sv08-015,SSP,SV,015,Wo-Chien,https://assets.tcgdex.net/en/sv/sv08/015/high.png,0,Uncommon
sv08-016,SSP,SV,016,Vulpix,https://assets.tcgdex.net/en/sv/sv08/016/high.png,0,Common
sv08-017,SSP,SV,017,Ninetales,https://assets.tcgdex.net/en/sv/sv08/017/high.png,0,Uncommon
sv08-018,SSP,SV,018,Paldean Tauros,https://assets.tcgdex.net/en/sv/sv08/018/high.png,0,Uncommon
sv08-019,SSP,SV,019,Ho-Oh,https://assets.tcgdex.net/en/sv/sv08/019/high.png,0,Uncommon
sv08-020,SSP,SV,020,Castform Sunny Form,https://assets.tcgdex.net/en/sv/sv08/020/high.png,0,Common
sv08-021,SSP,SV,021,Victini,https://assets.tcgdex.net/en/sv/sv08/021/high.png,0,Uncommon
sv08-022,SSP,SV,022,Pansear,https://assets.tcgdex.net/en/sv/sv08/022/high.png,0,Common
sv08-023,SSP,SV,023,Simisear,https://assets.tcgdex.net/en/sv/sv08/023/high.png,0,Common
sv08-024,SSP,SV,024,Larvesta,https://assets.tcgdex.net/en/sv/sv08/024/high.png,0,Common
sv08-025,SSP,SV,025,Volcarona,https://assets.tcgdex.net/en/sv/sv08/025/high.png,0,Common
sv08-026,SSP,SV,026,Oricorio,https://assets.tcgdex.net/en/sv/sv08/026/high.png,0,Common
sv08-027,SSP,SV,027,Sizzlipede,https://assets.tcgdex.net/en/sv/sv08/027/high.png,0,Common
sv08-028,SSP,SV,028,Centiskorch,https://assets.tcgdex.net/en/sv/sv08/028/high.png,0,Common
sv08-029,SSP,SV,029,Fuecoco,https://assets.tcgdex.net/en/sv/sv08/029/high.png,0,Common
sv08-030,SSP,SV,030,Crocalor,https://assets.tcgdex.net/en/sv/sv08/030/high.png,0,Common
sv08-031,SSP,SV,031,Skeledirge,https://assets.tcgdex.net/en/sv/sv08/031/high.png,0,Rare
sv08-032,SSP,SV,032,Charcadet,https://assets.tcgdex.net/en/sv/sv08/032/high.png,0,Common
sv08-033,SSP,SV,033,Charcadet,https://assets.tcgdex.net/en/sv/sv08/033/high.png,0,Common
sv08-034,SSP,SV,034,Armarouge,https://assets.tcgdex.net/en/sv/sv08/034/high.png,0,Uncommon
sv08-035,SSP,SV,035,Ceruledge,https://assets.tcgdex.net/en/sv/sv08/035/high.png,0,Uncommon
sv08-036,SSP,SV,036,Ceruledge ex,https://assets.tcgdex.net/en/sv/sv08/036/high.png,0,Double rare
sv08-037,SSP,SV,037,Scovillain ex,https://assets.tcgdex.net/en/sv/sv08/037/high.png,0,Double rare
sv08-038,SSP,SV,038,Gouging Fire,https://assets.tcgdex.net/en/sv/sv08/038/high.png,0,Rare
sv08-039,SSP,SV,039,Paldean Tauros,https://assets.tcgdex.net/en/sv/sv08/039/high.png,0,Uncommon
sv08-040,SSP,SV,040,Mantine,https://assets.tcgdex.net/en/sv/sv08/040/high.png,0,Common
sv08-041,SSP,SV,041,Feebas,https://assets.tcgdex.net/en/sv/sv08/041/high.png,0,Common
sv08-042,SSP,SV,042,Milotic ex,https://assets.tcgdex.net/en/sv/sv08/042/high.png,0,Double rare
sv08-043,SSP,SV,043,Spheal,https://assets.tcgdex.net/en/sv/sv08/043/high.png,0,Common
sv08-044,SSP,SV,044,Sealeo,https://assets.tcgdex.net/en/sv/sv08/044/high.png,0,Common
sv08-045,SSP,SV,045,Walrein,https://assets.tcgdex.net/en/sv/sv08/045/high.png,0,Uncommon
sv08-046,SSP,SV,046,Shellos,https://assets.tcgdex.net/en/sv/sv08/046/high.png,0,Common
sv08-047,SSP,SV,047,Cryogonal,https://assets.tcgdex.net/en/sv/sv08/047/high.png,0,Common
sv08-048,SSP,SV,048,Black Kyurem ex,https://assets.tcgdex.net/en/sv/sv08/048/high.png,0,Double rare
sv08-049,SSP,SV,049,Bruxish,https://assets.tcgdex.net/en/sv/sv08/049/high.png,0,Uncommon
sv08-050,SSP,SV,050,Quaxly,https://assets.tcgdex.net/en/sv/sv08/050/high.png,0,Common
sv08-051,SSP,SV,051,Quaxwell,https://assets.tcgdex.net/en/sv/sv08/051/high.png,0,Common
sv08-052,SSP,SV,052,Quaquaval,https://assets.tcgdex.net/en/sv/sv08/052/high.png,0,Uncommon
sv08-053,SSP,SV,053,Cetoddle,https://assets.tcgdex.net/en/sv/sv08/053/high.png,0,Common
sv08-054,SSP,SV,054,Cetitan,https://assets.tcgdex.net/en/sv/sv08/054/high.png,0,Common
sv08-055,SSP,SV,055,Iron Bundle,https://assets.tcgdex.net/en/sv/sv08/055/high.png,0,Uncommon
sv08-056,SSP,SV,056,Chien-Pao,https://assets.tcgdex.net/en/sv/sv08/056/high.png,0,Rare
sv08-057,SSP,SV,057,Pikachu ex,https://assets.tcgdex.net/en/sv/sv08/057/high.png,0,Double rare
sv08-058,SSP,SV,058,Magnemite,https://assets.tcgdex.net/en/sv/sv08/058/high.png,0,Common
sv08-059,SSP,SV,059,Magneton,https://assets.tcgdex.net/en/sv/sv08/059/high.png,0,Uncommon
sv08-060,SSP,SV,060,Magnezone,https://assets.tcgdex.net/en/sv/sv08/060/high.png,0,Uncommon
sv08-061,SSP,SV,061,Rotom,https://assets.tcgdex.net/en/sv/sv08/061/high.png,0,Common
sv08-062,SSP,SV,062,Blitzle,https://assets.tcgdex.net/en/sv/sv08/062/high.png,0,Common
sv08-063,SSP,SV,063,Zebstrika,https://assets.tcgdex.net/en/sv/sv08/063/high.png,0,Common
sv08-064,SSP,SV,064,Stunfisk,https://assets.tcgdex.net/en/sv/sv08/064/high.png,0,Common
sv08-065,SSP,SV,065,Tapu Koko,https://assets.tcgdex.net/en/sv/sv08/065/high.png,0,Rare
sv08-066,SSP,SV,066,Wattrel,https://assets.tcgdex.net/en/sv/sv08/066/high.png,0,Common
sv08-067,SSP,SV,067,Kilowattrel,https://assets.tcgdex.net/en/sv/sv08/067/high.png,0,Uncommon
sv08-068,SSP,SV,068,Kilowattrel ex,https://assets.tcgdex.net/en/sv/sv08/068/high.png,0,Double rare
sv08-069,SSP,SV,069,Miraidon,https://assets.tcgdex.net/en/sv/sv08/069/high.png,0,Uncommon
sv08-070,SSP,SV,070,Togepi,https://assets.tcgdex.net/en/sv/sv08/070/high.png,0,Common
sv08-071,SSP,SV,071,Togetic,https://assets.tcgdex.net/en/sv/sv08/071/high.png,0,Common
sv08-072,SSP,SV,072,Togekiss,https://assets.tcgdex.net/en/sv/sv08/072/high.png,0,Rare
sv08-073,SSP,SV,073,Marill,https://assets.tcgdex.net/en/sv/sv08/073/high.png,0,Common
sv08-074,SSP,SV,074,Azumarill,https://assets.tcgdex.net/en/sv/sv08/074/high.png,0,Uncommon
sv08-075,SSP,SV,075,Smoochum,https://assets.tcgdex.net/en/sv/sv08/075/high.png,0,Common
sv08-076,SSP,SV,076,Latias ex,https://assets.tcgdex.net/en/sv/sv08/076/high.png,0,Double rare
sv08-077,SSP,SV,077,Latios,https://assets.tcgdex.net/en/sv/sv08/077/high.png,0,Uncommon
sv08-078,SSP,SV,078,Uxie,https://assets.tcgdex.net/en/sv/sv08/078/high.png,0,Common
sv08-079,SSP,SV,079,Mesprit,https://assets.tcgdex.net/en/sv/sv08/079/high.png,0,Common
sv08-080,SSP,SV,080,Azelf,https://assets.tcgdex.net/en/sv/sv08/080/high.png,0,Common
sv08-081,SSP,SV,081,Sigilyph,https://assets.tcgdex.net/en/sv/sv08/081/high.png,0,Common
sv08-082,SSP,SV,082,Yamask,https://assets.tcgdex.net/en/sv/sv08/082/high.png,0,Common
sv08-083,SSP,SV,083,Cofagrigus,https://assets.tcgdex.net/en/sv/sv08/083/high.png,0,Rare
sv08-084,SSP,SV,084,Espurr,https://assets.tcgdex.net/en/sv/sv08/084/high.png,0,Common
sv08-085,SSP,SV,085,Meowstic,https://assets.tcgdex.net/en/sv/sv08/085/high.png,0,Uncommon
sv08-086,SSP,SV,086,Sylveon ex,https://assets.tcgdex.net/en/sv/sv08/086/high.png,0,Double rare
sv08-087,SSP,SV,087,Dedenne,https://assets.tcgdex.net/en/sv/sv08/087/high.png,0,Common
sv08-088,SSP,SV,088,Xerneas,https://assets.tcgdex.net/en/sv/sv08/088/high.png,0,Uncommon
sv08-089,SSP,SV,089,Oricorio,https://assets.tcgdex.net/en/sv/sv08/089/high.png,0,Common
sv08-090,SSP,SV,090,Sandygast,https://assets.tcgdex.net/en/sv/sv08/090/high.png,0,Common
sv08-091,SSP,SV,091,Palossand ex,https://assets.tcgdex.net/en/sv/sv08/091/high.png,0,Double rare
sv08-092,SSP,SV,092,Tapu Lele,https://assets.tcgdex.net/en/sv/sv08/092/high.png,0,Rare
sv08-093,SSP,SV,093,Indeedee,https://assets.tcgdex.net/en/sv/sv08/093/high.png,0,Uncommon
sv08-094,SSP,SV,094,Flittle,https://assets.tcgdex.net/en/sv/sv08/094/high.png,0,Common
sv08-095,SSP,SV,095,Espathra,https://assets.tcgdex.net/en/sv/sv08/095/high.png,0,Uncommon
sv08-096,SSP,SV,096,Flutter Mane,https://assets.tcgdex.net/en/sv/sv08/096/high.png,0,Uncommon
sv08-097,SSP,SV,097,Gimmighoul,https://assets.tcgdex.net/en/sv/sv08/097/high.png,0,Common
sv08-098,SSP,SV,098,Mankey,https://assets.tcgdex.net/en/sv/sv08/098/high.png,0,Common
sv08-099,SSP,SV,099,Primeape,https://assets.tcgdex.net/en/sv/sv08/099/high.png,0,Common
sv08-100,SSP,SV,100,Annihilape,https://assets.tcgdex.net/en/sv/sv08/100/high.png,0,Uncommon
sv08-101,SSP,SV,101,Paldean Tauros,https://assets.tcgdex.net/en/sv/sv08/101/high.png,0,Uncommon
sv08-102,SSP,SV,102,Phanpy,https://assets.tcgdex.net/en/sv/sv08/102/high.png,0,Common
sv08-103,SSP,SV,103,Donphan,https://assets.tcgdex.net/en/sv/sv08/103/high.png,0,Common
sv08-104,SSP,SV,104,Trapinch,https://assets.tcgdex.net/en/sv/sv08/104/high.png,0,Common
sv08-105,SSP,SV,105,Vibrava,https://assets.tcgdex.net/en/sv/sv08/105/high.png,0,Common
sv08-106,SSP,SV,106,Flygon ex,https://assets.tcgdex.net/en/sv/sv08/106/high.png,0,Double rare
sv08-107,SSP,SV,107,Gastrodon,https://assets.tcgdex.net/en/sv/sv08/107/high.png,0,Rare
sv08-108,SSP,SV,108,Drilbur,https://assets.tcgdex.net/en/sv/sv08/108/high.png,0,Common
sv08-109,SSP,SV,109,Excadrill,https://assets.tcgdex.net/en/sv/sv08/109/high.png,0,Common
sv08-110,SSP,SV,110,Landorus,https://assets.tcgdex.net/en/sv/sv08/110/high.png,0,Rare
sv08-111,SSP,SV,111,Passimian,https://assets.tcgdex.net/en/sv/sv08/111/high.png,0,Uncommon
sv08-112,SSP,SV,112,Clobbopus,https://assets.tcgdex.net/en/sv/sv08/112/high.png,0,Common
sv08-113,SSP,SV,113,Grapploct,https://assets.tcgdex.net/en/sv/sv08/113/high.png,0,Common
sv08-114,SSP,SV,114,Glimmet,https://assets.tcgdex.net/en/sv/sv08/114/high.png,0,Common
sv08-115,SSP,SV,115,Glimmora,https://assets.tcgdex.net/en/sv/sv08/115/high.png,0,Common
sv08-116,SSP,SV,116,Koraidon,https://assets.tcgdex.net/en/sv/sv08/116/high.png,0,Uncommon
sv08-117,SSP,SV,117,Deino,https://assets.tcgdex.net/en/sv/sv08/117/high.png,0,Common
sv08-118,SSP,SV,118,Zweilous,https://assets.tcgdex.net/en/sv/sv08/118/high.png,0,Common
sv08-119,SSP,SV,119,Hydreigon ex,https://assets.tcgdex.net/en/sv/sv08/119/high.png,0,Double rare
sv08-120,SSP,SV,120,Shroodle,https://assets.tcgdex.net/en/sv/sv08/120/high.png,0,Common
sv08-121,SSP,SV,121,Grafaiai,https://assets.tcgdex.net/en/sv/sv08/121/high.png,0,Uncommon
sv08-122,SSP,SV,122,Alolan Diglett,https://assets.tcgdex.net/en/sv/sv08/122/high.png,0,Common
sv08-123,SSP,SV,123,Alolan Dugtrio,https://assets.tcgdex.net/en/sv/sv08/123/high.png,0,Uncommon
sv08-124,SSP,SV,124,Skarmory,https://assets.tcgdex.net/en/sv/sv08/124/high.png,0,Common
sv08-125,SSP,SV,125,Registeel,https://assets.tcgdex.net/en/sv/sv08/125/high.png,0,Uncommon
sv08-126,SSP,SV,126,Bronzor,https://assets.tcgdex.net/en/sv/sv08/126/high.png,0,Common
sv08-127,SSP,SV,127,Bronzong,https://assets.tcgdex.net/en/sv/sv08/127/high.png,0,Common
sv08-128,SSP,SV,128,Klefki,https://assets.tcgdex.net/en/sv/sv08/128/high.png,0,Common
sv08-129,SSP,SV,129,Duraludon,https://assets.tcgdex.net/en/sv/sv08/129/high.png,0,Common
sv08-130,SSP,SV,130,Archaludon ex,https://assets.tcgdex.net/en/sv/sv08/130/high.png,0,Double rare
sv08-131,SSP,SV,131,Gholdengo,https://assets.tcgdex.net/en/sv/sv08/131/high.png,0,Uncommon
sv08-132,SSP,SV,132,Iron Crown,https://assets.tcgdex.net/en/sv/sv08/132/high.png,0,Rare
sv08-133,SSP,SV,133,Alolan Exeggutor ex,https://assets.tcgdex.net/en/sv/sv08/133/high.png,0,Double rare
sv08-134,SSP,SV,134,Altaria,https://assets.tcgdex.net/en/sv/sv08/134/high.png,0,Uncommon
sv08-135,SSP,SV,135,Dialga,https://assets.tcgdex.net/en/sv/sv08/135/high.png,0,Rare
sv08-136,SSP,SV,136,Palkia,https://assets.tcgdex.net/en/sv/sv08/136/high.png,0,Rare
sv08-137,SSP,SV,137,Turtonator,https://assets.tcgdex.net/en/sv/sv08/137/high.png,0,Uncommon
sv08-138,SSP,SV,138,Applin,https://assets.tcgdex.net/en/sv/sv08/138/high.png,0,Common
sv08-139,SSP,SV,139,Flapple,https://assets.tcgdex.net/en/sv/sv08/139/high.png,0,Uncommon
sv08-140,SSP,SV,140,Appletun,https://assets.tcgdex.net/en/sv/sv08/140/high.png,0,Uncommon
sv08-141,SSP,SV,141,Eternatus,https://assets.tcgdex.net/en/sv/sv08/141/high.png,0,Rare
sv08-142,SSP,SV,142,Tatsugiri ex,https://assets.tcgdex.net/en/sv/sv08/142/high.png,0,Double rare
sv08-143,SSP,SV,143,Eevee,https://assets.tcgdex.net/en/sv/sv08/143/high.png,0,Common
sv08-144,SSP,SV,144,Snorlax,https://assets.tcgdex.net/en/sv/sv08/144/high.png,0,Common
sv08-145,SSP,SV,145,Slakoth,https://assets.tcgdex.net/en/sv/sv08/145/high.png,0,Common
sv08-146,SSP,SV,146,Vigoroth,https://assets.tcgdex.net/en/sv/sv08/146/high.png,0,Common
sv08-147,SSP,SV,147,Slaking ex,https://assets.tcgdex.net/en/sv/sv08/147/high.png,0,Double rare
sv08-148,SSP,SV,148,Swablu,https://assets.tcgdex.net/en/sv/sv08/148/high.png,0,Common
sv08-149,SSP,SV,149,Zangoose,https://assets.tcgdex.net/en/sv/sv08/149/high.png,0,Common
sv08-150,SSP,SV,150,Kecleon,https://assets.tcgdex.net/en/sv/sv08/150/high.png,0,Common
sv08-151,SSP,SV,151,Bouffalant,https://assets.tcgdex.net/en/sv/sv08/151/high.png,0,Common
sv08-152,SSP,SV,152,Rufflet,https://assets.tcgdex.net/en/sv/sv08/152/high.png,0,Common
sv08-153,SSP,SV,153,Braviary,https://assets.tcgdex.net/en/sv/sv08/153/high.png,0,Uncommon
sv08-154,SSP,SV,154,Helioptile,https://assets.tcgdex.net/en/sv/sv08/154/high.png,0,Common
sv08-155,SSP,SV,155,Heliolisk,https://assets.tcgdex.net/en/sv/sv08/155/high.png,0,Common
sv08-156,SSP,SV,156,Oranguru,https://assets.tcgdex.net/en/sv/sv08/156/high.png,0,Common
sv08-157,SSP,SV,157,Tandemaus,https://assets.tcgdex.net/en/sv/sv08/157/high.png,0,Common
sv08-158,SSP,SV,158,Maushold,https://assets.tcgdex.net/en/sv/sv08/158/high.png,0,Uncommon
sv08-159,SSP,SV,159,Cyclizar ex,https://assets.tcgdex.net/en/sv/sv08/159/high.png,0,Double rare
sv08-160,SSP,SV,160,Flamigo ex,https://assets.tcgdex.net/en/sv/sv08/160/high.png,0,Double rare
sv08-161,SSP,SV,161,Terapagos,https://assets.tcgdex.net/en/sv/sv08/161/high.png,0,Rare
sv08-192,SSP,SV,192,Exeggcute,https://assets.tcgdex.net/en/sv/sv08/192/high.png,0,Illustration rare
sv08-193,SSP,SV,193,Vivillon,https://assets.tcgdex.net/en/sv/sv08/193/high.png,0,Illustration rare
sv08-194,SSP,SV,194,Shiinotic,https://assets.tcgdex.net/en/sv/sv08/194/high.png,0,Illustration rare
sv08-195,SSP,SV,195,Castform Sunny Form,https://assets.tcgdex.net/en/sv/sv08/195/high.png,0,Illustration rare
sv08-196,SSP,SV,196,Larvesta,https://assets.tcgdex.net/en/sv/sv08/196/high.png,0,Illustration rare
sv08-197,SSP,SV,197,Ceruledge,https://assets.tcgdex.net/en/sv/sv08/197/high.png,0,Illustration rare
sv08-198,SSP,SV,198,Feebas,https://assets.tcgdex.net/en/sv/sv08/198/high.png,0,Illustration rare
sv08-199,SSP,SV,199,Spheal,https://assets.tcgdex.net/en/sv/sv08/199/high.png,0,Illustration rare
sv08-200,SSP,SV,200,Bruxish,https://assets.tcgdex.net/en/sv/sv08/200/high.png,0,Illustration rare
sv08-201,SSP,SV,201,Cetitan,https://assets.tcgdex.net/en/sv/sv08/201/high.png,0,Illustration rare
sv08-202,SSP,SV,202,Stunfisk,https://assets.tcgdex.net/en/sv/sv08/202/high.png,0,Illustration rare
sv08-203,SSP,SV,203,Latios,https://assets.tcgdex.net/en/sv/sv08/203/high.png,0,Illustration rare
sv08-204,SSP,SV,204,Mesprit,https://assets.tcgdex.net/en/sv/sv08/204/high.png,0,Illustration rare
sv08-205,SSP,SV,205,Phanpy,https://assets.tcgdex.net/en/sv/sv08/205/high.png,0,Illustration rare
sv08-206,SSP,SV,206,Vibrava,https://assets.tcgdex.net/en/sv/sv08/206/high.png,0,Illustration rare
sv08-207,SSP,SV,207,Clobbopus,https://assets.tcgdex.net/en/sv/sv08/207/high.png,0,Illustration rare
sv08-208,SSP,SV,208,Alolan Dugtrio,https://assets.tcgdex.net/en/sv/sv08/208/high.png,0,Illustration rare
sv08-209,SSP,SV,209,Skarmory,https://assets.tcgdex.net/en/sv/sv08/209/high.png,0,Illustration rare
sv08-210,SSP,SV,210,Flapple,https://assets.tcgdex.net/en/sv/sv08/210/high.png,0,Illustration rare
sv08-211,SSP,SV,211,Appletun,https://assets.tcgdex.net/en/sv/sv08/211/high.png,0,Illustration rare
sv08-212,SSP,SV,212,Slakoth,https://assets.tcgdex.net/en/sv/sv08/212/high.png,0,Illustration rare
sv08-213,SSP,SV,213,Kecleon,https://assets.tcgdex.net/en/sv/sv08/213/high.png,0,Illustration rare
sv08-214,SSP,SV,214,Braviary,https://assets.tcgdex.net/en/sv/sv08/214/high.png,0,Illustration rare
sv08-215,SSP,SV,215,Durant ex,https://assets.tcgdex.net/en/sv/sv08/215/high.png,0,Ultra Rare
sv08-216,SSP,SV,216,Scovillain ex,https://assets.tcgdex.net/en/sv/sv08/216/high.png,0,Ultra Rare
sv08-217,SSP,SV,217,Milotic ex,https://assets.tcgdex.net/en/sv/sv08/217/high.png,0,Ultra Rare
sv08-218,SSP,SV,218,Black Kyurem ex,https://assets.tcgdex.net/en/sv/sv08/218/high.png,0,Ultra Rare
sv08-219,SSP,SV,219,Pikachu ex,https://assets.tcgdex.net/en/sv/sv08/219/high.png,0,Ultra Rare
sv08-220,SSP,SV,220,Latias ex,https://assets.tcgdex.net/en/sv/sv08/220/high.png,0,Ultra Rare
sv08-221,SSP,SV,221,Palossand ex,https://assets.tcgdex.net/en/sv/sv08/221/high.png,0,Ultra Rare
sv08-222,SSP,SV,222,Flygon ex,https://assets.tcgdex.net/en/sv/sv08/222/high.png,0,Ultra Rare
sv08-223,SSP,SV,223,Hydreigon ex,https://assets.tcgdex.net/en/sv/sv08/223/high.png,0,Ultra Rare
sv08-224,SSP,SV,224,Archaludon ex,https://assets.tcgdex.net/en/sv/sv08/224/high.png,0,Ultra Rare
sv08-225,SSP,SV,225,Alolan Exeggutor ex,https://assets.tcgdex.net/en/sv/sv08/225/high.png,0,Ultra Rare
sv08-226,SSP,SV,226,Tatsugiri ex,https://assets.tcgdex.net/en/sv/sv08/226/high.png,0,Ultra Rare
sv08-227,SSP,SV,227,Slaking ex,https://assets.tcgdex.net/en/sv/sv08/227/high.png,0,Ultra Rare
sv08-228,SSP,SV,228,Cyclizar ex,https://assets.tcgdex.net/en/sv/sv08/228/high.png,0,Ultra Rare
sv08-236,SSP,SV,236,Durant ex,https://assets.tcgdex.net/en/sv/sv08/236/high.png,0,Special illustration rare
sv08-237,SSP,SV,237,Milotic ex,https://assets.tcgdex.net/en/sv/sv08/237/high.png,0,Special illustration rare
sv08-238,SSP,SV,238,Pikachu ex,https://assets.tcgdex.net/en/sv/sv08/238/high.png,0,Special illustration rare
sv08-239,SSP,SV,239,Latias ex,https://assets.tcgdex.net/en/sv/sv08/239/high.png,0,Special illustration rare
sv08-240,SSP,SV,240,Hydreigon ex,https://assets.tcgdex.net/en/sv/sv08/240/high.png,0,Special illustration rare
sv08-241,SSP,SV,241,Archaludon ex,https://assets.tcgdex.net/en/sv/sv08/241/high.png,0,Special illustration rare
sv08-242,SSP,SV,242,Alolan Exeggutor ex,https://assets.tcgdex.net/en/sv/sv08/242/high.png,0,Special illustration rare
sv08-247,SSP,SV,247,Pikachu ex,https://assets.tcgdex.net/en/sv/sv08/247/high.png,0,Hyper rare
sv08-248,SSP,SV,248,Alolan Exeggutor ex,https://assets.tcgdex.net/en/sv/sv08/248/high.png,0,Hyper rare
sv10.5w-001,WHT,SV,001,Sewaddle,https://assets.tcgdex.net/en/sv/sv10.5w/001/high.png,0,Common
sv10.5w-002,WHT,SV,002,Swadloon,https://assets.tcgdex.net/en/sv/sv10.5w/002/high.png,0,Common
sv10.5w-003,WHT,SV,003,Leavanny,https://assets.tcgdex.net/en/sv/sv10.5w/003/high.png,0,Uncommon
sv10.5w-004,WHT,SV,004,Cottonee,https://assets.tcgdex.net/en/sv/sv10.5w/004/high.png,0,Common
sv10.5w-005,WHT,SV,005,Whimsicott ex,https://assets.tcgdex.net/en/sv/sv10.5w/005/high.png,0,Double rare
sv10.5w-006,WHT,SV,006,Deerling,https://assets.tcgdex.net/en/sv/sv10.5w/006/high.png,0,Common
sv10.5w-007,WHT,SV,007,Sawsbuck,https://assets.tcgdex.net/en/sv/sv10.5w/007/high.png,0,Uncommon
sv10.5w-008,WHT,SV,008,Shelmet,https://assets.tcgdex.net/en/sv/sv10.5w/008/high.png,0,Common
sv10.5w-009,WHT,SV,009,Accelgor,https://assets.tcgdex.net/en/sv/sv10.5w/009/high.png,0,Uncommon
sv10.5w-010,WHT,SV,010,Virizion,https://assets.tcgdex.net/en/sv/sv10.5w/010/high.png,0,Rare
sv10.5w-011,WHT,SV,011,Tepig,https://assets.tcgdex.net/en/sv/sv10.5w/011/high.png,0,Common
sv10.5w-012,WHT,SV,012,Pignite,https://assets.tcgdex.net/en/sv/sv10.5w/012/high.png,0,Common
sv10.5w-013,WHT,SV,013,Emboar,https://assets.tcgdex.net/en/sv/sv10.5w/013/high.png,0,Rare
sv10.5w-014,WHT,SV,014,Pansear,https://assets.tcgdex.net/en/sv/sv10.5w/014/high.png,0,Common
sv10.5w-015,WHT,SV,015,Simisear,https://assets.tcgdex.net/en/sv/sv10.5w/015/high.png,0,Uncommon
sv10.5w-016,WHT,SV,016,Litwick,https://assets.tcgdex.net/en/sv/sv10.5w/016/high.png,0,Common
sv10.5w-017,WHT,SV,017,Lampent,https://assets.tcgdex.net/en/sv/sv10.5w/017/high.png,0,Common
sv10.5w-018,WHT,SV,018,Chandelure,https://assets.tcgdex.net/en/sv/sv10.5w/018/high.png,0,Rare
sv10.5w-019,WHT,SV,019,Heatmor,https://assets.tcgdex.net/en/sv/sv10.5w/019/high.png,0,Uncommon
sv10.5w-020,WHT,SV,020,Reshiram ex,https://assets.tcgdex.net/en/sv/sv10.5w/020/high.png,0,Double rare
sv10.5w-021,WHT,SV,021,Oshawott,https://assets.tcgdex.net/en/sv/sv10.5w/021/high.png,0,Common
sv10.5w-022,WHT,SV,022,Dewott,https://assets.tcgdex.net/en/sv/sv10.5w/022/high.png,0,Common
sv10.5w-023,WHT,SV,023,Samurott,https://assets.tcgdex.net/en/sv/sv10.5w/023/high.png,0,Rare
sv10.5w-024,WHT,SV,024,Basculin,https://assets.tcgdex.net/en/sv/sv10.5w/024/high.png,0,Common
sv10.5w-025,WHT,SV,025,Ducklett,https://assets.tcgdex.net/en/sv/sv10.5w/025/high.png,0,Common
sv10.5w-026,WHT,SV,026,Swanna,https://assets.tcgdex.net/en/sv/sv10.5w/026/high.png,0,Uncommon
sv10.5w-027,WHT,SV,027,Vanillite,https://assets.tcgdex.net/en/sv/sv10.5w/027/high.png,0,Common
sv10.5w-028,WHT,SV,028,Vanillish,https://assets.tcgdex.net/en/sv/sv10.5w/028/high.png,0,Common
sv10.5w-029,WHT,SV,029,Vanilluxe,https://assets.tcgdex.net/en/sv/sv10.5w/029/high.png,0,Uncommon
sv10.5w-030,WHT,SV,030,Keldeo ex,https://assets.tcgdex.net/en/sv/sv10.5w/030/high.png,0,Double rare
sv10.5w-031,WHT,SV,031,Blitzle,https://assets.tcgdex.net/en/sv/sv10.5w/031/high.png,0,Common
sv10.5w-032,WHT,SV,032,Zebstrika,https://assets.tcgdex.net/en/sv/sv10.5w/032/high.png,0,Uncommon
sv10.5w-033,WHT,SV,033,Joltik,https://assets.tcgdex.net/en/sv/sv10.5w/033/high.png,0,Common
sv10.5w-034,WHT,SV,034,Galvantula,https://assets.tcgdex.net/en/sv/sv10.5w/034/high.png,0,Uncommon
sv10.5w-035,WHT,SV,035,Stunfisk,https://assets.tcgdex.net/en/sv/sv10.5w/035/high.png,0,Uncommon
sv10.5w-036,WHT,SV,036,Woobat,https://assets.tcgdex.net/en/sv/sv10.5w/036/high.png,0,Common
sv10.5w-037,WHT,SV,037,Swoobat,https://assets.tcgdex.net/en/sv/sv10.5w/037/high.png,0,Uncommon
sv10.5w-038,WHT,SV,038,Sigilyph,https://assets.tcgdex.net/en/sv/sv10.5w/038/high.png,0,Uncommon
sv10.5w-039,WHT,SV,039,Yamask,https://assets.tcgdex.net/en/sv/sv10.5w/039/high.png,0,Common
sv10.5w-040,WHT,SV,040,Cofagrigus,https://assets.tcgdex.net/en/sv/sv10.5w/040/high.png,0,Rare
sv10.5w-041,WHT,SV,041,Gothita,https://assets.tcgdex.net/en/sv/sv10.5w/041/high.png,0,Common
sv10.5w-042,WHT,SV,042,Gothorita,https://assets.tcgdex.net/en/sv/sv10.5w/042/high.png,0,Common
sv10.5w-043,WHT,SV,043,Gothitelle,https://assets.tcgdex.net/en/sv/sv10.5w/043/high.png,0,Rare
sv10.5w-044,WHT,SV,044,Frillish,https://assets.tcgdex.net/en/sv/sv10.5w/044/high.png,0,Common
sv10.5w-045,WHT,SV,045,Jellicent ex,https://assets.tcgdex.net/en/sv/sv10.5w/045/high.png,0,Double rare
sv10.5w-046,WHT,SV,046,Roggenrola,https://assets.tcgdex.net/en/sv/sv10.5w/046/high.png,0,Common
sv10.5w-047,WHT,SV,047,Boldore,https://assets.tcgdex.net/en/sv/sv10.5w/047/high.png,0,Common
sv10.5w-048,WHT,SV,048,Gigalith,https://assets.tcgdex.net/en/sv/sv10.5w/048/high.png,0,Uncommon
sv10.5w-049,WHT,SV,049,Sawk,https://assets.tcgdex.net/en/sv/sv10.5w/049/high.png,0,Uncommon
sv10.5w-050,WHT,SV,050,Archen,https://assets.tcgdex.net/en/sv/sv10.5w/050/high.png,0,Uncommon
sv10.5w-051,WHT,SV,051,Archeops,https://assets.tcgdex.net/en/sv/sv10.5w/051/high.png,0,Rare
sv10.5w-052,WHT,SV,052,Mienfoo,https://assets.tcgdex.net/en/sv/sv10.5w/052/high.png,0,Common
sv10.5w-053,WHT,SV,053,Mienshao,https://assets.tcgdex.net/en/sv/sv10.5w/053/high.png,0,Uncommon
sv10.5w-054,WHT,SV,054,Terrakion,https://assets.tcgdex.net/en/sv/sv10.5w/054/high.png,0,Rare
sv10.5w-055,WHT,SV,055,Purrloin,https://assets.tcgdex.net/en/sv/sv10.5w/055/high.png,0,Common
sv10.5w-056,WHT,SV,056,Liepard,https://assets.tcgdex.net/en/sv/sv10.5w/056/high.png,0,Uncommon
sv10.5w-057,WHT,SV,057,Scraggy,https://assets.tcgdex.net/en/sv/sv10.5w/057/high.png,0,Common
sv10.5w-058,WHT,SV,058,Scrafty,https://assets.tcgdex.net/en/sv/sv10.5w/058/high.png,0,Uncommon
sv10.5w-059,WHT,SV,059,Trubbish,https://assets.tcgdex.net/en/sv/sv10.5w/059/high.png,0,Common
sv10.5w-060,WHT,SV,060,Garbodor,https://assets.tcgdex.net/en/sv/sv10.5w/060/high.png,0,Uncommon
sv10.5w-061,WHT,SV,061,Zorua,https://assets.tcgdex.net/en/sv/sv10.5w/061/high.png,0,Common
sv10.5w-062,WHT,SV,062,Zoroark,https://assets.tcgdex.net/en/sv/sv10.5w/062/high.png,0,Rare
sv10.5w-063,WHT,SV,063,Vullaby,https://assets.tcgdex.net/en/sv/sv10.5w/063/high.png,0,Common
sv10.5w-064,WHT,SV,064,Mandibuzz,https://assets.tcgdex.net/en/sv/sv10.5w/064/high.png,0,Uncommon
sv10.5w-065,WHT,SV,065,Deino,https://assets.tcgdex.net/en/sv/sv10.5w/065/high.png,0,Common
sv10.5w-066,WHT,SV,066,Zweilous,https://assets.tcgdex.net/en/sv/sv10.5w/066/high.png,0,Common
sv10.5w-067,WHT,SV,067,Hydreigon ex,https://assets.tcgdex.net/en/sv/sv10.5w/067/high.png,0,Double rare
sv10.5w-068,WHT,SV,068,Ferroseed,https://assets.tcgdex.net/en/sv/sv10.5w/068/high.png,0,Common
sv10.5w-069,WHT,SV,069,Ferrothorn,https://assets.tcgdex.net/en/sv/sv10.5w/069/high.png,0,Uncommon
sv10.5w-070,WHT,SV,070,Durant,https://assets.tcgdex.net/en/sv/sv10.5w/070/high.png,0,Uncommon
sv10.5w-071,WHT,SV,071,Druddigon,https://assets.tcgdex.net/en/sv/sv10.5w/071/high.png,0,Uncommon
sv10.5w-072,WHT,SV,072,Patrat,https://assets.tcgdex.net/en/sv/sv10.5w/072/high.png,0,Common
sv10.5w-073,WHT,SV,073,Watchog,https://assets.tcgdex.net/en/sv/sv10.5w/073/high.png,0,Uncommon
sv10.5w-074,WHT,SV,074,Lillipup,https://assets.tcgdex.net/en/sv/sv10.5w/074/high.png,0,Common
sv10.5w-075,WHT,SV,075,Herdier,https://assets.tcgdex.net/en/sv/sv10.5w/075/high.png,0,Common
sv10.5w-076,WHT,SV,076,Stoutland,https://assets.tcgdex.net/en/sv/sv10.5w/076/high.png,0,Uncommon
sv10.5w-077,WHT,SV,077,Bouffalant ex,https://assets.tcgdex.net/en/sv/sv10.5w/077/high.png,0,Double rare
sv10.5w-078,WHT,SV,078,Tornadus,https://assets.tcgdex.net/en/sv/sv10.5w/078/high.png,0,Rare
sv10.5w-087,WHT,SV,087,Sewaddle,https://assets.tcgdex.net/en/sv/sv10.5w/087/high.png,0,Illustration rare
sv10.5w-088,WHT,SV,088,Swadloon,https://assets.tcgdex.net/en/sv/sv10.5w/088/high.png,0,Illustration rare
sv10.5w-089,WHT,SV,089,Leavanny,https://assets.tcgdex.net/en/sv/sv10.5w/089/high.png,0,Illustration rare
sv10.5w-090,WHT,SV,090,Cottonee,https://assets.tcgdex.net/en/sv/sv10.5w/090/high.png,0,Illustration rare
sv10.5w-091,WHT,SV,091,Deerling,https://assets.tcgdex.net/en/sv/sv10.5w/091/high.png,0,Illustration rare
sv10.5w-092,WHT,SV,092,Sawsbuck,https://assets.tcgdex.net/en/sv/sv10.5w/092/high.png,0,Illustration rare
sv10.5w-093,WHT,SV,093,Shelmet,https://assets.tcgdex.net/en/sv/sv10.5w/093/high.png,0,Illustration rare
sv10.5w-094,WHT,SV,094,Accelgor,https://assets.tcgdex.net/en/sv/sv10.5w/094/high.png,0,Illustration rare
sv10.5w-095,WHT,SV,095,Virizion,https://assets.tcgdex.net/en/sv/sv10.5w/095/high.png,0,Illustration rare
sv10.5w-096,WHT,SV,096,Tepig,https://assets.tcgdex.net/en/sv/sv10.5w/096/high.png,0,Illustration rare
sv10.5w-097,WHT,SV,097,Pignite,https://assets.tcgdex.net/en/sv/sv10.5w/097/high.png,0,Illustration rare
sv10.5w-098,WHT,SV,098,Emboar,https://assets.tcgdex.net/en/sv/sv10.5w/098/high.png,0,Illustration rare
sv10.5w-099,WHT,SV,099,Pansear,https://assets.tcgdex.net/en/sv/sv10.5w/099/high.png,0,Illustration rare
sv10.5w-100,WHT,SV,100,Simisear,https://assets.tcgdex.net/en/sv/sv10.5w/100/high.png,0,Illustration rare
sv10.5w-101,WHT,SV,101,Litwick,https://assets.tcgdex.net/en/sv/sv10.5w/101/high.png,0,Illustration rare
sv10.5w-102,WHT,SV,102,Lampent,https://assets.tcgdex.net/en/sv/sv10.5w/102/high.png,0,Illustration rare
sv10.5w-103,WHT,SV,103,Chandelure,https://assets.tcgdex.net/en/sv/sv10.5w/103/high.png,0,Illustration rare
sv10.5w-104,WHT,SV,104,Heatmor,https://assets.tcgdex.net/en/sv/sv10.5w/104/high.png,0,Illustration rare
sv10.5w-105,WHT,SV,105,Oshawott,https://assets.tcgdex.net/en/sv/sv10.5w/105/high.png,0,Illustration rare
sv10.5w-106,WHT,SV,106,Dewott,https://assets.tcgdex.net/en/sv/sv10.5w/106/high.png,0,Illustration rare
sv10.5w-107,WHT,SV,107,Samurott,https://assets.tcgdex.net/en/sv/sv10.5w/107/high.png,0,Illustration rare
sv10.5w-108,WHT,SV,108,Basculin,https://assets.tcgdex.net/en/sv/sv10.5w/108/high.png,0,Illustration rare
sv10.5w-109,WHT,SV,109,Ducklett,https://assets.tcgdex.net/en/sv/sv10.5w/109/high.png,0,Illustration rare
sv10.5w-110,WHT,SV,110,Swanna,https://assets.tcgdex.net/en/sv/sv10.5w/110/high.png,0,Illustration rare
sv10.5w-111,WHT,SV,111,Vanillite,https://assets.tcgdex.net/en/sv/sv10.5w/111/high.png,0,Illustration rare
sv10.5w-112,WHT,SV,112,Vanillish,https://assets.tcgdex.net/en/sv/sv10.5w/112/high.png,0,Illustration rare
sv10.5w-113,WHT,SV,113,Vanilluxe,https://assets.tcgdex.net/en/sv/sv10.5w/113/high.png,0,Illustration rare
sv10.5w-114,WHT,SV,114,Blitzle,https://assets.tcgdex.net/en/sv/sv10.5w/114/high.png,0,Illustration rare
sv10.5w-115,WHT,SV,115,Zebstrika,https://assets.tcgdex.net/en/sv/sv10.5w/115/high.png,0,Illustration rare
sv10.5w-116,WHT,SV,116,Joltik,https://assets.tcgdex.net/en/sv/sv10.5w/116/high.png,0,Illustration rare
sv10.5w-117,WHT,SV,117,Galvantula,https://assets.tcgdex.net/en/sv/sv10.5w/117/high.png,0,Illustration rare
sv10.5w-118,WHT,SV,118,Stunfisk,https://assets.tcgdex.net/en/sv/sv10.5w/118/high.png,0,Illustration rare
sv10.5w-119,WHT,SV,119,Woobat,https://assets.tcgdex.net/en/sv/sv10.5w/119/high.png,0,Illustration rare
sv10.5w-120,WHT,SV,120,Swoobat,https://assets.tcgdex.net/en/sv/sv10.5w/120/high.png,0,Illustration rare
sv10.5w-121,WHT,SV,121,Sigilyph,https://assets.tcgdex.net/en/sv/sv10.5w/121/high.png,0,Illustration rare
sv10.5w-122,WHT,SV,122,Yamask,https://assets.tcgdex.net/en/sv/sv10.5w/122/high.png,0,Illustration rare
sv10.5w-123,WHT,SV,123,Cofagrigus,https://assets.tcgdex.net/en/sv/sv10.5w/123/high.png,0,Illustration rare
sv10.5w-124,WHT,SV,124,Gothita,https://assets.tcgdex.net/en/sv/sv10.5w/124/high.png,0,Illustration rare
sv10.5w-125,WHT,SV,125,Gothorita,https://assets.tcgdex.net/en/sv/sv10.5w/125/high.png,0,Illustration rare
sv10.5w-126,WHT,SV,126,Frillish,https://assets.tcgdex.net/en/sv/sv10.5w/126/high.png,0,Illustration rare
sv10.5w-127,WHT,SV,127,Roggenrola,https://assets.tcgdex.net/en/sv/sv10.5w/127/high.png,0,Illustration rare
sv10.5w-128,WHT,SV,128,Boldore,https://assets.tcgdex.net/en/sv/sv10.5w/128/high.png,0,Illustration rare
sv10.5w-129,WHT,SV,129,Gigalith,https://assets.tcgdex.net/en/sv/sv10.5w/129/high.png,0,Illustration rare
sv10.5w-130,WHT,SV,130,Sawk,https://assets.tcgdex.net/en/sv/sv10.5w/130/high.png,0,Illustration rare
sv10.5w-131,WHT,SV,131,Archen,https://assets.tcgdex.net/en/sv/sv10.5w/131/high.png,0,Illustration rare
sv10.5w-132,WHT,SV,132,Archeops,https://assets.tcgdex.net/en/sv/sv10.5w/132/high.png,0,Illustration rare
sv10.5w-133,WHT,SV,133,Mienfoo,https://assets.tcgdex.net/en/sv/sv10.5w/133/high.png,0,Illustration rare
sv10.5w-134,WHT,SV,134,Mienshao,https://assets.tcgdex.net/en/sv/sv10.5w/134/high.png,0,Illustration rare
sv10.5w-135,WHT,SV,135,Terrakion,https://assets.tcgdex.net/en/sv/sv10.5w/135/high.png,0,Illustration rare
sv10.5w-136,WHT,SV,136,Purrloin,https://assets.tcgdex.net/en/sv/sv10.5w/136/high.png,0,Illustration rare
sv10.5w-137,WHT,SV,137,Liepard,https://assets.tcgdex.net/en/sv/sv10.5w/137/high.png,0,Illustration rare
sv10.5w-138,WHT,SV,138,Scraggy,https://assets.tcgdex.net/en/sv/sv10.5w/138/high.png,0,Illustration rare
sv10.5w-139,WHT,SV,139,Scrafty,https://assets.tcgdex.net/en/sv/sv10.5w/139/high.png,0,Illustration rare
sv10.5w-140,WHT,SV,140,Trubbish,https://assets.tcgdex.net/en/sv/sv10.5w/140/high.png,0,Illustration rare
sv10.5w-141,WHT,SV,141,Garbodor,https://assets.tcgdex.net/en/sv/sv10.5w/141/high.png,0,Illustration rare
sv10.5w-142,WHT,SV,142,Zorua,https://assets.tcgdex.net/en/sv/sv10.5w/142/high.png,0,Illustration rare
sv10.5w-143,WHT,SV,143,Zoroark,https://assets.tcgdex.net/en/sv/sv10.5w/143/high.png,0,Illustration rare
sv10.5w-144,WHT,SV,144,Vullaby,https://assets.tcgdex.net/en/sv/sv10.5w/144/high.png,0,Illustration rare
sv10.5w-145,WHT,SV,145,Mandibuzz,https://assets.tcgdex.net/en/sv/sv10.5w/145/high.png,0,Illustration rare
sv10.5w-146,WHT,SV,146,Deino,https://assets.tcgdex.net/en/sv/sv10.5w/146/high.png,0,Illustration rare
sv10.5w-147,WHT,SV,147,Zweilous,https://assets.tcgdex.net/en/sv/sv10.5w/147/high.png,0,Illustration rare
sv10.5w-148,WHT,SV,148,Ferroseed,https://assets.tcgdex.net/en/sv/sv10.5w/148/high.png,0,Illustration rare
sv10.5w-149,WHT,SV,149,Ferrothorn,https://assets.tcgdex.net/en/sv/sv10.5w/149/high.png,0,Illustration rare
sv10.5w-150,WHT,SV,150,Durant,https://assets.tcgdex.net/en/sv/sv10.5w/150/high.png,0,Illustration rare
sv10.5w-151,WHT,SV,151,Druddigon,https://assets.tcgdex.net/en/sv/sv10.5w/151/high.png,0,Illustration rare
sv10.5w-152,WHT,SV,152,Patrat,https://assets.tcgdex.net/en/sv/sv10.5w/152/high.png,0,Illustration rare
sv10.5w-153,WHT,SV,153,Watchog,https://assets.tcgdex.net/en/sv/sv10.5w/153/high.png,0,Illustration rare
sv10.5w-154,WHT,SV,154,Lillipup,https://assets.tcgdex.net/en/sv/sv10.5w/154/high.png,0,Illustration rare
sv10.5w-155,WHT,SV,155,Herdier,https://assets.tcgdex.net/en/sv/sv10.5w/155/high.png,0,Illustration rare
sv10.5w-156,WHT,SV,156,Stoutland,https://assets.tcgdex.net/en/sv/sv10.5w/156/high.png,0,Illustration rare
sv10.5w-157,WHT,SV,157,Whimsicott ex,https://assets.tcgdex.net/en/sv/sv10.5w/157/high.png,0,Ultra Rare
sv10.5w-158,WHT,SV,158,Reshiram ex,https://assets.tcgdex.net/en/sv/sv10.5w/158/high.png,0,Ultra Rare
sv10.5w-159,WHT,SV,159,Keldeo ex,https://assets.tcgdex.net/en/sv/sv10.5w/159/high.png,0,Ultra Rare
sv10.5w-160,WHT,SV,160,Jellicent ex,https://assets.tcgdex.net/en/sv/sv10.5w/160/high.png,0,Ultra Rare
sv10.5w-161,WHT,SV,161,Hydreigon ex,https://assets.tcgdex.net/en/sv/sv10.5w/161/high.png,0,Ultra Rare
sv10.5w-162,WHT,SV,162,Bouffalant ex,https://assets.tcgdex.net/en/sv/sv10.5w/162/high.png,0,Ultra Rare
sv10.5w-165,WHT,SV,165,Whimsicott ex,https://assets.tcgdex.net/en/sv/sv10.5w/165/high.png,0,Special illustration rare
sv10.5w-166,WHT,SV,166,Reshiram ex,https://assets.tcgdex.net/en/sv/sv10.5w/166/high.png,0,Special illustration rare
sv10.5w-167,WHT,SV,167,Keldeo ex,https://assets.tcgdex.net/en/sv/sv10.5w/167/high.png,0,Special illustration rare
sv10.5w-168,WHT,SV,168,Jellicent ex,https://assets.tcgdex.net/en/sv/sv10.5w/168/high.png,0,Special illustration rare
sv10.5w-169,WHT,SV,169,Hydreigon ex,https://assets.tcgdex.net/en/sv/sv10.5w/169/high.png,0,Special illustration rare
sv10.5w-170,WHT,SV,170,Bouffalant ex,https://assets.tcgdex.net/en/sv/sv10.5w/170/high.png,0,Special illustration rare
sv10.5w-172,WHT,SV,172,Victini,https://assets.tcgdex.net/en/sv/sv10.5w/172/high.png,0,Black White Rare
sv10.5w-173,WHT,SV,173,Reshiram ex,https://assets.tcgdex.net/en/sv/sv10.5w/173/high.png,0,Black White Rare
svp-001,SVP,SV,001,Sprigatito,https://assets.tcgdex.net/en/sv/svp/001/high.png,0,None
svp-002,SVP,SV,002,Fuecoco,https://assets.tcgdex.net/en/sv/svp/002/high.png,0,None
svp-003,SVP,SV,003,Quaxly,https://assets.tcgdex.net/en/sv/svp/003/high.png,0,None
svp-004,SVP,SV,004,Mimikyu ex,https://assets.tcgdex.net/en/sv/svp/004/high.png,0,None
svp-005,SVP,SV,005,Quaquaval,https://assets.tcgdex.net/en/sv/svp/005/high.png,0,None
svp-006,SVP,SV,006,Pawmot,https://assets.tcgdex.net/en/sv/svp/006/high.png,0,None
svp-007,SVP,SV,007,Hawlucha,https://assets.tcgdex.net/en/sv/svp/007/high.png,0,None
svp-008,SVP,SV,008,Revavroom,https://assets.tcgdex.net/en/sv/svp/008/high.png,0,None
svp-009,SVP,SV,009,Spidops,https://assets.tcgdex.net/en/sv/svp/009/high.png,0,None
svp-010,SVP,SV,010,Espathra,https://assets.tcgdex.net/en/sv/svp/010/high.png,0,None
svp-011,SVP,SV,011,Arcanine,https://assets.tcgdex.net/en/sv/svp/011/high.png,0,None
svp-012,SVP,SV,012,Dondozo,https://assets.tcgdex.net/en/sv/svp/012/high.png,0,None
svp-013,SVP,SV,013,Miraidon,https://assets.tcgdex.net/en/sv/svp/013/high.png,0,None
svp-014,SVP,SV,014,Koraidon,https://assets.tcgdex.net/en/sv/svp/014/high.png,0,None
svp-015,SVP,SV,015,Flaaffy,https://assets.tcgdex.net/en/sv/svp/015/high.png,0,None
svp-016,SVP,SV,016,Ampharos ex,https://assets.tcgdex.net/en/sv/svp/016/high.png,0,None
svp-017,SVP,SV,017,Lucario ex,https://assets.tcgdex.net/en/sv/svp/017/high.png,0,None
svp-018,SVP,SV,018,Cyclizar ex,https://assets.tcgdex.net/en/sv/svp/018/high.png,0,None
svp-019,SVP,SV,019,Baxcalibur,https://assets.tcgdex.net/en/sv/svp/019/high.png,0,None
svp-020,SVP,SV,020,Tinkaton,https://assets.tcgdex.net/en/sv/svp/020/high.png,0,None
svp-021,SVP,SV,021,Murkrow,https://assets.tcgdex.net/en/sv/svp/021/high.png,0,None
svp-022,SVP,SV,022,Pelipper,https://assets.tcgdex.net/en/sv/svp/022/high.png,0,None
svp-023,SVP,SV,023,Smoliv,https://assets.tcgdex.net/en/sv/svp/023/high.png,0,None
svp-024,SVP,SV,024,Growlithe,https://assets.tcgdex.net/en/sv/svp/024/high.png,0,None
svp-025,SVP,SV,025,Tinkatink,https://assets.tcgdex.net/en/sv/svp/025/high.png,0,None
svp-026,SVP,SV,026,Varoom,https://assets.tcgdex.net/en/sv/svp/026/high.png,0,None
svp-027,SVP,SV,027,Pikachu,https://assets.tcgdex.net/en/sv/svp/027/high.png,0,None
svp-028,SVP,SV,028,Miraidon ex,https://assets.tcgdex.net/en/sv/svp/028/high.png,0,None
svp-029,SVP,SV,029,Koraidon ex,https://assets.tcgdex.net/en/sv/svp/029/high.png,0,None
svp-030,SVP,SV,030,Chien-Pao ex,https://assets.tcgdex.net/en/sv/svp/030/high.png,0,None
svp-031,SVP,SV,031,Tinkaton ex,https://assets.tcgdex.net/en/sv/svp/031/high.png,0,None
svp-032,SVP,SV,032,Annihilape ex,https://assets.tcgdex.net/en/sv/svp/032/high.png,0,None
svp-033,SVP,SV,033,Meowscarada ex,https://assets.tcgdex.net/en/sv/svp/033/high.png,0,None
svp-034,SVP,SV,034,Skeledirge ex,https://assets.tcgdex.net/en/sv/svp/034/high.png,0,None
svp-035,SVP,SV,035,Quaquaval ex,https://assets.tcgdex.net/en/sv/svp/035/high.png,0,None
svp-036,SVP,SV,036,Palafin,https://assets.tcgdex.net/en/sv/svp/036/high.png,0,None
svp-037,SVP,SV,037,Cleffa,https://assets.tcgdex.net/en/sv/svp/037/high.png,0,None
svp-038,SVP,SV,038,Togekiss,https://assets.tcgdex.net/en/sv/svp/038/high.png,0,None
svp-039,SVP,SV,039,Mawile,https://assets.tcgdex.net/en/sv/svp/039/high.png,0,None
svp-040,SVP,SV,040,Pawmi,https://assets.tcgdex.net/en/sv/svp/040/high.png,0,None
svp-041,SVP,SV,041,Paldean Wooper,https://assets.tcgdex.net/en/sv/svp/041/high.png,0,None
svp-042,SVP,SV,042,Houndstone,https://assets.tcgdex.net/en/sv/svp/042/high.png,0,None
svp-043,SVP,SV,043,Eevee,https://assets.tcgdex.net/en/sv/svp/043/high.png,0,None
svp-044,SVP,SV,044,Charmander,https://assets.tcgdex.net/en/sv/svp/044/high.png,0,None
svp-046,SVP,SV,046,Bulbasaur,https://assets.tcgdex.net/en/sv/svp/046/high.png,0,None
svp-047,SVP,SV,047,Charmander,https://assets.tcgdex.net/en/sv/svp/047/high.png,0,None
svp-048,SVP,SV,048,Squirtle,https://assets.tcgdex.net/en/sv/svp/048/high.png,0,None
svp-049,SVP,SV,049,Zapdos ex,https://assets.tcgdex.net/en/sv/svp/049/high.png,0,None
svp-050,SVP,SV,050,Alakazam ex,https://assets.tcgdex.net/en/sv/svp/050/high.png,0,None
svp-051,SVP,SV,051,Snorlax,https://assets.tcgdex.net/en/sv/svp/051/high.png,0,None
svp-052,SVP,SV,052,Mewtwo,https://assets.tcgdex.net/en/sv/svp/052/high.png,0,None
svp-053,SVP,SV,053,Mew ex,https://assets.tcgdex.net/en/sv/svp/053/high.png,0,None
svp-054,SVP,SV,054,Greninja ex,https://assets.tcgdex.net/en/sv/svp/054/high.png,0,None
svp-055,SVP,SV,055,Kangaskhan ex,https://assets.tcgdex.net/en/sv/svp/055/high.png,0,None
svp-056,SVP,SV,056,Charizard ex,https://assets.tcgdex.net/en/sv/svp/056/high.png,0,None
svp-057,SVP,SV,057,Chi-Yu,https://assets.tcgdex.net/en/sv/svp/057/high.png,0,None
svp-058,SVP,SV,058,Iron Bundle,https://assets.tcgdex.net/en/sv/svp/058/high.png,0,None
svp-059,SVP,SV,059,Xatu,https://assets.tcgdex.net/en/sv/svp/059/high.png,0,None
svp-060,SVP,SV,060,Aegislash,https://assets.tcgdex.net/en/sv/svp/060/high.png,0,None
svp-061,SVP,SV,061,Pineco,https://assets.tcgdex.net/en/sv/svp/061/high.png,0,None
svp-062,SVP,SV,062,Sinistea,https://assets.tcgdex.net/en/sv/svp/062/high.png,0,None
svp-063,SVP,SV,063,Cetitan,https://assets.tcgdex.net/en/sv/svp/063/high.png,0,None
svp-064,SVP,SV,064,Arctibax,https://assets.tcgdex.net/en/sv/svp/064/high.png,0,None
svp-065,SVP,SV,065,Scream Tail,https://assets.tcgdex.net/en/sv/svp/065/high.png,0,None
svp-066,SVP,SV,066,Iron Bundle,https://assets.tcgdex.net/en/sv/svp/066/high.png,0,None
svp-067,SVP,SV,067,Roaring Moon ex,https://assets.tcgdex.net/en/sv/svp/067/high.png,0,None
svp-068,SVP,SV,068,Iron Valiant ex,https://assets.tcgdex.net/en/sv/svp/068/high.png,0,None
svp-069,SVP,SV,069,Fidough,https://assets.tcgdex.net/en/sv/svp/069/high.png,0,None
svp-070,SVP,SV,070,Greavard,https://assets.tcgdex.net/en/sv/svp/070/high.png,0,None
svp-071,SVP,SV,071,Maschiff,https://assets.tcgdex.net/en/sv/svp/071/high.png,0,None
svp-072,SVP,SV,072,Great Tusk ex,https://assets.tcgdex.net/en/sv/svp/072/high.png,0,None
svp-073,SVP,SV,073,Iron Treads ex,https://assets.tcgdex.net/en/sv/svp/073/high.png,0,None
svp-074,SVP,SV,074,Charizard ex,https://assets.tcgdex.net/en/sv/svp/074/high.png,0,None
svp-075,SVP,SV,075,Mimikyu,https://assets.tcgdex.net/en/sv/svp/075/high.png,0,None
svp-076,SVP,SV,076,Sprigatito,https://assets.tcgdex.net/en/sv/svp/076/high.png,0,None
svp-077,SVP,SV,077,Floragato,https://assets.tcgdex.net/en/sv/svp/077/high.png,0,None
svp-078,SVP,SV,078,Meowscarada ex,https://assets.tcgdex.net/en/sv/svp/078/high.png,0,None
svp-079,SVP,SV,079,Fuecoco,https://assets.tcgdex.net/en/sv/svp/079/high.png,0,None
svp-080,SVP,SV,080,Crocalor,https://assets.tcgdex.net/en/sv/svp/080/high.png,0,None
svp-081,SVP,SV,081,Skeledirge ex,https://assets.tcgdex.net/en/sv/svp/081/high.png,0,None
svp-082,SVP,SV,082,Quaxly,https://assets.tcgdex.net/en/sv/svp/082/high.png,0,None
svp-083,SVP,SV,083,Quaxwell,https://assets.tcgdex.net/en/sv/svp/083/high.png,0,None
svp-084,SVP,SV,084,Quaquaval ex,https://assets.tcgdex.net/en/sv/svp/084/high.png,0,None
svp-085,SVP,SV,085,Pikachu with Grey Felt Hat,,0,None
svp-086,SVP,SV,086,Mabosstiff ex,https://assets.tcgdex.net/en/sv/svp/086/high.png,0,None
svp-087,SVP,SV,087,Sprigatito ex,https://assets.tcgdex.net/en/sv/svp/087/high.png,0,None
svp-088,SVP,SV,088,Pikachu,https://assets.tcgdex.net/en/sv/svp/088/high.png,0,None
svp-089,SVP,SV,089,Feraligatr,https://assets.tcgdex.net/en/sv/svp/089/high.png,0,None
svp-090,SVP,SV,090,Metang,https://assets.tcgdex.net/en/sv/svp/090/high.png,0,None
svp-091,SVP,SV,091,Koraidon,https://assets.tcgdex.net/en/sv/svp/091/high.png,0,None
svp-092,SVP,SV,092,Miraidon,https://assets.tcgdex.net/en/sv/svp/092/high.png,0,None
svp-093,SVP,SV,093,Carvanha,https://assets.tcgdex.net/en/sv/svp/093/high.png,0,None
svp-094,SVP,SV,094,Bellibolt,https://assets.tcgdex.net/en/sv/svp/094/high.png,0,None
svp-095,SVP,SV,095,Cleffa,https://assets.tcgdex.net/en/sv/svp/095/high.png,0,None
svp-096,SVP,SV,096,Cyclizar,https://assets.tcgdex.net/en/sv/svp/096/high.png,0,None
svp-097,SVP,SV,097,Flutter Mane,https://assets.tcgdex.net/en/sv/svp/097/high.png,0,None
svp-098,SVP,SV,098,Iron Thorns,https://assets.tcgdex.net/en/sv/svp/098/high.png,0,None
svp-099,SVP,SV,099,Shroodle,https://assets.tcgdex.net/en/sv/svp/099/high.png,0,None
svp-100,SVP,SV,100,Grafaiai ex,https://assets.tcgdex.net/en/sv/svp/100/high.png,0,None
svp-101,SVP,SV,101,Pikachu,https://assets.tcgdex.net/en/sv/svp/101/high.png,0,None
svp-102,SVP,SV,102,Oddish,,0,None
svp-103,SVP,SV,103,Houndoom ex,https://assets.tcgdex.net/en/sv/svp/103/high.png,0,None
svp-104,SVP,SV,104,Melmetal ex,https://assets.tcgdex.net/en/sv/svp/104/high.png,0,None
svp-105,SVP,SV,105,Armarouge ex,https://assets.tcgdex.net/en/sv/svp/105/high.png,0,None
svp-106,SVP,SV,106,Pikachu ex,https://assets.tcgdex.net/en/sv/svp/106/high.png,0,None
svp-107,SVP,SV,107,Mareep,https://assets.tcgdex.net/en/sv/svp/107/high.png,0,None
svp-108,SVP,SV,108,Flaaffy,https://assets.tcgdex.net/en/sv/svp/108/high.png,0,None
svp-109,SVP,SV,109,Ampharos,https://assets.tcgdex.net/en/sv/svp/109/high.png,0,None
svp-110,SVP,SV,110,Darkrai ex,https://assets.tcgdex.net/en/sv/svp/110/high.png,0,None
svp-111,SVP,SV,111,Pawniard,https://assets.tcgdex.net/en/sv/svp/111/high.png,0,None
svp-112,SVP,SV,112,Bisharp,https://assets.tcgdex.net/en/sv/svp/112/high.png,0,None
svp-113,SVP,SV,113,Kingambit,https://assets.tcgdex.net/en/sv/svp/113/high.png,0,None
svp-115,SVP,SV,115,Thwackey,https://assets.tcgdex.net/en/sv/svp/115/high.png,0,None
svp-116,SVP,SV,116,Infernape,https://assets.tcgdex.net/en/sv/svp/116/high.png,0,None
svp-117,SVP,SV,117,Froslass,https://assets.tcgdex.net/en/sv/svp/117/high.png,0,None
svp-118,SVP,SV,118,Tatsugiri,https://assets.tcgdex.net/en/sv/svp/118/high.png,0,None
svp-119,SVP,SV,119,Toxel,https://assets.tcgdex.net/en/sv/svp/119/high.png,0,None
svp-120,SVP,SV,120,Pupitar,https://assets.tcgdex.net/en/sv/svp/120/high.png,0,None
svp-121,SVP,SV,121,Revavroom,https://assets.tcgdex.net/en/sv/svp/121/high.png,0,None
svp-122,SVP,SV,122,Snorlax,https://assets.tcgdex.net/en/sv/svp/122/high.png,0,None
svp-123,SVP,SV,123,Teal Mask Ogerpon,https://assets.tcgdex.net/en/sv/svp/123/high.png,0,None
svp-125,SVP,SV,125,Armarouge ex,https://assets.tcgdex.net/en/sv/svp/125/high.png,0,None
svp-126,SVP,SV,126,Palafin ex,https://assets.tcgdex.net/en/sv/svp/126/high.png,0,None
svp-127,SVP,SV,127,Walking Wake ex,https://assets.tcgdex.net/en/sv/svp/127/high.png,0,None
svp-128,SVP,SV,128,Iron Leaves ex,https://assets.tcgdex.net/en/sv/svp/128/high.png,0,None
svp-129,SVP,SV,129,Pecharunt,https://assets.tcgdex.net/en/sv/svp/129/high.png,0,None
svp-130,SVP,SV,130,Kingambit,https://assets.tcgdex.net/en/sv/svp/130/high.png,0,None
svp-131,SVP,SV,131,Kingdra ex,https://assets.tcgdex.net/en/sv/svp/131/high.png,0,None
svp-132,SVP,SV,132,Greninja ex,https://assets.tcgdex.net/en/sv/svp/132/high.png,0,None
svp-133,SVP,SV,133,Ledian,https://assets.tcgdex.net/en/sv/svp/133/high.png,0,None
svp-134,SVP,SV,134,Crabominable,https://assets.tcgdex.net/en/sv/svp/134/high.png,0,None
svp-135,SVP,SV,135,Drifblim,https://assets.tcgdex.net/en/sv/svp/135/high.png,0,None
svp-136,SVP,SV,136,Bouffalant,https://assets.tcgdex.net/en/sv/svp/136/high.png,0,None
svp-137,SVP,SV,137,Horsea,https://assets.tcgdex.net/en/sv/svp/137/high.png,0,None
svp-138,SVP,SV,138,Porygon2,https://assets.tcgdex.net/en/sv/svp/138/high.png,0,None
svp-139,SVP,SV,139,Latias,https://assets.tcgdex.net/en/sv/svp/139/high.png,0,None
svp-140,SVP,SV,140,Tinkaton,https://assets.tcgdex.net/en/sv/svp/140/high.png,0,None
svp-141,SVP,SV,141,Noctowl,https://assets.tcgdex.net/en/sv/svp/141/high.png,0,None
svp-142,SVP,SV,142,Victini ex,https://assets.tcgdex.net/en/sv/svp/142/high.png,0,None
svp-143,SVP,SV,143,Miraidon ex,https://assets.tcgdex.net/en/sv/svp/143/high.png,0,None
svp-144,SVP,SV,144,Gouging Fire ex,https://assets.tcgdex.net/en/sv/svp/144/high.png,0,None
svp-145,SVP,SV,145,Raging Bolt ex,https://assets.tcgdex.net/en/sv/svp/145/high.png,0,None
svp-146,SVP,SV,146,Iron Crown ex,https://assets.tcgdex.net/en/sv/svp/146/high.png,0,None
svp-147,SVP,SV,147,Iron Boulder ex,https://assets.tcgdex.net/en/sv/svp/147/high.png,0,None
svp-148,SVP,SV,148,Miraidon,https://assets.tcgdex.net/en/sv/svp/148/high.png,0,None
svp-149,SVP,SV,149,Pecharunt,https://assets.tcgdex.net/en/sv/svp/149/high.png,0,None
svp-151,SVP,SV,151,Gouging Fire,https://assets.tcgdex.net/en/sv/svp/151/high.png,0,None
svp-152,SVP,SV,152,Chien-Pao,https://assets.tcgdex.net/en/sv/svp/152/high.png,0,None
svp-153,SVP,SV,153,Magneton,https://assets.tcgdex.net/en/sv/svp/153/high.png,0,None
svp-154,SVP,SV,154,Indeedee,https://assets.tcgdex.net/en/sv/svp/154/high.png,0,None
svp-155,SVP,SV,155,Wooper,https://assets.tcgdex.net/en/sv/svp/155/high.png,0,None
svp-156,SVP,SV,156,Quagsire,https://assets.tcgdex.net/en/sv/svp/156/high.png,0,None
svp-157,SVP,SV,157,Zapdos,https://assets.tcgdex.net/en/sv/svp/157/high.png,0,None
svp-158,SVP,SV,158,Pachirisu,https://assets.tcgdex.net/en/sv/svp/158/high.png,0,None
svp-159,SVP,SV,159,Magneton,https://assets.tcgdex.net/en/sv/svp/159/high.png,0,None
svp-160,SVP,SV,160,Squawkabilly ex,https://assets.tcgdex.net/en/sv/svp/160/high.png,0,None
svp-161,SVP,SV,161,Charizard ex,https://assets.tcgdex.net/en/sv/svp/161/high.png,0,None
svp-162,SVP,SV,162,Houndstone ex,https://assets.tcgdex.net/en/sv/svp/162/high.png,0,None
svp-163,SVP,SV,163,Cinderace ex,https://assets.tcgdex.net/en/sv/svp/163/high.png,0,None
svp-164,SVP,SV,164,Lapras ex,https://assets.tcgdex.net/en/sv/svp/164/high.png,0,None
svp-165,SVP,SV,165,Terapagos ex,https://assets.tcgdex.net/en/sv/svp/165/high.png,0,None
svp-166,SVP,SV,166,Teal Mask Ogerpon ex,https://assets.tcgdex.net/en/sv/svp/166/high.png,0,None
svp-167,SVP,SV,167,Flareon,https://assets.tcgdex.net/en/sv/svp/167/high.png,0,None
svp-168,SVP,SV,168,Vaporeon,https://assets.tcgdex.net/en/sv/svp/168/high.png,0,None
svp-169,SVP,SV,169,Jolteon,https://assets.tcgdex.net/en/sv/svp/169/high.png,0,None
svp-170,SVP,SV,170,Leafeon,https://assets.tcgdex.net/en/sv/svp/170/high.png,0,None
svp-171,SVP,SV,171,Glaceon,https://assets.tcgdex.net/en/sv/svp/171/high.png,0,None
svp-172,SVP,SV,172,Sylveon,https://assets.tcgdex.net/en/sv/svp/172/high.png,0,None
svp-173,SVP,SV,173,Eevee,https://assets.tcgdex.net/en/sv/svp/173/high.png,0,None
svp-174,SVP,SV,174,Eevee ex,https://assets.tcgdex.net/en/sv/svp/174/high.png,0,None
svp-175,SVP,SV,175,Espeon ex,,0,None
svp-176,SVP,SV,176,Umbreon ex,,0,None
svp-177,SVP,SV,177,Bloodmoon Ursaluna ex,https://assets.tcgdex.net/en/sv/svp/177/high.png,0,None
svp-178,SVP,SV,178,Kyogre ex,https://assets.tcgdex.net/en/sv/svp/178/high.png,0,None
svp-179,SVP,SV,179,Xerneas ex,https://assets.tcgdex.net/en/sv/svp/179/high.png,0,None
svp-180,SVP,SV,180,Dialga ex,https://assets.tcgdex.net/en/sv/svp/180/high.png,0,None
svp-181,SVP,SV,181,N's Darmanitan,https://assets.tcgdex.net/en/sv/svp/181/high.png,0,None
svp-182,SVP,SV,182,Iono's Kilowattrel,https://assets.tcgdex.net/en/sv/svp/182/high.png,0,None
svp-183,SVP,SV,183,Lillie's Ribombee,https://assets.tcgdex.net/en/sv/svp/183/high.png,0,None
svp-184,SVP,SV,184,Hop's Snorlax,https://assets.tcgdex.net/en/sv/svp/184/high.png,0,None
svp-185,SVP,SV,185,Yanma,https://assets.tcgdex.net/en/sv/svp/185/high.png,0,None
svp-186,SVP,SV,186,Scraggy,https://assets.tcgdex.net/en/sv/svp/186/high.png,0,None
svp-187,SVP,SV,187,Yanmega,https://assets.tcgdex.net/en/sv/svp/187/high.png,0,None
svp-188,SVP,SV,188,Scrafty,https://assets.tcgdex.net/en/sv/svp/188/high.png,0,None
svp-189,SVP,SV,189,N's Zorua,https://assets.tcgdex.net/en/sv/svp/189/high.png,0,None
svp-190,SVP,SV,190,Pikachu,,0,None
svp-191,SVP,SV,191,Sprigatito,,0,None
svp-192,SVP,SV,192,Fuecoco,,0,None
svp-193,SVP,SV,193,Hop's Zacian ex,https://assets.tcgdex.net/en/sv/svp/193/high.png,0,None
svp-194,SVP,SV,194,Iono's Bellibolt ex,https://assets.tcgdex.net/en/sv/svp/194/high.png,0,None
svp-195,SVP,SV,195,Lillie's Clefairy ex,https://assets.tcgdex.net/en/sv/svp/195/high.png,0,None
svp-196,SVP,SV,196,Charizard ex,,0,None
svp-197,SVP,SV,197,Koraidon ex,https://assets.tcgdex.net/en/sv/svp/197/high.png,0,None
svp-198,SVP,SV,198,Zacian ex,https://assets.tcgdex.net/en/sv/svp/198/high.png,0,None
svp-199,SVP,SV,199,Zarude,,0,None
svp-200,SVP,SV,200,Eevee,,0,None
svp-201,SVP,SV,201,Zebstrika,,0,None
svp-202,SVP,SV,202,Kangaskhan,,0,None
svp-203,SVP,SV,203,Team Rocket's Wobbuffet,,0,None
svp-204,SVP,SV,204,Cynthia's Garchomp ex,,0,None
svp-205,SVP,SV,205,Team Rocket's Mewtwo ex,,0,None
svp-206,SVP,SV,206,Marnie's Morpeko,https://assets.tcgdex.net/en/sv/svp/206/high.png,0,None
svp-207,SVP,SV,207,Steven's Beldum,https://assets.tcgdex.net/en/sv/svp/207/high.png,0,None
svp-208,SVP,SV,208,Victini,,0,None
svp-209,SVP,SV,209,Thundurus,,0,None
svp-210,SVP,SV,210,Tornadus,,0,None
svp-211,SVP,SV,211,Gothitelle,,0,None
svp-212,SVP,SV,212,Reuniclus,,0,None
svp-213,SVP,SV,213,Feraligatr,,0,None
svp-214,SVP,SV,214,Pikachu,,0,None
svp-215,SVP,SV,215,Toxtricity ex,,0,None
svp-216,SVP,SV,216,Team Rocket's Mewtwo ex,,0,None
svp-217,SVP,SV,217,Team Rocket's Nidoking ex,,0,None
svp-218,SVP,SV,218,Team Rocket's Persian ex,,0,None
svp-225,SVP,SV,225,Pikachu,,0,None
svp-500,SVP,SV,500,Terapagos & Friends,,0,None
swsh5-1,BST,SWSH,1,Bellsprout,https://assets.tcgdex.net/en/swsh/swsh5/1/high.png,0,Common
swsh5-2,BST,SWSH,2,Weepinbell,https://assets.tcgdex.net/en/swsh/swsh5/2/high.png,0,Uncommon
swsh5-3,BST,SWSH,3,Victreebel,https://assets.tcgdex.net/en/swsh/swsh5/3/high.png,0,Rare
swsh5-4,BST,SWSH,4,Cacnea,https://assets.tcgdex.net/en/swsh/swsh5/4/high.png,0,Common
swsh5-5,BST,SWSH,5,Cacturne,https://assets.tcgdex.net/en/swsh/swsh5/5/high.png,0,Uncommon
swsh5-6,BST,SWSH,6,Kricketune V,https://assets.tcgdex.net/en/swsh/swsh5/6/high.png,0,Holo Rare V
swsh5-7,BST,SWSH,7,Cherubi,https://assets.tcgdex.net/en/swsh/swsh5/7/high.png,0,Common
swsh5-8,BST,SWSH,8,Cherrim,https://assets.tcgdex.net/en/swsh/swsh5/8/high.png,0,Holo Rare
swsh5-9,BST,SWSH,9,Carnivine,https://assets.tcgdex.net/en/swsh/swsh5/9/high.png,0,Uncommon
swsh5-10,BST,SWSH,10,Durant,https://assets.tcgdex.net/en/swsh/swsh5/10/high.png,0,Uncommon
swsh5-11,BST,SWSH,11,Scatterbug,https://assets.tcgdex.net/en/swsh/swsh5/11/high.png,0,Common
swsh5-12,BST,SWSH,12,Spewpa,https://assets.tcgdex.net/en/swsh/swsh5/12/high.png,0,Uncommon
swsh5-13,BST,SWSH,13,Vivillon,https://assets.tcgdex.net/en/swsh/swsh5/13/high.png,0,Rare
swsh5-14,BST,SWSH,14,Fomantis,https://assets.tcgdex.net/en/swsh/swsh5/14/high.png,0,Common
swsh5-15,BST,SWSH,15,Lurantis,https://assets.tcgdex.net/en/swsh/swsh5/15/high.png,0,Rare
swsh5-16,BST,SWSH,16,Tapu Bulu,https://assets.tcgdex.net/en/swsh/swsh5/16/high.png,0,Holo Rare
swsh5-17,BST,SWSH,17,Blipbug,https://assets.tcgdex.net/en/swsh/swsh5/17/high.png,0,Common
swsh5-18,BST,SWSH,18,Flapple V,https://assets.tcgdex.net/en/swsh/swsh5/18/high.png,0,Holo Rare V
swsh5-19,BST,SWSH,19,Flapple VMAX,https://assets.tcgdex.net/en/swsh/swsh5/19/high.png,0,Holo Rare VMAX
swsh5-20,BST,SWSH,20,Entei,https://assets.tcgdex.net/en/swsh/swsh5/20/high.png,0,Holo Rare
swsh5-21,BST,SWSH,21,Victini V,https://assets.tcgdex.net/en/swsh/swsh5/21/high.png,0,Holo Rare V
swsh5-22,BST,SWSH,22,Victini VMAX,https://assets.tcgdex.net/en/swsh/swsh5/22/high.png,0,Holo Rare VMAX
swsh5-23,BST,SWSH,23,Tepig,https://assets.tcgdex.net/en/swsh/swsh5/23/high.png,0,Common
swsh5-24,BST,SWSH,24,Pignite,https://assets.tcgdex.net/en/swsh/swsh5/24/high.png,0,Uncommon
swsh5-25,BST,SWSH,25,Emboar,https://assets.tcgdex.net/en/swsh/swsh5/25/high.png,0,Holo Rare
swsh5-26,BST,SWSH,26,Heatmor,https://assets.tcgdex.net/en/swsh/swsh5/26/high.png,0,Uncommon
swsh5-27,BST,SWSH,27,Salandit,https://assets.tcgdex.net/en/swsh/swsh5/27/high.png,0,Common
swsh5-28,BST,SWSH,28,Salazzle,https://assets.tcgdex.net/en/swsh/swsh5/28/high.png,0,Rare
swsh5-29,BST,SWSH,29,Sizzlipede,https://assets.tcgdex.net/en/swsh/swsh5/29/high.png,0,Common
swsh5-30,BST,SWSH,30,Centiskorch,https://assets.tcgdex.net/en/swsh/swsh5/30/high.png,0,Rare
swsh5-31,BST,SWSH,31,Horsea,https://assets.tcgdex.net/en/swsh/swsh5/31/high.png,0,Common
swsh5-32,BST,SWSH,32,Seadra,https://assets.tcgdex.net/en/swsh/swsh5/32/high.png,0,Uncommon
swsh5-33,BST,SWSH,33,Kingdra,https://assets.tcgdex.net/en/swsh/swsh5/33/high.png,0,Holo Rare
swsh5-34,BST,SWSH,34,Galarian Mr. Mime,https://assets.tcgdex.net/en/swsh/swsh5/34/high.png,0,Common
swsh5-35,BST,SWSH,35,Galarian Mr. Rime,https://assets.tcgdex.net/en/swsh/swsh5/35/high.png,0,Rare
swsh5-36,BST,SWSH,36,Remoraid,https://assets.tcgdex.net/en/swsh/swsh5/36/high.png,0,Common
swsh5-37,BST,SWSH,37,Octillery,https://assets.tcgdex.net/en/swsh/swsh5/37/high.png,0,Holo Rare
swsh5-38,BST,SWSH,38,Corphish,https://assets.tcgdex.net/en/swsh/swsh5/38/high.png,0,Common
swsh5-39,BST,SWSH,39,Crawdaunt,https://assets.tcgdex.net/en/swsh/swsh5/39/high.png,0,Uncommon
swsh5-40,BST,SWSH,40,Empoleon V,https://assets.tcgdex.net/en/swsh/swsh5/40/high.png,0,Holo Rare V
swsh5-41,BST,SWSH,41,Frillish,https://assets.tcgdex.net/en/swsh/swsh5/41/high.png,0,Common
swsh5-42,BST,SWSH,42,Jellicent,https://assets.tcgdex.net/en/swsh/swsh5/42/high.png,0,Rare
swsh5-43,BST,SWSH,43,Bruxish,https://assets.tcgdex.net/en/swsh/swsh5/43/high.png,0,Uncommon
swsh5-44,BST,SWSH,44,Electabuzz,https://assets.tcgdex.net/en/swsh/swsh5/44/high.png,0,Common
swsh5-45,BST,SWSH,45,Electivire,https://assets.tcgdex.net/en/swsh/swsh5/45/high.png,0,Rare
swsh5-46,BST,SWSH,46,Shinx,https://assets.tcgdex.net/en/swsh/swsh5/46/high.png,0,Common
swsh5-47,BST,SWSH,47,Luxio,https://assets.tcgdex.net/en/swsh/swsh5/47/high.png,0,Uncommon
swsh5-48,BST,SWSH,48,Luxray,https://assets.tcgdex.net/en/swsh/swsh5/48/high.png,0,Holo Rare
swsh5-49,BST,SWSH,49,Pachirisu,https://assets.tcgdex.net/en/swsh/swsh5/49/high.png,0,Common
swsh5-50,BST,SWSH,50,Tapu Koko V,https://assets.tcgdex.net/en/swsh/swsh5/50/high.png,0,Holo Rare V
swsh5-51,BST,SWSH,51,Tapu Koko VMAX,https://assets.tcgdex.net/en/swsh/swsh5/51/high.png,0,Holo Rare VMAX
swsh5-52,BST,SWSH,52,Yamper,https://assets.tcgdex.net/en/swsh/swsh5/52/high.png,0,Common
swsh5-53,BST,SWSH,53,Boltund,https://assets.tcgdex.net/en/swsh/swsh5/53/high.png,0,Rare
swsh5-54,BST,SWSH,54,Galarian Slowpoke,https://assets.tcgdex.net/en/swsh/swsh5/54/high.png,0,Common
swsh5-55,BST,SWSH,55,Spoink,https://assets.tcgdex.net/en/swsh/swsh5/55/high.png,0,Common
swsh5-56,BST,SWSH,56,Grumpig,https://assets.tcgdex.net/en/swsh/swsh5/56/high.png,0,Uncommon
swsh5-57,BST,SWSH,57,Baltoy,https://assets.tcgdex.net/en/swsh/swsh5/57/high.png,0,Common
swsh5-58,BST,SWSH,58,Claydol,https://assets.tcgdex.net/en/swsh/swsh5/58/high.png,0,Rare
swsh5-59,BST,SWSH,59,Chimecho,https://assets.tcgdex.net/en/swsh/swsh5/59/high.png,0,Common
swsh5-60,BST,SWSH,60,Espurr,https://assets.tcgdex.net/en/swsh/swsh5/60/high.png,0,Common
swsh5-61,BST,SWSH,61,Meowstic,https://assets.tcgdex.net/en/swsh/swsh5/61/high.png,0,Holo Rare
swsh5-62,BST,SWSH,62,Mimikyu V,https://assets.tcgdex.net/en/swsh/swsh5/62/high.png,0,Holo Rare V
swsh5-63,BST,SWSH,63,Necrozma V,https://assets.tcgdex.net/en/swsh/swsh5/63/high.png,0,Holo Rare V
swsh5-64,BST,SWSH,64,Dottler,https://assets.tcgdex.net/en/swsh/swsh5/64/high.png,0,Uncommon
swsh5-65,BST,SWSH,65,Orbeetle,https://assets.tcgdex.net/en/swsh/swsh5/65/high.png,0,Holo Rare
swsh5-66,BST,SWSH,66,Mankey,https://assets.tcgdex.net/en/swsh/swsh5/66/high.png,0,Common
swsh5-67,BST,SWSH,67,Primeape,https://assets.tcgdex.net/en/swsh/swsh5/67/high.png,0,Rare
swsh5-68,BST,SWSH,68,Onix,https://assets.tcgdex.net/en/swsh/swsh5/68/high.png,0,Common
swsh5-69,BST,SWSH,69,Cubone,https://assets.tcgdex.net/en/swsh/swsh5/69/high.png,0,Common
swsh5-70,BST,SWSH,70,Marowak,https://assets.tcgdex.net/en/swsh/swsh5/70/high.png,0,Rare
swsh5-71,BST,SWSH,71,Gligar,https://assets.tcgdex.net/en/swsh/swsh5/71/high.png,0,Common
swsh5-72,BST,SWSH,72,Gliscor,https://assets.tcgdex.net/en/swsh/swsh5/72/high.png,0,Uncommon
swsh5-73,BST,SWSH,73,Timburr,https://assets.tcgdex.net/en/swsh/swsh5/73/high.png,0,Common
swsh5-74,BST,SWSH,74,Gurdurr,https://assets.tcgdex.net/en/swsh/swsh5/74/high.png,0,Uncommon
swsh5-75,BST,SWSH,75,Conkeldurr,https://assets.tcgdex.net/en/swsh/swsh5/75/high.png,0,Rare
swsh5-76,BST,SWSH,76,Mienfoo,https://assets.tcgdex.net/en/swsh/swsh5/76/high.png,0,Common
swsh5-77,BST,SWSH,77,Mienshao,https://assets.tcgdex.net/en/swsh/swsh5/77/high.png,0,Rare
swsh5-78,BST,SWSH,78,Rolycoly,https://assets.tcgdex.net/en/swsh/swsh5/78/high.png,0,Common
swsh5-79,BST,SWSH,79,Carkol,https://assets.tcgdex.net/en/swsh/swsh5/79/high.png,0,Uncommon
swsh5-80,BST,SWSH,80,Coalossal,https://assets.tcgdex.net/en/swsh/swsh5/80/high.png,0,Holo Rare
swsh5-81,BST,SWSH,81,Silicobra,https://assets.tcgdex.net/en/swsh/swsh5/81/high.png,0,Common
swsh5-82,BST,SWSH,82,Sandaconda,https://assets.tcgdex.net/en/swsh/swsh5/82/high.png,0,Holo Rare
swsh5-83,BST,SWSH,83,Falinks,https://assets.tcgdex.net/en/swsh/swsh5/83/high.png,0,Rare
swsh5-84,BST,SWSH,84,Stonjourner,https://assets.tcgdex.net/en/swsh/swsh5/84/high.png,0,Rare
swsh5-85,BST,SWSH,85,Single Strike Urshifu V,https://assets.tcgdex.net/en/swsh/swsh5/85/high.png,0,Holo Rare V
swsh5-86,BST,SWSH,86,Single Strike Urshifu VMAX,https://assets.tcgdex.net/en/swsh/swsh5/86/high.png,0,Holo Rare VMAX
swsh5-87,BST,SWSH,87,Rapid Strike Urshifu V,https://assets.tcgdex.net/en/swsh/swsh5/87/high.png,0,Holo Rare V
swsh5-88,BST,SWSH,88,Rapid Strike Urshifu VMAX,https://assets.tcgdex.net/en/swsh/swsh5/88/high.png,0,Holo Rare VMAX
swsh5-89,BST,SWSH,89,Zubat,https://assets.tcgdex.net/en/swsh/swsh5/89/high.png,0,Common
swsh5-90,BST,SWSH,90,Golbat,https://assets.tcgdex.net/en/swsh/swsh5/90/high.png,0,Uncommon
swsh5-91,BST,SWSH,91,Crobat,https://assets.tcgdex.net/en/swsh/swsh5/91/high.png,0,Holo Rare
swsh5-92,BST,SWSH,92,Galarian Slowbro,https://assets.tcgdex.net/en/swsh/swsh5/92/high.png,0,Rare
swsh5-93,BST,SWSH,93,Murkrow,https://assets.tcgdex.net/en/swsh/swsh5/93/high.png,0,Common
swsh5-94,BST,SWSH,94,Honchkrow,https://assets.tcgdex.net/en/swsh/swsh5/94/high.png,0,Uncommon
swsh5-95,BST,SWSH,95,Houndour,https://assets.tcgdex.net/en/swsh/swsh5/95/high.png,0,Common
swsh5-96,BST,SWSH,96,Houndoom,https://assets.tcgdex.net/en/swsh/swsh5/96/high.png,0,Holo Rare
swsh5-97,BST,SWSH,97,Tyranitar V,https://assets.tcgdex.net/en/swsh/swsh5/97/high.png,0,Holo Rare V
swsh5-98,BST,SWSH,98,Morpeko,https://assets.tcgdex.net/en/swsh/swsh5/98/high.png,0,Uncommon
swsh5-99,BST,SWSH,99,Steelix,https://assets.tcgdex.net/en/swsh/swsh5/99/high.png,0,Holo Rare
swsh5-100,BST,SWSH,100,Mawile,https://assets.tcgdex.net/en/swsh/swsh5/100/high.png,0,Common
swsh5-101,BST,SWSH,101,Bronzor,https://assets.tcgdex.net/en/swsh/swsh5/101/high.png,0,Common
swsh5-102,BST,SWSH,102,Bronzong,https://assets.tcgdex.net/en/swsh/swsh5/102/high.png,0,Holo Rare
swsh5-103,BST,SWSH,103,Pawniard,https://assets.tcgdex.net/en/swsh/swsh5/103/high.png,0,Common
swsh5-104,BST,SWSH,104,Bisharp,https://assets.tcgdex.net/en/swsh/swsh5/104/high.png,0,Uncommon
swsh5-105,BST,SWSH,105,Honedge,https://assets.tcgdex.net/en/swsh/swsh5/105/high.png,0,Common
swsh5-106,BST,SWSH,106,Doublade,https://assets.tcgdex.net/en/swsh/swsh5/106/high.png,0,Uncommon
swsh5-107,BST,SWSH,107,Aegislash,https://assets.tcgdex.net/en/swsh/swsh5/107/high.png,0,Holo Rare
swsh5-108,BST,SWSH,108,Aegislash,https://assets.tcgdex.net/en/swsh/swsh5/108/high.png,0,Rare
swsh5-109,BST,SWSH,109,Corviknight V,https://assets.tcgdex.net/en/swsh/swsh5/109/high.png,0,Holo Rare V
swsh5-110,BST,SWSH,110,Corviknight VMAX,https://assets.tcgdex.net/en/swsh/swsh5/110/high.png,0,Holo Rare VMAX
swsh5-111,BST,SWSH,111,Spearow,https://assets.tcgdex.net/en/swsh/swsh5/111/high.png,0,Common
swsh5-112,BST,SWSH,112,Fearow,https://assets.tcgdex.net/en/swsh/swsh5/112/high.png,0,Uncommon
swsh5-113,BST,SWSH,113,Lickitung,https://assets.tcgdex.net/en/swsh/swsh5/113/high.png,0,Common
swsh5-114,BST,SWSH,114,Lickilicky,https://assets.tcgdex.net/en/swsh/swsh5/114/high.png,0,Rare
swsh5-115,BST,SWSH,115,Glameow,https://assets.tcgdex.net/en/swsh/swsh5/115/high.png,0,Common
swsh5-116,BST,SWSH,116,Purugly,https://assets.tcgdex.net/en/swsh/swsh5/116/high.png,0,Uncommon
swsh5-117,BST,SWSH,117,Stoutland V,https://assets.tcgdex.net/en/swsh/swsh5/117/high.png,0,Holo Rare V
swsh5-118,BST,SWSH,118,Bouffalant,https://assets.tcgdex.net/en/swsh/swsh5/118/high.png,0,Uncommon
swsh5-119,BST,SWSH,119,Drampa,https://assets.tcgdex.net/en/swsh/swsh5/119/high.png,0,Rare
swsh5-120,BST,SWSH,120,Indeedee,https://assets.tcgdex.net/en/swsh/swsh5/120/high.png,0,Uncommon
swsh5-142,BST,SWSH,142,Kricketune V,https://assets.tcgdex.net/en/swsh/swsh5/142/high.png,0,Ultra Rare
swsh5-143,BST,SWSH,143,Flapple V,https://assets.tcgdex.net/en/swsh/swsh5/143/high.png,0,Ultra Rare
swsh5-144,BST,SWSH,144,Victini V,https://assets.tcgdex.net/en/swsh/swsh5/144/high.png,0,Ultra Rare
swsh5-145,BST,SWSH,145,Empoleon V,https://assets.tcgdex.net/en/swsh/swsh5/145/high.png,0,Ultra Rare
swsh5-146,BST,SWSH,146,Empoleon V,https://assets.tcgdex.net/en/swsh/swsh5/146/high.png,0,Ultra Rare
swsh5-147,BST,SWSH,147,Tapu Koko V,https://assets.tcgdex.net/en/swsh/swsh5/147/high.png,0,Ultra Rare
swsh5-148,BST,SWSH,148,Mimikyu V,https://assets.tcgdex.net/en/swsh/swsh5/148/high.png,0,Ultra Rare
swsh5-149,BST,SWSH,149,Necrozma V,https://assets.tcgdex.net/en/swsh/swsh5/149/high.png,0,Ultra Rare
swsh5-150,BST,SWSH,150,Single Strike Urshifu V,https://assets.tcgdex.net/en/swsh/swsh5/150/high.png,0,Ultra Rare
swsh5-151,BST,SWSH,151,Single Strike Urshifu V,https://assets.tcgdex.net/en/swsh/swsh5/151/high.png,0,Ultra Rare
swsh5-152,BST,SWSH,152,Rapid Strike Urshifu V,https://assets.tcgdex.net/en/swsh/swsh5/152/high.png,0,Ultra Rare
swsh5-153,BST,SWSH,153,Rapid Strike Urshifu V,https://assets.tcgdex.net/en/swsh/swsh5/153/high.png,0,Ultra Rare
swsh5-154,BST,SWSH,154,Tyranitar V,https://assets.tcgdex.net/en/swsh/swsh5/154/high.png,0,Ultra Rare
swsh5-155,BST,SWSH,155,Tyranitar V,https://assets.tcgdex.net/en/swsh/swsh5/155/high.png,0,Ultra Rare
swsh5-156,BST,SWSH,156,Corviknight V,https://assets.tcgdex.net/en/swsh/swsh5/156/high.png,0,Ultra Rare
swsh5-157,BST,SWSH,157,Stoutland V,https://assets.tcgdex.net/en/swsh/swsh5/157/high.png,0,Ultra Rare
swsh5-164,BST,SWSH,164,Flapple VMAX,https://assets.tcgdex.net/en/swsh/swsh5/164/high.png,0,Secret Rare
swsh5-165,BST,SWSH,165,Victini VMAX,https://assets.tcgdex.net/en/swsh/swsh5/165/high.png,0,Secret Rare
swsh5-166,BST,SWSH,166,Tapu Koko VMAX,https://assets.tcgdex.net/en/swsh/swsh5/166/high.png,0,Secret Rare
swsh5-167,BST,SWSH,167,Single Strike Urshifu VMAX,https://assets.tcgdex.net/en/swsh/swsh5/167/high.png,0,Secret Rare
swsh5-168,BST,SWSH,168,Single Strike Urshifu VMAX,https://assets.tcgdex.net/en/swsh/swsh5/168/high.png,0,Secret Rare
swsh5-169,BST,SWSH,169,Rapid Strike Urshifu VMAX,https://assets.tcgdex.net/en/swsh/swsh5/169/high.png,0,Secret Rare
swsh5-170,BST,SWSH,170,Rapid Strike Urshifu VMAX,https://assets.tcgdex.net/en/swsh/swsh5/170/high.png,0,Secret Rare
swsh5-171,BST,SWSH,171,Corviknight VMAX,https://assets.tcgdex.net/en/swsh/swsh5/171/high.png,0,Secret Rare
swsh5-178,BST,SWSH,178,Octillery,https://assets.tcgdex.net/en/swsh/swsh5/178/high.png,0,Secret Rare
swsh5-179,BST,SWSH,179,Houndoom,https://assets.tcgdex.net/en/swsh/swsh5/179/high.png,0,Secret Rare
swsh7-1,EVS,SWSH,1,Pinsir,https://assets.tcgdex.net/en/swsh/swsh7/1/high.png,0,Rare
swsh7-2,EVS,SWSH,2,Hoppip,https://assets.tcgdex.net/en/swsh/swsh7/2/high.png,0,Common
swsh7-3,EVS,SWSH,3,Skiploom,https://assets.tcgdex.net/en/swsh/swsh7/3/high.png,0,Uncommon
swsh7-4,EVS,SWSH,4,Jumpluff,https://assets.tcgdex.net/en/swsh/swsh7/4/high.png,0,Holo Rare
swsh7-5,EVS,SWSH,5,Seedot,https://assets.tcgdex.net/en/swsh/swsh7/5/high.png,0,Common
swsh7-6,EVS,SWSH,6,Tropius,https://assets.tcgdex.net/en/swsh/swsh7/6/high.png,0,Rare
swsh7-7,EVS,SWSH,7,Leafeon V,https://assets.tcgdex.net/en/swsh/swsh7/7/high.png,0,Holo Rare V
swsh7-8,EVS,SWSH,8,Leafeon VMAX,https://assets.tcgdex.net/en/swsh/swsh7/8/high.png,0,Holo Rare VMAX
swsh7-9,EVS,SWSH,9,Petilil,https://assets.tcgdex.net/en/swsh/swsh7/9/high.png,0,Common
swsh7-10,EVS,SWSH,10,Lilligant,https://assets.tcgdex.net/en/swsh/swsh7/10/high.png,0,Rare
swsh7-11,EVS,SWSH,11,Dwebble,https://assets.tcgdex.net/en/swsh/swsh7/11/high.png,0,Common
swsh7-12,EVS,SWSH,12,Crustle,https://assets.tcgdex.net/en/swsh/swsh7/12/high.png,0,Uncommon
swsh7-13,EVS,SWSH,13,Trevenant V,https://assets.tcgdex.net/en/swsh/swsh7/13/high.png,0,Holo Rare V
swsh7-14,EVS,SWSH,14,Trevenant VMAX,https://assets.tcgdex.net/en/swsh/swsh7/14/high.png,0,Holo Rare VMAX
swsh7-15,EVS,SWSH,15,Gossifleur,https://assets.tcgdex.net/en/swsh/swsh7/15/high.png,0,Common
swsh7-16,EVS,SWSH,16,Eldegoss,https://assets.tcgdex.net/en/swsh/swsh7/16/high.png,0,Holo Rare
swsh7-17,EVS,SWSH,17,Applin,https://assets.tcgdex.net/en/swsh/swsh7/17/high.png,0,Common
swsh7-18,EVS,SWSH,18,Flareon VMAX,https://assets.tcgdex.net/en/swsh/swsh7/18/high.png,0,Holo Rare VMAX
swsh7-19,EVS,SWSH,19,Entei,https://assets.tcgdex.net/en/swsh/swsh7/19/high.png,0,Holo Rare
swsh7-20,EVS,SWSH,20,Victini,https://assets.tcgdex.net/en/swsh/swsh7/20/high.png,0,Holo Rare
swsh7-21,EVS,SWSH,21,Volcarona V,https://assets.tcgdex.net/en/swsh/swsh7/21/high.png,0,Holo Rare V
swsh7-22,EVS,SWSH,22,Litleo,https://assets.tcgdex.net/en/swsh/swsh7/22/high.png,0,Common
swsh7-23,EVS,SWSH,23,Pyroar,https://assets.tcgdex.net/en/swsh/swsh7/23/high.png,0,Uncommon
swsh7-24,EVS,SWSH,24,Psyduck,https://assets.tcgdex.net/en/swsh/swsh7/24/high.png,0,Common
swsh7-25,EVS,SWSH,25,Golduck,https://assets.tcgdex.net/en/swsh/swsh7/25/high.png,0,Uncommon
swsh7-26,EVS,SWSH,26,Tentacool,https://assets.tcgdex.net/en/swsh/swsh7/26/high.png,0,Common
swsh7-27,EVS,SWSH,27,Tentacruel,https://assets.tcgdex.net/en/swsh/swsh7/27/high.png,0,Uncommon
swsh7-28,EVS,SWSH,28,Gyarados V,https://assets.tcgdex.net/en/swsh/swsh7/28/high.png,0,Holo Rare V
swsh7-29,EVS,SWSH,29,Gyarados VMAX,https://assets.tcgdex.net/en/swsh/swsh7/29/high.png,0,Holo Rare VMAX
swsh7-30,EVS,SWSH,30,Vaporeon VMAX,https://assets.tcgdex.net/en/swsh/swsh7/30/high.png,0,Holo Rare VMAX
swsh7-31,EVS,SWSH,31,Suicune V,https://assets.tcgdex.net/en/swsh/swsh7/31/high.png,0,Holo Rare V
swsh7-32,EVS,SWSH,32,Lotad,https://assets.tcgdex.net/en/swsh/swsh7/32/high.png,0,Common
swsh7-33,EVS,SWSH,33,Lombre,https://assets.tcgdex.net/en/swsh/swsh7/33/high.png,0,Uncommon
swsh7-34,EVS,SWSH,34,Ludicolo,https://assets.tcgdex.net/en/swsh/swsh7/34/high.png,0,Holo Rare
swsh7-35,EVS,SWSH,35,Carvanha,https://assets.tcgdex.net/en/swsh/swsh7/35/high.png,0,Common
swsh7-36,EVS,SWSH,36,Sharpedo,https://assets.tcgdex.net/en/swsh/swsh7/36/high.png,0,Rare
swsh7-37,EVS,SWSH,37,Feebas,https://assets.tcgdex.net/en/swsh/swsh7/37/high.png,0,Common
swsh7-38,EVS,SWSH,38,Milotic,https://assets.tcgdex.net/en/swsh/swsh7/38/high.png,0,Rare
swsh7-39,EVS,SWSH,39,Luvdisc,https://assets.tcgdex.net/en/swsh/swsh7/39/high.png,0,Common
swsh7-40,EVS,SWSH,40,Glaceon V,https://assets.tcgdex.net/en/swsh/swsh7/40/high.png,0,Holo Rare V
swsh7-41,EVS,SWSH,41,Glaceon VMAX,https://assets.tcgdex.net/en/swsh/swsh7/41/high.png,0,Holo Rare VMAX
swsh7-42,EVS,SWSH,42,Tympole,https://assets.tcgdex.net/en/swsh/swsh7/42/high.png,0,Common
swsh7-43,EVS,SWSH,43,Cryogonal,https://assets.tcgdex.net/en/swsh/swsh7/43/high.png,0,Common
swsh7-44,EVS,SWSH,44,Bergmite,https://assets.tcgdex.net/en/swsh/swsh7/44/high.png,0,Common
swsh7-45,EVS,SWSH,45,Avalugg,https://assets.tcgdex.net/en/swsh/swsh7/45/high.png,0,Uncommon
swsh7-46,EVS,SWSH,46,Wishiwashi,https://assets.tcgdex.net/en/swsh/swsh7/46/high.png,0,Rare
swsh7-47,EVS,SWSH,47,Eiscue,https://assets.tcgdex.net/en/swsh/swsh7/47/high.png,0,Uncommon
swsh7-48,EVS,SWSH,48,Arctovish V,https://assets.tcgdex.net/en/swsh/swsh7/48/high.png,0,Holo Rare V
swsh7-49,EVS,SWSH,49,Pikachu,https://assets.tcgdex.net/en/swsh/swsh7/49/high.png,0,Common
swsh7-50,EVS,SWSH,50,Raichu,https://assets.tcgdex.net/en/swsh/swsh7/50/high.png,0,Holo Rare
swsh7-51,EVS,SWSH,51,Jolteon VMAX,https://assets.tcgdex.net/en/swsh/swsh7/51/high.png,0,Holo Rare VMAX
swsh7-52,EVS,SWSH,52,Chinchou,https://assets.tcgdex.net/en/swsh/swsh7/52/high.png,0,Common
swsh7-53,EVS,SWSH,53,Lanturn,https://assets.tcgdex.net/en/swsh/swsh7/53/high.png,0,Uncommon
swsh7-54,EVS,SWSH,54,Mareep,https://assets.tcgdex.net/en/swsh/swsh7/54/high.png,0,Common
swsh7-55,EVS,SWSH,55,Flaaffy,https://assets.tcgdex.net/en/swsh/swsh7/55/high.png,0,Uncommon
swsh7-56,EVS,SWSH,56,Ampharos,https://assets.tcgdex.net/en/swsh/swsh7/56/high.png,0,Rare
swsh7-57,EVS,SWSH,57,Emolga,https://assets.tcgdex.net/en/swsh/swsh7/57/high.png,0,Common
swsh7-58,EVS,SWSH,58,Dracozolt V,https://assets.tcgdex.net/en/swsh/swsh7/58/high.png,0,Holo Rare V
swsh7-59,EVS,SWSH,59,Dracozolt VMAX,https://assets.tcgdex.net/en/swsh/swsh7/59/high.png,0,Holo Rare VMAX
swsh7-60,EVS,SWSH,60,Regieleki,https://assets.tcgdex.net/en/swsh/swsh7/60/high.png,0,Holo Rare
swsh7-61,EVS,SWSH,61,Drowzee,https://assets.tcgdex.net/en/swsh/swsh7/61/high.png,0,Common
swsh7-62,EVS,SWSH,62,Hypno,https://assets.tcgdex.net/en/swsh/swsh7/62/high.png,0,Uncommon
swsh7-63,EVS,SWSH,63,Galarian Articuno,https://assets.tcgdex.net/en/swsh/swsh7/63/high.png,0,Holo Rare
swsh7-64,EVS,SWSH,64,Espeon V,https://assets.tcgdex.net/en/swsh/swsh7/64/high.png,0,Holo Rare V
swsh7-65,EVS,SWSH,65,Espeon VMAX,https://assets.tcgdex.net/en/swsh/swsh7/65/high.png,0,Holo Rare VMAX
swsh7-66,EVS,SWSH,66,Wobbuffet,https://assets.tcgdex.net/en/swsh/swsh7/66/high.png,0,Common
swsh7-67,EVS,SWSH,67,Sableye,https://assets.tcgdex.net/en/swsh/swsh7/67/high.png,0,Common
swsh7-68,EVS,SWSH,68,Woobat,https://assets.tcgdex.net/en/swsh/swsh7/68/high.png,0,Common
swsh7-69,EVS,SWSH,69,Swoobat,https://assets.tcgdex.net/en/swsh/swsh7/69/high.png,0,Uncommon
swsh7-70,EVS,SWSH,70,Golurk V,https://assets.tcgdex.net/en/swsh/swsh7/70/high.png,0,Holo Rare V
swsh7-71,EVS,SWSH,71,Flabébé,https://assets.tcgdex.net/en/swsh/swsh7/71/high.png,0,Common
swsh7-72,EVS,SWSH,72,Floette,https://assets.tcgdex.net/en/swsh/swsh7/72/high.png,0,Uncommon
swsh7-73,EVS,SWSH,73,Florges,https://assets.tcgdex.net/en/swsh/swsh7/73/high.png,0,Holo Rare
swsh7-74,EVS,SWSH,74,Sylveon V,https://assets.tcgdex.net/en/swsh/swsh7/74/high.png,0,Holo Rare V
swsh7-75,EVS,SWSH,75,Sylveon VMAX,https://assets.tcgdex.net/en/swsh/swsh7/75/high.png,0,Holo Rare VMAX
swsh7-76,EVS,SWSH,76,Pumpkaboo,https://assets.tcgdex.net/en/swsh/swsh7/76/high.png,0,Common
swsh7-77,EVS,SWSH,77,Gourgeist,https://assets.tcgdex.net/en/swsh/swsh7/77/high.png,0,Rare
swsh7-78,EVS,SWSH,78,Cutiefly,https://assets.tcgdex.net/en/swsh/swsh7/78/high.png,0,Common
swsh7-79,EVS,SWSH,79,Ribombee,https://assets.tcgdex.net/en/swsh/swsh7/79/high.png,0,Uncommon
swsh7-80,EVS,SWSH,80,Marshadow,https://assets.tcgdex.net/en/swsh/swsh7/80/high.png,0,Holo Rare
swsh7-81,EVS,SWSH,81,Hitmonchan,https://assets.tcgdex.net/en/swsh/swsh7/81/high.png,0,Common
swsh7-82,EVS,SWSH,82,Galarian Zapdos,https://assets.tcgdex.net/en/swsh/swsh7/82/high.png,0,Holo Rare
swsh7-83,EVS,SWSH,83,Medicham V,https://assets.tcgdex.net/en/swsh/swsh7/83/high.png,0,Holo Rare V
swsh7-84,EVS,SWSH,84,Hippopotas,https://assets.tcgdex.net/en/swsh/swsh7/84/high.png,0,Common
swsh7-85,EVS,SWSH,85,Hippowdon,https://assets.tcgdex.net/en/swsh/swsh7/85/high.png,0,Uncommon
swsh7-86,EVS,SWSH,86,Roggenrola,https://assets.tcgdex.net/en/swsh/swsh7/86/high.png,0,Common
swsh7-87,EVS,SWSH,87,Boldore,https://assets.tcgdex.net/en/swsh/swsh7/87/high.png,0,Uncommon
swsh7-88,EVS,SWSH,88,Gigalith,https://assets.tcgdex.net/en/swsh/swsh7/88/high.png,0,Rare
swsh7-89,EVS,SWSH,89,Palpitoad,https://assets.tcgdex.net/en/swsh/swsh7/89/high.png,0,Uncommon
swsh7-90,EVS,SWSH,90,Seismitoad,https://assets.tcgdex.net/en/swsh/swsh7/90/high.png,0,Rare
swsh7-91,EVS,SWSH,91,Lycanroc V,https://assets.tcgdex.net/en/swsh/swsh7/91/high.png,0,Holo Rare V
swsh7-92,EVS,SWSH,92,Lycanroc VMAX,https://assets.tcgdex.net/en/swsh/swsh7/92/high.png,0,Holo Rare VMAX
swsh7-93,EVS,SWSH,93,Galarian Moltres,https://assets.tcgdex.net/en/swsh/swsh7/93/high.png,0,Holo Rare
swsh7-94,EVS,SWSH,94,Umbreon V,https://assets.tcgdex.net/en/swsh/swsh7/94/high.png,0,Holo Rare V
swsh7-95,EVS,SWSH,95,Umbreon VMAX,https://assets.tcgdex.net/en/swsh/swsh7/95/high.png,0,Holo Rare VMAX
swsh7-96,EVS,SWSH,96,Nuzleaf,https://assets.tcgdex.net/en/swsh/swsh7/96/high.png,0,Uncommon
swsh7-97,EVS,SWSH,97,Shiftry,https://assets.tcgdex.net/en/swsh/swsh7/97/high.png,0,Rare
swsh7-98,EVS,SWSH,98,Scraggy,https://assets.tcgdex.net/en/swsh/swsh7/98/high.png,0,Common
swsh7-99,EVS,SWSH,99,Scrafty,https://assets.tcgdex.net/en/swsh/swsh7/99/high.png,0,Uncommon
swsh7-100,EVS,SWSH,100,Garbodor V,https://assets.tcgdex.net/en/swsh/swsh7/100/high.png,0,Holo Rare V
swsh7-101,EVS,SWSH,101,Garbodor VMAX,https://assets.tcgdex.net/en/swsh/swsh7/101/high.png,0,Holo Rare VMAX
swsh7-102,EVS,SWSH,102,Zorua,https://assets.tcgdex.net/en/swsh/swsh7/102/high.png,0,Common
swsh7-103,EVS,SWSH,103,Zoroark,https://assets.tcgdex.net/en/swsh/swsh7/103/high.png,0,Holo Rare
swsh7-104,EVS,SWSH,104,Nickit,https://assets.tcgdex.net/en/swsh/swsh7/104/high.png,0,Common
swsh7-105,EVS,SWSH,105,Thievul,https://assets.tcgdex.net/en/swsh/swsh7/105/high.png,0,Rare
swsh7-106,EVS,SWSH,106,Altaria,https://assets.tcgdex.net/en/swsh/swsh7/106/high.png,0,Rare
swsh7-107,EVS,SWSH,107,Bagon,https://assets.tcgdex.net/en/swsh/swsh7/107/high.png,0,Common
swsh7-108,EVS,SWSH,108,Shelgon,https://assets.tcgdex.net/en/swsh/swsh7/108/high.png,0,Uncommon
swsh7-109,EVS,SWSH,109,Salamence,https://assets.tcgdex.net/en/swsh/swsh7/109/high.png,0,Holo Rare
swsh7-110,EVS,SWSH,110,Rayquaza V,https://assets.tcgdex.net/en/swsh/swsh7/110/high.png,0,Holo Rare V
swsh7-111,EVS,SWSH,111,Rayquaza VMAX,https://assets.tcgdex.net/en/swsh/swsh7/111/high.png,0,Holo Rare VMAX
swsh7-112,EVS,SWSH,112,Dialga,https://assets.tcgdex.net/en/swsh/swsh7/112/high.png,0,Holo Rare
swsh7-113,EVS,SWSH,113,Deino,https://assets.tcgdex.net/en/swsh/swsh7/113/high.png,0,Common
swsh7-114,EVS,SWSH,114,Zweilous,https://assets.tcgdex.net/en/swsh/swsh7/114/high.png,0,Uncommon
swsh7-115,EVS,SWSH,115,Hydreigon,https://assets.tcgdex.net/en/swsh/swsh7/115/high.png,0,Holo Rare
swsh7-116,EVS,SWSH,116,Kyurem,https://assets.tcgdex.net/en/swsh/swsh7/116/high.png,0,Holo Rare
swsh7-117,EVS,SWSH,117,Noivern V,https://assets.tcgdex.net/en/swsh/swsh7/117/high.png,0,Holo Rare V
swsh7-118,EVS,SWSH,118,Zygarde,https://assets.tcgdex.net/en/swsh/swsh7/118/high.png,0,Holo Rare
swsh7-119,EVS,SWSH,119,Drampa,https://assets.tcgdex.net/en/swsh/swsh7/119/high.png,0,Rare
swsh7-120,EVS,SWSH,120,Flapple,https://assets.tcgdex.net/en/swsh/swsh7/120/high.png,0,Rare
swsh7-121,EVS,SWSH,121,Appletun,https://assets.tcgdex.net/en/swsh/swsh7/121/high.png,0,Rare
swsh7-122,EVS,SWSH,122,Duraludon V,https://assets.tcgdex.net/en/swsh/swsh7/122/high.png,0,Holo Rare V
swsh7-123,EVS,SWSH,123,Duraludon VMAX,https://assets.tcgdex.net/en/swsh/swsh7/123/high.png,0,Holo Rare VMAX
swsh7-124,EVS,SWSH,124,Regidrago,https://assets.tcgdex.net/en/swsh/swsh7/124/high.png,0,Holo Rare
swsh7-125,EVS,SWSH,125,Eevee,https://assets.tcgdex.net/en/swsh/swsh7/125/high.png,0,Common
swsh7-126,EVS,SWSH,126,Teddiursa,https://assets.tcgdex.net/en/swsh/swsh7/126/high.png,0,Common
swsh7-127,EVS,SWSH,127,Ursaring,https://assets.tcgdex.net/en/swsh/swsh7/127/high.png,0,Uncommon
swsh7-128,EVS,SWSH,128,Smeargle,https://assets.tcgdex.net/en/swsh/swsh7/128/high.png,0,Rare
swsh7-129,EVS,SWSH,129,Slakoth,https://assets.tcgdex.net/en/swsh/swsh7/129/high.png,0,Common
swsh7-130,EVS,SWSH,130,Vigoroth,https://assets.tcgdex.net/en/swsh/swsh7/130/high.png,0,Uncommon
swsh7-131,EVS,SWSH,131,Slaking,https://assets.tcgdex.net/en/swsh/swsh7/131/high.png,0,Holo Rare
swsh7-132,EVS,SWSH,132,Swablu,https://assets.tcgdex.net/en/swsh/swsh7/132/high.png,0,Common
swsh7-133,EVS,SWSH,133,Lillipup,https://assets.tcgdex.net/en/swsh/swsh7/133/high.png,0,Common
swsh7-134,EVS,SWSH,134,Herdier,https://assets.tcgdex.net/en/swsh/swsh7/134/high.png,0,Uncommon
swsh7-135,EVS,SWSH,135,Stoutland,https://assets.tcgdex.net/en/swsh/swsh7/135/high.png,0,Rare
swsh7-136,EVS,SWSH,136,Rufflet,https://assets.tcgdex.net/en/swsh/swsh7/136/high.png,0,Common
swsh7-137,EVS,SWSH,137,Braviary,https://assets.tcgdex.net/en/swsh/swsh7/137/high.png,0,Uncommon
swsh7-138,EVS,SWSH,138,Fletchling,https://assets.tcgdex.net/en/swsh/swsh7/138/high.png,0,Common
swsh7-139,EVS,SWSH,139,Fletchinder,https://assets.tcgdex.net/en/swsh/swsh7/139/high.png,0,Uncommon
swsh7-140,EVS,SWSH,140,Talonflame,https://assets.tcgdex.net/en/swsh/swsh7/140/high.png,0,Rare
swsh7-166,EVS,SWSH,166,Leafeon V,https://assets.tcgdex.net/en/swsh/swsh7/166/high.png,0,Ultra Rare
swsh7-167,EVS,SWSH,167,Leafeon V,https://assets.tcgdex.net/en/swsh/swsh7/167/high.png,0,Ultra Rare
swsh7-168,EVS,SWSH,168,Trevenant V,https://assets.tcgdex.net/en/swsh/swsh7/168/high.png,0,Ultra Rare
swsh7-169,EVS,SWSH,169,Flareon V,https://assets.tcgdex.net/en/swsh/swsh7/169/high.png,0,Ultra Rare
swsh7-170,EVS,SWSH,170,Volcarona V,https://assets.tcgdex.net/en/swsh/swsh7/170/high.png,0,Ultra Rare
swsh7-171,EVS,SWSH,171,Gyarados V,https://assets.tcgdex.net/en/swsh/swsh7/171/high.png,0,Ultra Rare
swsh7-172,EVS,SWSH,172,Vaporeon V,https://assets.tcgdex.net/en/swsh/swsh7/172/high.png,0,Ultra Rare
swsh7-173,EVS,SWSH,173,Suicune V,https://assets.tcgdex.net/en/swsh/swsh7/173/high.png,0,Ultra Rare
swsh7-174,EVS,SWSH,174,Glaceon V,https://assets.tcgdex.net/en/swsh/swsh7/174/high.png,0,Ultra Rare
swsh7-175,EVS,SWSH,175,Glaceon V,https://assets.tcgdex.net/en/swsh/swsh7/175/high.png,0,Ultra Rare
swsh7-176,EVS,SWSH,176,Arctovish V,https://assets.tcgdex.net/en/swsh/swsh7/176/high.png,0,Ultra Rare
swsh7-177,EVS,SWSH,177,Jolteon V,https://assets.tcgdex.net/en/swsh/swsh7/177/high.png,0,Ultra Rare
swsh7-178,EVS,SWSH,178,Dracozolt V,https://assets.tcgdex.net/en/swsh/swsh7/178/high.png,0,Ultra Rare
swsh7-179,EVS,SWSH,179,Espeon V,https://assets.tcgdex.net/en/swsh/swsh7/179/high.png,0,Ultra Rare
swsh7-180,EVS,SWSH,180,Espeon V,https://assets.tcgdex.net/en/swsh/swsh7/180/high.png,0,Ultra Rare
swsh7-181,EVS,SWSH,181,Golurk V,https://assets.tcgdex.net/en/swsh/swsh7/181/high.png,0,Ultra Rare
swsh7-182,EVS,SWSH,182,Golurk V,https://assets.tcgdex.net/en/swsh/swsh7/182/high.png,0,Ultra Rare
swsh7-183,EVS,SWSH,183,Sylveon V,https://assets.tcgdex.net/en/swsh/swsh7/183/high.png,0,Ultra Rare
swsh7-184,EVS,SWSH,184,Sylveon V,https://assets.tcgdex.net/en/swsh/swsh7/184/high.png,0,Ultra Rare
swsh7-185,EVS,SWSH,185,Medicham V,https://assets.tcgdex.net/en/swsh/swsh7/185/high.png,0,Ultra Rare
swsh7-186,EVS,SWSH,186,Medicham V,https://assets.tcgdex.net/en/swsh/swsh7/186/high.png,0,Ultra Rare
swsh7-187,EVS,SWSH,187,Lycanroc V,https://assets.tcgdex.net/en/swsh/swsh7/187/high.png,0,Ultra Rare
swsh7-188,EVS,SWSH,188,Umbreon V,https://assets.tcgdex.net/en/swsh/swsh7/188/high.png,0,Ultra Rare
swsh7-189,EVS,SWSH,189,Umbreon V,https://assets.tcgdex.net/en/swsh/swsh7/189/high.png,0,Ultra Rare
swsh7-190,EVS,SWSH,190,Garbodor V,https://assets.tcgdex.net/en/swsh/swsh7/190/high.png,0,Ultra Rare
swsh7-191,EVS,SWSH,191,Dragonite V,https://assets.tcgdex.net/en/swsh/swsh7/191/high.png,0,Ultra Rare
swsh7-192,EVS,SWSH,192,Dragonite V,https://assets.tcgdex.net/en/swsh/swsh7/192/high.png,0,Ultra Rare
swsh7-193,EVS,SWSH,193,Rayquaza V,https://assets.tcgdex.net/en/swsh/swsh7/193/high.png,0,Ultra Rare
swsh7-194,EVS,SWSH,194,Rayquaza V,https://assets.tcgdex.net/en/swsh/swsh7/194/high.png,0,Ultra Rare
swsh7-195,EVS,SWSH,195,Noivern V,https://assets.tcgdex.net/en/swsh/swsh7/195/high.png,0,Ultra Rare
swsh7-196,EVS,SWSH,196,Noivern V,https://assets.tcgdex.net/en/swsh/swsh7/196/high.png,0,Ultra Rare
swsh7-197,EVS,SWSH,197,Duraludon V,https://assets.tcgdex.net/en/swsh/swsh7/197/high.png,0,Ultra Rare
swsh7-198,EVS,SWSH,198,Duraludon V,https://assets.tcgdex.net/en/swsh/swsh7/198/high.png,0,Ultra Rare
swsh7-204,EVS,SWSH,204,Leafeon VMAX,https://assets.tcgdex.net/en/swsh/swsh7/204/high.png,0,Secret Rare
swsh7-205,EVS,SWSH,205,Leafeon VMAX,https://assets.tcgdex.net/en/swsh/swsh7/205/high.png,0,Secret Rare
swsh7-206,EVS,SWSH,206,Trevenant VMAX,https://assets.tcgdex.net/en/swsh/swsh7/206/high.png,0,Secret Rare
swsh7-207,EVS,SWSH,207,Gyarados VMAX,https://assets.tcgdex.net/en/swsh/swsh7/207/high.png,0,Secret Rare
swsh7-208,EVS,SWSH,208,Glaceon VMAX,https://assets.tcgdex.net/en/swsh/swsh7/208/high.png,0,Secret Rare
swsh7-209,EVS,SWSH,209,Glaceon VMAX,https://assets.tcgdex.net/en/swsh/swsh7/209/high.png,0,Secret Rare
swsh7-210,EVS,SWSH,210,Dracozolt VMAX,https://assets.tcgdex.net/en/swsh/swsh7/210/high.png,0,Secret Rare
swsh7-211,EVS,SWSH,211,Sylveon VMAX,https://assets.tcgdex.net/en/swsh/swsh7/211/high.png,0,Secret Rare
swsh7-212,EVS,SWSH,212,Sylveon VMAX,https://assets.tcgdex.net/en/swsh/swsh7/212/high.png,0,Secret Rare
swsh7-213,EVS,SWSH,213,Lycanroc VMAX,https://assets.tcgdex.net/en/swsh/swsh7/213/high.png,0,Secret Rare
swsh7-214,EVS,SWSH,214,Umbreon VMAX,https://assets.tcgdex.net/en/swsh/swsh7/214/high.png,0,Secret Rare
swsh7-215,EVS,SWSH,215,Umbreon VMAX,https://assets.tcgdex.net/en/swsh/swsh7/215/high.png,0,Secret Rare
swsh7-216,EVS,SWSH,216,Garbodor VMAX,https://assets.tcgdex.net/en/swsh/swsh7/216/high.png,0,Secret Rare
swsh7-217,EVS,SWSH,217,Rayquaza VMAX,https://assets.tcgdex.net/en/swsh/swsh7/217/high.png,0,Secret Rare
swsh7-218,EVS,SWSH,218,Rayquaza VMAX,https://assets.tcgdex.net/en/swsh/swsh7/218/high.png,0,Secret Rare
swsh7-219,EVS,SWSH,219,Duraludon VMAX,https://assets.tcgdex.net/en/swsh/swsh7/219/high.png,0,Secret Rare
swsh7-220,EVS,SWSH,220,Duraludon VMAX,https://assets.tcgdex.net/en/swsh/swsh7/220/high.png,0,Secret Rare
swsh7-226,EVS,SWSH,226,Froslass,https://assets.tcgdex.net/en/swsh/swsh7/226/high.png,0,Secret Rare
swsh7-227,EVS,SWSH,227,Inteleon,https://assets.tcgdex.net/en/swsh/swsh7/227/high.png,0,Secret Rare
swsh7-228,EVS,SWSH,228,Cresselia,https://assets.tcgdex.net/en/swsh/swsh7/228/high.png,0,Secret Rare
swsh9-001,BRS,SWSH,001,Exeggcute,https://assets.tcgdex.net/en/swsh/swsh9/001/high.png,0,Common
swsh9-002,BRS,SWSH,002,Exeggutor,https://assets.tcgdex.net/en/swsh/swsh9/002/high.png,0,Uncommon
swsh9-003,BRS,SWSH,003,Shroomish,https://assets.tcgdex.net/en/swsh/swsh9/003/high.png,0,Common
swsh9-004,BRS,SWSH,004,Breloom,https://assets.tcgdex.net/en/swsh/swsh9/004/high.png,0,Rare
swsh9-005,BRS,SWSH,005,Tropius,https://assets.tcgdex.net/en/swsh/swsh9/005/high.png,0,Uncommon
swsh9-006,BRS,SWSH,006,Turtwig,https://assets.tcgdex.net/en/swsh/swsh9/006/high.png,0,Common
swsh9-007,BRS,SWSH,007,Grotle,https://assets.tcgdex.net/en/swsh/swsh9/007/high.png,0,Uncommon
swsh9-008,BRS,SWSH,008,Torterra,https://assets.tcgdex.net/en/swsh/swsh9/008/high.png,0,Holo Rare
swsh9-009,BRS,SWSH,009,Burmy,https://assets.tcgdex.net/en/swsh/swsh9/009/high.png,0,Common
swsh9-010,BRS,SWSH,010,Wormadam,https://assets.tcgdex.net/en/swsh/swsh9/010/high.png,0,Rare
swsh9-011,BRS,SWSH,011,Mothim,https://assets.tcgdex.net/en/swsh/swsh9/011/high.png,0,Rare
swsh9-012,BRS,SWSH,012,Cherubi,https://assets.tcgdex.net/en/swsh/swsh9/012/high.png,0,Common
swsh9-013,BRS,SWSH,013,Shaymin V,https://assets.tcgdex.net/en/swsh/swsh9/013/high.png,0,Holo Rare V
swsh9-014,BRS,SWSH,014,Shaymin VSTAR,https://assets.tcgdex.net/en/swsh/swsh9/014/high.png,0,Holo Rare VSTAR
swsh9-015,BRS,SWSH,015,Karrablast,https://assets.tcgdex.net/en/swsh/swsh9/015/high.png,0,Common
swsh9-016,BRS,SWSH,016,Zarude V,https://assets.tcgdex.net/en/swsh/swsh9/016/high.png,0,Holo Rare V
swsh9-017,BRS,SWSH,017,Charizard V,https://assets.tcgdex.net/en/swsh/swsh9/017/high.png,0,Holo Rare V
swsh9-018,BRS,SWSH,018,Charizard VSTAR,https://assets.tcgdex.net/en/swsh/swsh9/018/high.png,0,Holo Rare VSTAR
swsh9-019,BRS,SWSH,019,Magmar,https://assets.tcgdex.net/en/swsh/swsh9/019/high.png,0,Common
swsh9-020,BRS,SWSH,020,Magmortar,https://assets.tcgdex.net/en/swsh/swsh9/020/high.png,0,Rare
swsh9-021,BRS,SWSH,021,Moltres,https://assets.tcgdex.net/en/swsh/swsh9/021/high.png,0,Holo Rare
swsh9-022,BRS,SWSH,022,Entei V,https://assets.tcgdex.net/en/swsh/swsh9/022/high.png,0,Holo Rare V
swsh9-023,BRS,SWSH,023,Torkoal,https://assets.tcgdex.net/en/swsh/swsh9/023/high.png,0,Uncommon
swsh9-024,BRS,SWSH,024,Chimchar,https://assets.tcgdex.net/en/swsh/swsh9/024/high.png,0,Common
swsh9-025,BRS,SWSH,025,Monferno,https://assets.tcgdex.net/en/swsh/swsh9/025/high.png,0,Uncommon
swsh9-026,BRS,SWSH,026,Infernape,https://assets.tcgdex.net/en/swsh/swsh9/026/high.png,0,Holo Rare
swsh9-027,BRS,SWSH,027,Simisear V,https://assets.tcgdex.net/en/swsh/swsh9/027/high.png,0,Holo Rare V
swsh9-028,BRS,SWSH,028,Kingler V,https://assets.tcgdex.net/en/swsh/swsh9/028/high.png,0,Holo Rare V
swsh9-029,BRS,SWSH,029,Kingler VMAX,https://assets.tcgdex.net/en/swsh/swsh9/029/high.png,0,Holo Rare VMAX
swsh9-030,BRS,SWSH,030,Staryu,https://assets.tcgdex.net/en/swsh/swsh9/030/high.png,0,Common
swsh9-031,BRS,SWSH,031,Lapras,https://assets.tcgdex.net/en/swsh/swsh9/031/high.png,0,Rare
swsh9-032,BRS,SWSH,032,Corphish,https://assets.tcgdex.net/en/swsh/swsh9/032/high.png,0,Common
swsh9-033,BRS,SWSH,033,Crawdaunt,https://assets.tcgdex.net/en/swsh/swsh9/033/high.png,0,Uncommon
swsh9-034,BRS,SWSH,034,Snorunt,https://assets.tcgdex.net/en/swsh/swsh9/034/high.png,0,Common
swsh9-035,BRS,SWSH,035,Piplup,https://assets.tcgdex.net/en/swsh/swsh9/035/high.png,0,Common
swsh9-036,BRS,SWSH,036,Prinplup,https://assets.tcgdex.net/en/swsh/swsh9/036/high.png,0,Uncommon
swsh9-037,BRS,SWSH,037,Empoleon,https://assets.tcgdex.net/en/swsh/swsh9/037/high.png,0,Holo Rare
swsh9-038,BRS,SWSH,038,Buizel,https://assets.tcgdex.net/en/swsh/swsh9/038/high.png,0,Common
swsh9-039,BRS,SWSH,039,Floatzel,https://assets.tcgdex.net/en/swsh/swsh9/039/high.png,0,Uncommon
swsh9-040,BRS,SWSH,040,Lumineon V,https://assets.tcgdex.net/en/swsh/swsh9/040/high.png,0,Holo Rare V
swsh9-041,BRS,SWSH,041,Manaphy,https://assets.tcgdex.net/en/swsh/swsh9/041/high.png,0,Rare
swsh9-042,BRS,SWSH,042,Cubchoo,https://assets.tcgdex.net/en/swsh/swsh9/042/high.png,0,Common
swsh9-043,BRS,SWSH,043,Beartic,https://assets.tcgdex.net/en/swsh/swsh9/043/high.png,0,Uncommon
swsh9-044,BRS,SWSH,044,Eiscue,https://assets.tcgdex.net/en/swsh/swsh9/044/high.png,0,Rare
swsh9-045,BRS,SWSH,045,Raichu V,https://assets.tcgdex.net/en/swsh/swsh9/045/high.png,0,Holo Rare V
swsh9-046,BRS,SWSH,046,Electabuzz,https://assets.tcgdex.net/en/swsh/swsh9/046/high.png,0,Common
swsh9-047,BRS,SWSH,047,Electivire,https://assets.tcgdex.net/en/swsh/swsh9/047/high.png,0,Rare
swsh9-048,BRS,SWSH,048,Raikou V,https://assets.tcgdex.net/en/swsh/swsh9/048/high.png,0,Holo Rare V
swsh9-049,BRS,SWSH,049,Shinx,https://assets.tcgdex.net/en/swsh/swsh9/049/high.png,0,Common
swsh9-050,BRS,SWSH,050,Luxio,https://assets.tcgdex.net/en/swsh/swsh9/050/high.png,0,Uncommon
swsh9-051,BRS,SWSH,051,Luxray,https://assets.tcgdex.net/en/swsh/swsh9/051/high.png,0,Rare
swsh9-052,BRS,SWSH,052,Pachirisu,https://assets.tcgdex.net/en/swsh/swsh9/052/high.png,0,Uncommon
swsh9-053,BRS,SWSH,053,Clefairy,https://assets.tcgdex.net/en/swsh/swsh9/053/high.png,0,Common
swsh9-054,BRS,SWSH,054,Clefable,https://assets.tcgdex.net/en/swsh/swsh9/054/high.png,0,Rare
swsh9-055,BRS,SWSH,055,Starmie,https://assets.tcgdex.net/en/swsh/swsh9/055/high.png,0,Uncommon
swsh9-056,BRS,SWSH,056,Mewtwo,https://assets.tcgdex.net/en/swsh/swsh9/056/high.png,0,Rare
swsh9-057,BRS,SWSH,057,Granbull V,https://assets.tcgdex.net/en/swsh/swsh9/057/high.png,0,Holo Rare V
swsh9-058,BRS,SWSH,058,Baltoy,https://assets.tcgdex.net/en/swsh/swsh9/058/high.png,0,Common
swsh9-059,BRS,SWSH,059,Claydol,https://assets.tcgdex.net/en/swsh/swsh9/059/high.png,0,Uncommon
swsh9-060,BRS,SWSH,060,Duskull,https://assets.tcgdex.net/en/swsh/swsh9/060/high.png,0,Common
swsh9-061,BRS,SWSH,061,Dusclops,https://assets.tcgdex.net/en/swsh/swsh9/061/high.png,0,Uncommon
swsh9-062,BRS,SWSH,062,Dusknoir,https://assets.tcgdex.net/en/swsh/swsh9/062/high.png,0,Holo Rare
swsh9-063,BRS,SWSH,063,Chimecho,https://assets.tcgdex.net/en/swsh/swsh9/063/high.png,0,Common
swsh9-064,BRS,SWSH,064,Whimsicott V,https://assets.tcgdex.net/en/swsh/swsh9/064/high.png,0,Holo Rare V
swsh9-065,BRS,SWSH,065,Whimsicott VSTAR,https://assets.tcgdex.net/en/swsh/swsh9/065/high.png,0,Holo Rare VSTAR
swsh9-066,BRS,SWSH,066,Sigilyph,https://assets.tcgdex.net/en/swsh/swsh9/066/high.png,0,Uncommon
swsh9-067,BRS,SWSH,067,Dedenne,https://assets.tcgdex.net/en/swsh/swsh9/067/high.png,0,Common
swsh9-068,BRS,SWSH,068,Mimikyu V,https://assets.tcgdex.net/en/swsh/swsh9/068/high.png,0,Holo Rare V
swsh9-069,BRS,SWSH,069,Mimikyu VMAX,https://assets.tcgdex.net/en/swsh/swsh9/069/high.png,0,Holo Rare VMAX
swsh9-070,BRS,SWSH,070,Milcery,https://assets.tcgdex.net/en/swsh/swsh9/070/high.png,0,Common
swsh9-071,BRS,SWSH,071,Alcremie,https://assets.tcgdex.net/en/swsh/swsh9/071/high.png,0,Rare
swsh9-072,BRS,SWSH,072,Hitmontop,https://assets.tcgdex.net/en/swsh/swsh9/072/high.png,0,Uncommon
swsh9-073,BRS,SWSH,073,Nosepass,https://assets.tcgdex.net/en/swsh/swsh9/073/high.png,0,Common
swsh9-074,BRS,SWSH,074,Trapinch,https://assets.tcgdex.net/en/swsh/swsh9/074/high.png,0,Common
swsh9-075,BRS,SWSH,075,Vibrava,https://assets.tcgdex.net/en/swsh/swsh9/075/high.png,0,Uncommon
swsh9-076,BRS,SWSH,076,Flygon,https://assets.tcgdex.net/en/swsh/swsh9/076/high.png,0,Rare
swsh9-077,BRS,SWSH,077,Wormadam,https://assets.tcgdex.net/en/swsh/swsh9/077/high.png,0,Rare
swsh9-078,BRS,SWSH,078,Riolu,https://assets.tcgdex.net/en/swsh/swsh9/078/high.png,0,Common
swsh9-079,BRS,SWSH,079,Lucario,https://assets.tcgdex.net/en/swsh/swsh9/079/high.png,0,Holo Rare
swsh9-080,BRS,SWSH,080,Throh,https://assets.tcgdex.net/en/swsh/swsh9/080/high.png,0,Common
swsh9-081,BRS,SWSH,081,Sawk,https://assets.tcgdex.net/en/swsh/swsh9/081/high.png,0,Common
swsh9-082,BRS,SWSH,082,Golett,https://assets.tcgdex.net/en/swsh/swsh9/082/high.png,0,Common
swsh9-083,BRS,SWSH,083,Golurk,https://assets.tcgdex.net/en/swsh/swsh9/083/high.png,0,Rare
swsh9-084,BRS,SWSH,084,Grimer,https://assets.tcgdex.net/en/swsh/swsh9/084/high.png,0,Common
swsh9-085,BRS,SWSH,085,Muk,https://assets.tcgdex.net/en/swsh/swsh9/085/high.png,0,Rare
swsh9-086,BRS,SWSH,086,Sneasel,https://assets.tcgdex.net/en/swsh/swsh9/086/high.png,0,Common
swsh9-087,BRS,SWSH,087,Weavile,https://assets.tcgdex.net/en/swsh/swsh9/087/high.png,0,Uncommon
swsh9-088,BRS,SWSH,088,Honchkrow V,https://assets.tcgdex.net/en/swsh/swsh9/088/high.png,0,Holo Rare V
swsh9-089,BRS,SWSH,089,Spiritomb,https://assets.tcgdex.net/en/swsh/swsh9/089/high.png,0,Common
swsh9-090,BRS,SWSH,090,Purrloin,https://assets.tcgdex.net/en/swsh/swsh9/090/high.png,0,Common
swsh9-091,BRS,SWSH,091,Liepard,https://assets.tcgdex.net/en/swsh/swsh9/091/high.png,0,Rare
swsh9-092,BRS,SWSH,092,Impidimp,https://assets.tcgdex.net/en/swsh/swsh9/092/high.png,0,Common
swsh9-093,BRS,SWSH,093,Morgrem,https://assets.tcgdex.net/en/swsh/swsh9/093/high.png,0,Uncommon
swsh9-094,BRS,SWSH,094,Grimmsnarl,https://assets.tcgdex.net/en/swsh/swsh9/094/high.png,0,Rare
swsh9-095,BRS,SWSH,095,Morpeko V,https://assets.tcgdex.net/en/swsh/swsh9/095/high.png,0,Holo Rare V
swsh9-096,BRS,SWSH,096,Aggron V,https://assets.tcgdex.net/en/swsh/swsh9/096/high.png,0,Holo Rare V
swsh9-097,BRS,SWSH,097,Aggron VMAX,https://assets.tcgdex.net/en/swsh/swsh9/097/high.png,0,Holo Rare VMAX
swsh9-098,BRS,SWSH,098,Wormadam,https://assets.tcgdex.net/en/swsh/swsh9/098/high.png,0,Rare
swsh9-099,BRS,SWSH,099,Probopass,https://assets.tcgdex.net/en/swsh/swsh9/099/high.png,0,Uncommon
swsh9-100,BRS,SWSH,100,Heatran,https://assets.tcgdex.net/en/swsh/swsh9/100/high.png,0,Rare
swsh9-101,BRS,SWSH,101,Escavalier,https://assets.tcgdex.net/en/swsh/swsh9/101/high.png,0,Rare
swsh9-102,BRS,SWSH,102,Klink,https://assets.tcgdex.net/en/swsh/swsh9/102/high.png,0,Common
swsh9-103,BRS,SWSH,103,Klang,https://assets.tcgdex.net/en/swsh/swsh9/103/high.png,0,Uncommon
swsh9-104,BRS,SWSH,104,Klinklang,https://assets.tcgdex.net/en/swsh/swsh9/104/high.png,0,Rare
swsh9-105,BRS,SWSH,105,Zamazenta V,https://assets.tcgdex.net/en/swsh/swsh9/105/high.png,0,Holo Rare V
swsh9-106,BRS,SWSH,106,Flygon V,https://assets.tcgdex.net/en/swsh/swsh9/106/high.png,0,Holo Rare V
swsh9-107,BRS,SWSH,107,Gible,https://assets.tcgdex.net/en/swsh/swsh9/107/high.png,0,Common
swsh9-108,BRS,SWSH,108,Gabite,https://assets.tcgdex.net/en/swsh/swsh9/108/high.png,0,Uncommon
swsh9-109,BRS,SWSH,109,Garchomp,https://assets.tcgdex.net/en/swsh/swsh9/109/high.png,0,Holo Rare
swsh9-110,BRS,SWSH,110,Axew,https://assets.tcgdex.net/en/swsh/swsh9/110/high.png,0,Common
swsh9-111,BRS,SWSH,111,Fraxure,https://assets.tcgdex.net/en/swsh/swsh9/111/high.png,0,Uncommon
swsh9-112,BRS,SWSH,112,Haxorus,https://assets.tcgdex.net/en/swsh/swsh9/112/high.png,0,Rare
swsh9-113,BRS,SWSH,113,Druddigon,https://assets.tcgdex.net/en/swsh/swsh9/113/high.png,0,Rare
swsh9-114,BRS,SWSH,114,Dracovish V,https://assets.tcgdex.net/en/swsh/swsh9/114/high.png,0,Holo Rare V
swsh9-115,BRS,SWSH,115,Farfetch'd,https://assets.tcgdex.net/en/swsh/swsh9/115/high.png,0,Common
swsh9-116,BRS,SWSH,116,Castform,https://assets.tcgdex.net/en/swsh/swsh9/116/high.png,0,Common
swsh9-117,BRS,SWSH,117,Starly,https://assets.tcgdex.net/en/swsh/swsh9/117/high.png,0,Common
swsh9-118,BRS,SWSH,118,Staravia,https://assets.tcgdex.net/en/swsh/swsh9/118/high.png,0,Uncommon
swsh9-119,BRS,SWSH,119,Staraptor,https://assets.tcgdex.net/en/swsh/swsh9/119/high.png,0,Rare
swsh9-120,BRS,SWSH,120,Bidoof,https://assets.tcgdex.net/en/swsh/swsh9/120/high.png,0,Common
swsh9-121,BRS,SWSH,121,Bibarel,https://assets.tcgdex.net/en/swsh/swsh9/121/high.png,0,Holo Rare
swsh9-122,BRS,SWSH,122,Arceus V,https://assets.tcgdex.net/en/swsh/swsh9/122/high.png,0,Holo Rare V
swsh9-123,BRS,SWSH,123,Arceus VSTAR,https://assets.tcgdex.net/en/swsh/swsh9/123/high.png,0,Holo Rare VSTAR
swsh9-124,BRS,SWSH,124,Minccino,https://assets.tcgdex.net/en/swsh/swsh9/124/high.png,0,Common
swsh9-125,BRS,SWSH,125,Cinccino,https://assets.tcgdex.net/en/swsh/swsh9/125/high.png,0,Uncommon
swsh9-126,BRS,SWSH,126,Tornadus,https://assets.tcgdex.net/en/swsh/swsh9/126/high.png,0,Rare
swsh9-127,BRS,SWSH,127,Hawlucha,https://assets.tcgdex.net/en/swsh/swsh9/127/high.png,0,Common
swsh9-128,BRS,SWSH,128,Drampa V,https://assets.tcgdex.net/en/swsh/swsh9/128/high.png,0,Holo Rare V
swsh9-152,BRS,SWSH,152,Shaymin V,https://assets.tcgdex.net/en/swsh/swsh9/152/high.png,0,Ultra Rare
swsh9-153,BRS,SWSH,153,Charizard V,https://assets.tcgdex.net/en/swsh/swsh9/153/high.png,0,Ultra Rare
swsh9-154,BRS,SWSH,154,Charizard V,https://assets.tcgdex.net/en/swsh/swsh9/154/high.png,0,Ultra Rare
swsh9-155,BRS,SWSH,155,Lumineon V,https://assets.tcgdex.net/en/swsh/swsh9/155/high.png,0,Ultra Rare
swsh9-156,BRS,SWSH,156,Lumineon V,https://assets.tcgdex.net/en/swsh/swsh9/156/high.png,0,Ultra Rare
swsh9-157,BRS,SWSH,157,Pikachu V,https://assets.tcgdex.net/en/swsh/swsh9/157/high.png,0,Ultra Rare
swsh9-158,BRS,SWSH,158,Raichu V,https://assets.tcgdex.net/en/swsh/swsh9/158/high.png,0,Ultra Rare
swsh9-159,BRS,SWSH,159,Granbull V,https://assets.tcgdex.net/en/swsh/swsh9/159/high.png,0,Ultra Rare
swsh9-160,BRS,SWSH,160,Whimsicott V,https://assets.tcgdex.net/en/swsh/swsh9/160/high.png,0,Ultra Rare
swsh9-161,BRS,SWSH,161,Honchkrow V,https://assets.tcgdex.net/en/swsh/swsh9/161/high.png,0,Ultra Rare
swsh9-162,BRS,SWSH,162,Honchkrow V,https://assets.tcgdex.net/en/swsh/swsh9/162/high.png,0,Ultra Rare
swsh9-163,BRS,SWSH,163,Zamazenta V,https://assets.tcgdex.net/en/swsh/swsh9/163/high.png,0,Ultra Rare
swsh9-164,BRS,SWSH,164,Flygon V,https://assets.tcgdex.net/en/swsh/swsh9/164/high.png,0,Ultra Rare
swsh9-165,BRS,SWSH,165,Arceus V,https://assets.tcgdex.net/en/swsh/swsh9/165/high.png,0,Ultra Rare
swsh9-166,BRS,SWSH,166,Arceus V,https://assets.tcgdex.net/en/swsh/swsh9/166/high.png,0,Ultra Rare
swsh9-173,BRS,SWSH,173,Shaymin VSTAR,https://assets.tcgdex.net/en/swsh/swsh9/173/high.png,0,Secret Rare
swsh9-174,BRS,SWSH,174,Charizard VSTAR,https://assets.tcgdex.net/en/swsh/swsh9/174/high.png,0,Secret Rare
swsh9-175,BRS,SWSH,175,Whimsicott VSTAR,https://assets.tcgdex.net/en/swsh/swsh9/175/high.png,0,Secret Rare
swsh9-176,BRS,SWSH,176,Arceus VSTAR,https://assets.tcgdex.net/en/swsh/swsh9/176/high.png,0,Secret Rare
swsh9-181,BRS,SWSH,181,Galarian Articuno V,https://assets.tcgdex.net/en/swsh/swsh9/181/high.png,0,Secret Rare
swsh9-182,BRS,SWSH,182,Galarian Zapdos V,https://assets.tcgdex.net/en/swsh/swsh9/182/high.png,0,Secret Rare
swsh9-183,BRS,SWSH,183,Galarian Moltres V,https://assets.tcgdex.net/en/swsh/swsh9/183/high.png,0,Secret Rare
swsh9-184,BRS,SWSH,184,Arceus VSTAR,https://assets.tcgdex.net/en/swsh/swsh9/184/high.png,0,Secret Rare
swsh9-TG01,BRS,SWSH,TG01,Flareon,https://assets.tcgdex.net/en/swsh/swsh9/TG01/high.png,0,Rare
swsh9-TG02,BRS,SWSH,TG02,Vaporeon,https://assets.tcgdex.net/en/swsh/swsh9/TG02/high.png,0,Rare
swsh9-TG03,BRS,SWSH,TG03,Octillery,https://assets.tcgdex.net/en/swsh/swsh9/TG03/high.png,0,Rare
swsh9-TG04,BRS,SWSH,TG04,Jolteon,https://assets.tcgdex.net/en/swsh/swsh9/TG04/high.png,0,Rare
swsh9-TG05,BRS,SWSH,TG05,Zekrom,https://assets.tcgdex.net/en/swsh/swsh9/TG05/high.png,0,Rare
swsh9-TG06,BRS,SWSH,TG06,Dusknoir,https://assets.tcgdex.net/en/swsh/swsh9/TG06/high.png,0,Rare
swsh9-TG07,BRS,SWSH,TG07,Dedenne,https://assets.tcgdex.net/en/swsh/swsh9/TG07/high.png,0,Rare
swsh9-TG08,BRS,SWSH,TG08,Alcremie,https://assets.tcgdex.net/en/swsh/swsh9/TG08/high.png,0,Rare
swsh9-TG09,BRS,SWSH,TG09,Ariados,https://assets.tcgdex.net/en/swsh/swsh9/TG09/high.png,0,Rare
swsh9-TG10,BRS,SWSH,TG10,Houndoom,https://assets.tcgdex.net/en/swsh/swsh9/TG10/high.png,0,Rare
swsh9-TG11,BRS,SWSH,TG11,Eevee,https://assets.tcgdex.net/en/swsh/swsh9/TG11/high.png,0,Rare
swsh9-TG12,BRS,SWSH,TG12,Oranguru,https://assets.tcgdex.net/en/swsh/swsh9/TG12/high.png,0,Rare
swsh9-TG13,BRS,SWSH,TG13,Boltund V,https://assets.tcgdex.net/en/swsh/swsh9/TG13/high.png,0,Ultra Rare
swsh9-TG14,BRS,SWSH,TG14,Sylveon V,https://assets.tcgdex.net/en/swsh/swsh9/TG14/high.png,0,Ultra Rare
swsh9-TG15,BRS,SWSH,TG15,Sylveon VMAX,https://assets.tcgdex.net/en/swsh/swsh9/TG15/high.png,0,Ultra Rare
swsh9-TG16,BRS,SWSH,TG16,Mimikyu V,https://assets.tcgdex.net/en/swsh/swsh9/TG16/high.png,0,Ultra Rare
swsh9-TG17,BRS,SWSH,TG17,Mimikyu VMAX,https://assets.tcgdex.net/en/swsh/swsh9/TG17/high.png,0,Ultra Rare
swsh9-TG18,BRS,SWSH,TG18,Single Strike Urshifu V,https://assets.tcgdex.net/en/swsh/swsh9/TG18/high.png,0,Ultra Rare
swsh9-TG19,BRS,SWSH,TG19,Single Strike Urshifu VMAX,https://assets.tcgdex.net/en/swsh/swsh9/TG19/high.png,0,Ultra Rare
swsh9-TG20,BRS,SWSH,TG20,Rapid Strike Urshifu V,https://assets.tcgdex.net/en/swsh/swsh9/TG20/high.png,0,Ultra Rare
swsh9-TG21,BRS,SWSH,TG21,Rapid Strike Urshifu VMAX,https://assets.tcgdex.net/en/swsh/swsh9/TG21/high.png,0,Ultra Rare
swsh9-TG22,BRS,SWSH,TG22,Umbreon V,https://assets.tcgdex.net/en/swsh/swsh9/TG22/high.png,0,Ultra Rare
swsh9-TG23,BRS,SWSH,TG23,Umbreon VMAX,https://assets.tcgdex.net/en/swsh/swsh9/TG23/high.png,0,Ultra Rare
swsh9-TG29,BRS,SWSH,TG29,Single Strike Urshifu VMAX,https://assets.tcgdex.net/en/swsh/swsh9/TG29/high.png,0,Secret Rare
swsh9-TG30,BRS,SWSH,TG30,Rapid Strike Urshifu VMAX,https://assets.tcgdex.net/en/swsh/swsh9/TG30/high.png,0,Secret Rare
swsh11-001,LOR,SWSH,001,Oddish,https://assets.tcgdex.net/en/swsh/swsh11/001/high.png,0,Common
swsh11-002,LOR,SWSH,002,Gloom,https://assets.tcgdex.net/en/swsh/swsh11/002/high.png,0,Uncommon
swsh11-003,LOR,SWSH,003,Vileplume,https://assets.tcgdex.net/en/swsh/swsh11/003/high.png,0,Holo Rare
swsh11-004,LOR,SWSH,004,Paras,https://assets.tcgdex.net/en/swsh/swsh11/004/high.png,0,Common
swsh11-005,LOR,SWSH,005,Parasect,https://assets.tcgdex.net/en/swsh/swsh11/005/high.png,0,Rare
swsh11-006,LOR,SWSH,006,Wurmple,https://assets.tcgdex.net/en/swsh/swsh11/006/high.png,0,Common
swsh11-007,LOR,SWSH,007,Silcoon,https://assets.tcgdex.net/en/swsh/swsh11/007/high.png,0,Uncommon
swsh11-008,LOR,SWSH,008,Beautifly,https://assets.tcgdex.net/en/swsh/swsh11/008/high.png,0,Holo Rare
swsh11-009,LOR,SWSH,009,Cascoon,https://assets.tcgdex.net/en/swsh/swsh11/009/high.png,0,Uncommon
swsh11-010,LOR,SWSH,010,Dustox,https://assets.tcgdex.net/en/swsh/swsh11/010/high.png,0,Rare
swsh11-011,LOR,SWSH,011,Seedot,https://assets.tcgdex.net/en/swsh/swsh11/011/high.png,0,Common
swsh11-012,LOR,SWSH,012,Nuzleaf,https://assets.tcgdex.net/en/swsh/swsh11/012/high.png,0,Uncommon
swsh11-013,LOR,SWSH,013,Shiftry,https://assets.tcgdex.net/en/swsh/swsh11/013/high.png,0,Holo Rare
swsh11-014,LOR,SWSH,014,Roselia,https://assets.tcgdex.net/en/swsh/swsh11/014/high.png,0,Common
swsh11-015,LOR,SWSH,015,Roserade,https://assets.tcgdex.net/en/swsh/swsh11/015/high.png,0,Uncommon
swsh11-016,LOR,SWSH,016,Phantump,https://assets.tcgdex.net/en/swsh/swsh11/016/high.png,0,Common
swsh11-017,LOR,SWSH,017,Trevenant,https://assets.tcgdex.net/en/swsh/swsh11/017/high.png,0,Holo Rare
swsh11-018,LOR,SWSH,018,Blipbug,https://assets.tcgdex.net/en/swsh/swsh11/018/high.png,0,Common
swsh11-019,LOR,SWSH,019,Dottler,https://assets.tcgdex.net/en/swsh/swsh11/019/high.png,0,Uncommon
swsh11-020,LOR,SWSH,020,Orbeetle,https://assets.tcgdex.net/en/swsh/swsh11/020/high.png,0,Holo Rare
swsh11-021,LOR,SWSH,021,Slugma,https://assets.tcgdex.net/en/swsh/swsh11/021/high.png,0,Common
swsh11-022,LOR,SWSH,022,Magcargo,https://assets.tcgdex.net/en/swsh/swsh11/022/high.png,0,Rare
swsh11-023,LOR,SWSH,023,Torkoal,https://assets.tcgdex.net/en/swsh/swsh11/023/high.png,0,Uncommon
swsh11-024,LOR,SWSH,024,Litwick,https://assets.tcgdex.net/en/swsh/swsh11/024/high.png,0,Common
swsh11-025,LOR,SWSH,025,Lampent,https://assets.tcgdex.net/en/swsh/swsh11/025/high.png,0,Uncommon
swsh11-026,LOR,SWSH,026,Chandelure,https://assets.tcgdex.net/en/swsh/swsh11/026/high.png,0,Holo Rare
swsh11-027,LOR,SWSH,027,Delphox V,https://assets.tcgdex.net/en/swsh/swsh11/027/high.png,0,Holo Rare V
swsh11-028,LOR,SWSH,028,Litleo,https://assets.tcgdex.net/en/swsh/swsh11/028/high.png,0,Common
swsh11-029,LOR,SWSH,029,Pyroar,https://assets.tcgdex.net/en/swsh/swsh11/029/high.png,0,Holo Rare
swsh11-030,LOR,SWSH,030,Poliwag,https://assets.tcgdex.net/en/swsh/swsh11/030/high.png,0,Common
swsh11-031,LOR,SWSH,031,Poliwhirl,https://assets.tcgdex.net/en/swsh/swsh11/031/high.png,0,Uncommon
swsh11-032,LOR,SWSH,032,Politoed,https://assets.tcgdex.net/en/swsh/swsh11/032/high.png,0,Rare
swsh11-033,LOR,SWSH,033,Seel,https://assets.tcgdex.net/en/swsh/swsh11/033/high.png,0,Common
swsh11-034,LOR,SWSH,034,Dewgong,https://assets.tcgdex.net/en/swsh/swsh11/034/high.png,0,Rare
swsh11-035,LOR,SWSH,035,Horsea,https://assets.tcgdex.net/en/swsh/swsh11/035/high.png,0,Common
swsh11-036,LOR,SWSH,036,Seadra,https://assets.tcgdex.net/en/swsh/swsh11/036/high.png,0,Uncommon
swsh11-037,LOR,SWSH,037,Kingdra,https://assets.tcgdex.net/en/swsh/swsh11/037/high.png,0,Holo Rare
swsh11-038,LOR,SWSH,038,Luvdisc,https://assets.tcgdex.net/en/swsh/swsh11/038/high.png,0,Common
swsh11-039,LOR,SWSH,039,Shellos,https://assets.tcgdex.net/en/swsh/swsh11/039/high.png,0,Common
swsh11-040,LOR,SWSH,040,Finneon,https://assets.tcgdex.net/en/swsh/swsh11/040/high.png,0,Common
swsh11-041,LOR,SWSH,041,Lumineon,https://assets.tcgdex.net/en/swsh/swsh11/041/high.png,0,Uncommon
swsh11-042,LOR,SWSH,042,Snover,https://assets.tcgdex.net/en/swsh/swsh11/042/high.png,0,Common
swsh11-043,LOR,SWSH,043,Abomasnow,https://assets.tcgdex.net/en/swsh/swsh11/043/high.png,0,Uncommon
swsh11-044,LOR,SWSH,044,Hisuian Basculin,https://assets.tcgdex.net/en/swsh/swsh11/044/high.png,0,Common
swsh11-045,LOR,SWSH,045,Hisuian Basculegion,https://assets.tcgdex.net/en/swsh/swsh11/045/high.png,0,Holo Rare
swsh11-046,LOR,SWSH,046,Ducklett,https://assets.tcgdex.net/en/swsh/swsh11/046/high.png,0,Common
swsh11-047,LOR,SWSH,047,Swanna,https://assets.tcgdex.net/en/swsh/swsh11/047/high.png,0,Uncommon
swsh11-048,LOR,SWSH,048,Kyurem V,https://assets.tcgdex.net/en/swsh/swsh11/048/high.png,0,Holo Rare V
swsh11-049,LOR,SWSH,049,Kyurem VMAX,https://assets.tcgdex.net/en/swsh/swsh11/049/high.png,0,Holo Rare VMAX
swsh11-050,LOR,SWSH,050,Cramorant,https://assets.tcgdex.net/en/swsh/swsh11/050/high.png,0,Rare
swsh11-051,LOR,SWSH,051,Glastrier,https://assets.tcgdex.net/en/swsh/swsh11/051/high.png,0,Holo Rare
swsh11-052,LOR,SWSH,052,Pikachu,https://assets.tcgdex.net/en/swsh/swsh11/052/high.png,0,Common
swsh11-053,LOR,SWSH,053,Raichu,https://assets.tcgdex.net/en/swsh/swsh11/053/high.png,0,Rare
swsh11-054,LOR,SWSH,054,Electrike,https://assets.tcgdex.net/en/swsh/swsh11/054/high.png,0,Common
swsh11-055,LOR,SWSH,055,Manectric,https://assets.tcgdex.net/en/swsh/swsh11/055/high.png,0,Rare
swsh11-056,LOR,SWSH,056,Magnezone V,https://assets.tcgdex.net/en/swsh/swsh11/056/high.png,0,Holo Rare VMAX
swsh11-057,LOR,SWSH,057,Magnezone VSTAR,https://assets.tcgdex.net/en/swsh/swsh11/057/high.png,0,Holo Rare VSTAR
swsh11-058,LOR,SWSH,058,Rotom V,https://assets.tcgdex.net/en/swsh/swsh11/058/high.png,0,Holo Rare VMAX
swsh11-059,LOR,SWSH,059,Tynamo,https://assets.tcgdex.net/en/swsh/swsh11/059/high.png,0,Common
swsh11-060,LOR,SWSH,060,Eelektrik,https://assets.tcgdex.net/en/swsh/swsh11/060/high.png,0,Uncommon
swsh11-061,LOR,SWSH,061,Eelektross,https://assets.tcgdex.net/en/swsh/swsh11/061/high.png,0,Rare
swsh11-062,LOR,SWSH,062,Clefairy,https://assets.tcgdex.net/en/swsh/swsh11/062/high.png,0,Common
swsh11-063,LOR,SWSH,063,Clefable,https://assets.tcgdex.net/en/swsh/swsh11/063/high.png,0,Rare
swsh11-064,LOR,SWSH,064,Gastly,https://assets.tcgdex.net/en/swsh/swsh11/064/high.png,0,Common
swsh11-065,LOR,SWSH,065,Haunter,https://assets.tcgdex.net/en/swsh/swsh11/065/high.png,0,Uncommon
swsh11-066,LOR,SWSH,066,Gengar,https://assets.tcgdex.net/en/swsh/swsh11/066/high.png,0,Holo Rare
swsh11-067,LOR,SWSH,067,Mr. Mime,https://assets.tcgdex.net/en/swsh/swsh11/067/high.png,0,Rare
swsh11-068,LOR,SWSH,068,Jynx,https://assets.tcgdex.net/en/swsh/swsh11/068/high.png,0,Common
swsh11-069,LOR,SWSH,069,Radiant Gardevoir,https://assets.tcgdex.net/en/swsh/swsh11/069/high.png,0,Radiant Rare
swsh11-070,LOR,SWSH,070,Sableye,https://assets.tcgdex.net/en/swsh/swsh11/070/high.png,0,Holo Rare
swsh11-071,LOR,SWSH,071,Mawile,https://assets.tcgdex.net/en/swsh/swsh11/071/high.png,0,Common
swsh11-072,LOR,SWSH,072,Shuppet,https://assets.tcgdex.net/en/swsh/swsh11/072/high.png,0,Common
swsh11-073,LOR,SWSH,073,Banette,https://assets.tcgdex.net/en/swsh/swsh11/073/high.png,0,Rare
swsh11-074,LOR,SWSH,074,Cresselia,https://assets.tcgdex.net/en/swsh/swsh11/074/high.png,0,Holo Rare
swsh11-075,LOR,SWSH,075,Hisuian Zorua,https://assets.tcgdex.net/en/swsh/swsh11/075/high.png,0,Common
swsh11-076,LOR,SWSH,076,Hisuian Zoroark,https://assets.tcgdex.net/en/swsh/swsh11/076/high.png,0,Holo Rare
swsh11-077,LOR,SWSH,077,Inkay,https://assets.tcgdex.net/en/swsh/swsh11/077/high.png,0,Common
swsh11-078,LOR,SWSH,078,Malamar,https://assets.tcgdex.net/en/swsh/swsh11/078/high.png,0,Rare
swsh11-079,LOR,SWSH,079,Comfey,https://assets.tcgdex.net/en/swsh/swsh11/079/high.png,0,Rare
swsh11-080,LOR,SWSH,080,Mimikyu,https://assets.tcgdex.net/en/swsh/swsh11/080/high.png,0,Rare
swsh11-081,LOR,SWSH,081,Spectrier,https://assets.tcgdex.net/en/swsh/swsh11/081/high.png,0,Holo Rare
swsh11-082,LOR,SWSH,082,Enamorus V,https://assets.tcgdex.net/en/swsh/swsh11/082/high.png,0,Holo Rare V
swsh11-083,LOR,SWSH,083,Hisuian Growlithe,https://assets.tcgdex.net/en/swsh/swsh11/083/high.png,0,Common
swsh11-084,LOR,SWSH,084,Hisuian Arcanine,https://assets.tcgdex.net/en/swsh/swsh11/084/high.png,0,Holo Rare
swsh11-085,LOR,SWSH,085,Poliwrath,https://assets.tcgdex.net/en/swsh/swsh11/085/high.png,0,Rare
swsh11-086,LOR,SWSH,086,Machop,https://assets.tcgdex.net/en/swsh/swsh11/086/high.png,0,Common
swsh11-087,LOR,SWSH,087,Machoke,https://assets.tcgdex.net/en/swsh/swsh11/087/high.png,0,Uncommon
swsh11-088,LOR,SWSH,088,Machamp,https://assets.tcgdex.net/en/swsh/swsh11/088/high.png,0,Holo Rare
swsh11-089,LOR,SWSH,089,Rhyhorn,https://assets.tcgdex.net/en/swsh/swsh11/089/high.png,0,Common
swsh11-090,LOR,SWSH,090,Rhydon,https://assets.tcgdex.net/en/swsh/swsh11/090/high.png,0,Uncommon
swsh11-091,LOR,SWSH,091,Rhyperior,https://assets.tcgdex.net/en/swsh/swsh11/091/high.png,0,Rare
swsh11-092,LOR,SWSH,092,Aerodactyl V,https://assets.tcgdex.net/en/swsh/swsh11/092/high.png,0,Holo Rare V
swsh11-093,LOR,SWSH,093,Aerodactyl VSTAR,https://assets.tcgdex.net/en/swsh/swsh11/093/high.png,0,Holo Rare VSTAR
swsh11-094,LOR,SWSH,094,Sudowoodo,https://assets.tcgdex.net/en/swsh/swsh11/094/high.png,0,Common
swsh11-095,LOR,SWSH,095,Gligar,https://assets.tcgdex.net/en/swsh/swsh11/095/high.png,0,Common
swsh11-096,LOR,SWSH,096,Gliscor,https://assets.tcgdex.net/en/swsh/swsh11/096/high.png,0,Rare
swsh11-097,LOR,SWSH,097,Makuhita,https://assets.tcgdex.net/en/swsh/swsh11/097/high.png,0,Common
swsh11-098,LOR,SWSH,098,Hariyama,https://assets.tcgdex.net/en/swsh/swsh11/098/high.png,0,Uncommon
swsh11-099,LOR,SWSH,099,Meditite,https://assets.tcgdex.net/en/swsh/swsh11/099/high.png,0,Common
swsh11-100,LOR,SWSH,100,Medicham,https://assets.tcgdex.net/en/swsh/swsh11/100/high.png,0,Uncommon
swsh11-101,LOR,SWSH,101,Relicanth,https://assets.tcgdex.net/en/swsh/swsh11/101/high.png,0,Uncommon
swsh11-102,LOR,SWSH,102,Gastrodon,https://assets.tcgdex.net/en/swsh/swsh11/102/high.png,0,Uncommon
swsh11-103,LOR,SWSH,103,Mienfoo,https://assets.tcgdex.net/en/swsh/swsh11/103/high.png,0,Common
swsh11-104,LOR,SWSH,104,Mienshao,https://assets.tcgdex.net/en/swsh/swsh11/104/high.png,0,Uncommon
swsh11-105,LOR,SWSH,105,Landorus,https://assets.tcgdex.net/en/swsh/swsh11/105/high.png,0,Rare
swsh11-106,LOR,SWSH,106,Binacle,https://assets.tcgdex.net/en/swsh/swsh11/106/high.png,0,Common
swsh11-107,LOR,SWSH,107,Barbaracle,https://assets.tcgdex.net/en/swsh/swsh11/107/high.png,0,Holo Rare
swsh11-108,LOR,SWSH,108,Carbink,https://assets.tcgdex.net/en/swsh/swsh11/108/high.png,0,Uncommon
swsh11-109,LOR,SWSH,109,Rockruff,https://assets.tcgdex.net/en/swsh/swsh11/109/high.png,0,Common
swsh11-110,LOR,SWSH,110,Falinks,https://assets.tcgdex.net/en/swsh/swsh11/110/high.png,0,Common
swsh11-111,LOR,SWSH,111,Stonjourner,https://assets.tcgdex.net/en/swsh/swsh11/111/high.png,0,Rare
swsh11-112,LOR,SWSH,112,Spinarak,https://assets.tcgdex.net/en/swsh/swsh11/112/high.png,0,Common
swsh11-113,LOR,SWSH,113,Ariados,https://assets.tcgdex.net/en/swsh/swsh11/113/high.png,0,Rare
swsh11-114,LOR,SWSH,114,Murkrow,https://assets.tcgdex.net/en/swsh/swsh11/114/high.png,0,Common
swsh11-115,LOR,SWSH,115,Honchkrow,https://assets.tcgdex.net/en/swsh/swsh11/115/high.png,0,Rare
swsh11-116,LOR,SWSH,116,Seviper,https://assets.tcgdex.net/en/swsh/swsh11/116/high.png,0,Uncommon
swsh11-117,LOR,SWSH,117,Spiritomb,https://assets.tcgdex.net/en/swsh/swsh11/117/high.png,0,Rare
swsh11-118,LOR,SWSH,118,Drapion V,https://assets.tcgdex.net/en/swsh/swsh11/118/high.png,0,Holo Rare V
swsh11-119,LOR,SWSH,119,Drapion VSTAR,https://assets.tcgdex.net/en/swsh/swsh11/119/high.png,0,Holo Rare VSTAR
swsh11-120,LOR,SWSH,120,Darkrai,https://assets.tcgdex.net/en/swsh/swsh11/120/high.png,0,Holo Rare
swsh11-121,LOR,SWSH,121,Inkay,https://assets.tcgdex.net/en/swsh/swsh11/121/high.png,0,Common
swsh11-122,LOR,SWSH,122,Hoopa,https://assets.tcgdex.net/en/swsh/swsh11/122/high.png,0,Rare
swsh11-123,LOR,SWSH,123,Radiant Hisuian Sneasler,https://assets.tcgdex.net/en/swsh/swsh11/123/high.png,0,Radiant Rare
swsh11-124,LOR,SWSH,124,Radiant Steelix,https://assets.tcgdex.net/en/swsh/swsh11/124/high.png,0,Radiant Rare
swsh11-125,LOR,SWSH,125,Bronzor,https://assets.tcgdex.net/en/swsh/swsh11/125/high.png,0,Common
swsh11-126,LOR,SWSH,126,Bronzong,https://assets.tcgdex.net/en/swsh/swsh11/126/high.png,0,Uncommon
swsh11-127,LOR,SWSH,127,Galarian Stunfisk,https://assets.tcgdex.net/en/swsh/swsh11/127/high.png,0,Uncommon
swsh11-128,LOR,SWSH,128,Magearna,https://assets.tcgdex.net/en/swsh/swsh11/128/high.png,0,Rare
swsh11-129,LOR,SWSH,129,Galarian Perrserker V,https://assets.tcgdex.net/en/swsh/swsh11/129/high.png,0,Holo Rare V
swsh11-130,LOR,SWSH,130,Giratina V,https://assets.tcgdex.net/en/swsh/swsh11/130/high.png,0,Holo Rare V
swsh11-131,LOR,SWSH,131,Giratina VSTAR,https://assets.tcgdex.net/en/swsh/swsh11/131/high.png,0,Holo Rare VSTAR
swsh11-132,LOR,SWSH,132,Goomy,https://assets.tcgdex.net/en/swsh/swsh11/132/high.png,0,Common
swsh11-133,LOR,SWSH,133,Hisuian Sliggoo,https://assets.tcgdex.net/en/swsh/swsh11/133/high.png,0,Uncommon
swsh11-134,LOR,SWSH,134,Hisuian Goodra,https://assets.tcgdex.net/en/swsh/swsh11/134/high.png,0,Holo Rare
swsh11-135,LOR,SWSH,135,Hisuian Goodra V,https://assets.tcgdex.net/en/swsh/swsh11/135/high.png,0,Holo Rare V
swsh11-136,LOR,SWSH,136,Hisuian Goodra VSTAR,https://assets.tcgdex.net/en/swsh/swsh11/136/high.png,0,Holo Rare VSTAR
swsh11-137,LOR,SWSH,137,Pidgeot V,https://assets.tcgdex.net/en/swsh/swsh11/137/high.png,0,Holo Rare V
swsh11-138,LOR,SWSH,138,Lickitung,https://assets.tcgdex.net/en/swsh/swsh11/138/high.png,0,Common
swsh11-139,LOR,SWSH,139,Lickilicky,https://assets.tcgdex.net/en/swsh/swsh11/139/high.png,0,Uncommon
swsh11-140,LOR,SWSH,140,Porygon,https://assets.tcgdex.net/en/swsh/swsh11/140/high.png,0,Common
swsh11-141,LOR,SWSH,141,Porygon2,https://assets.tcgdex.net/en/swsh/swsh11/141/high.png,0,Uncommon
swsh11-142,LOR,SWSH,142,Porygon-Z,https://assets.tcgdex.net/en/swsh/swsh11/142/high.png,0,Rare
swsh11-143,LOR,SWSH,143,Snorlax,https://assets.tcgdex.net/en/swsh/swsh11/143/high.png,0,Holo Rare
swsh11-144,LOR,SWSH,144,Aipom,https://assets.tcgdex.net/en/swsh/swsh11/144/high.png,0,Common
swsh11-145,LOR,SWSH,145,Ambipom,https://assets.tcgdex.net/en/swsh/swsh11/145/high.png,0,Uncommon
swsh11-146,LOR,SWSH,146,Hisuian Zoroark V,https://assets.tcgdex.net/en/swsh/swsh11/146/high.png,0,Holo Rare V
swsh11-147,LOR,SWSH,147,Hisuian Zoroark VSTAR,https://assets.tcgdex.net/en/swsh/swsh11/147/high.png,0,Holo Rare VSTAR
swsh11-148,LOR,SWSH,148,Bouffalant,https://assets.tcgdex.net/en/swsh/swsh11/148/high.png,0,Rare
swsh11-149,LOR,SWSH,149,Komala,https://assets.tcgdex.net/en/swsh/swsh11/149/high.png,0,Uncommon
swsh11-150,LOR,SWSH,150,Skwovet,https://assets.tcgdex.net/en/swsh/swsh11/150/high.png,0,Common
swsh11-151,LOR,SWSH,151,Greedent,https://assets.tcgdex.net/en/swsh/swsh11/151/high.png,0,Rare
swsh11-172,LOR,SWSH,172,Hisuian Electrode V,https://assets.tcgdex.net/en/swsh/swsh11/172/high.png,0,Ultra Rare
swsh11-173,LOR,SWSH,173,Delphox V,https://assets.tcgdex.net/en/swsh/swsh11/173/high.png,0,Ultra Rare
swsh11-174,LOR,SWSH,174,Kyurem V,https://assets.tcgdex.net/en/swsh/swsh11/174/high.png,0,Ultra Rare
swsh11-175,LOR,SWSH,175,Magnezone V,https://assets.tcgdex.net/en/swsh/swsh11/175/high.png,0,Ultra Rare
swsh11-176,LOR,SWSH,176,Rotom V,https://assets.tcgdex.net/en/swsh/swsh11/176/high.png,0,Ultra Rare
swsh11-177,LOR,SWSH,177,Rotom V,https://assets.tcgdex.net/en/swsh/swsh11/177/high.png,0,Ultra Rare
swsh11-178,LOR,SWSH,178,Enamorus V,https://assets.tcgdex.net/en/swsh/swsh11/178/high.png,0,Ultra Rare
swsh11-179,LOR,SWSH,179,Aerodactyl V,https://assets.tcgdex.net/en/swsh/swsh11/179/high.png,0,Ultra Rare
swsh11-180,LOR,SWSH,180,Aerodactyl V,https://assets.tcgdex.net/en/swsh/swsh11/180/high.png,0,Ultra Rare
swsh11-181,LOR,SWSH,181,Gallade V,https://assets.tcgdex.net/en/swsh/swsh11/181/high.png,0,Ultra Rare
swsh11-182,LOR,SWSH,182,Drapion V,https://assets.tcgdex.net/en/swsh/swsh11/182/high.png,0,Ultra Rare
swsh11-183,LOR,SWSH,183,Galarian Perrserker V,https://assets.tcgdex.net/en/swsh/swsh11/183/high.png,0,Ultra Rare
swsh11-184,LOR,SWSH,184,Galarian Perrserker V,https://assets.tcgdex.net/en/swsh/swsh11/184/high.png,0,Ultra Rare
swsh11-185,LOR,SWSH,185,Giratina V,https://assets.tcgdex.net/en/swsh/swsh11/185/high.png,0,Ultra Rare
swsh11-186,LOR,SWSH,186,Giratina V,https://assets.tcgdex.net/en/swsh/swsh11/186/high.png,0,Ultra Rare
swsh11-187,LOR,SWSH,187,Hisuian Goodra V,https://assets.tcgdex.net/en/swsh/swsh11/187/high.png,0,Ultra Rare
swsh11-188,LOR,SWSH,188,Pidgeot V,https://assets.tcgdex.net/en/swsh/swsh11/188/high.png,0,Ultra Rare
swsh11-197,LOR,SWSH,197,Kyurem VMAX,https://assets.tcgdex.net/en/swsh/swsh11/197/high.png,0,Secret Rare
swsh11-198,LOR,SWSH,198,Magnezone VSTAR,https://assets.tcgdex.net/en/swsh/swsh11/198/high.png,0,Secret Rare
swsh11-199,LOR,SWSH,199,Aerodactyl VSTAR,https://assets.tcgdex.net/en/swsh/swsh11/199/high.png,0,Secret Rare
swsh11-200,LOR,SWSH,200,Drapion VSTAR,https://assets.tcgdex.net/en/swsh/swsh11/200/high.png,0,Secret Rare
swsh11-201,LOR,SWSH,201,Giratina VSTAR,https://assets.tcgdex.net/en/swsh/swsh11/201/high.png,0,Secret Rare
swsh11-202,LOR,SWSH,202,Hisuian Goodra VSTAR,https://assets.tcgdex.net/en/swsh/swsh11/202/high.png,0,Secret Rare
swsh11-203,LOR,SWSH,203,Hisuian Zoroark VSTAR,https://assets.tcgdex.net/en/swsh/swsh11/203/high.png,0,Secret Rare
swsh11-212,LOR,SWSH,212,Giratina VSTAR,https://assets.tcgdex.net/en/swsh/swsh11/212/high.png,0,Secret Rare
swsh11-213,LOR,SWSH,213,Hisuian Zoroark VSTAR,https://assets.tcgdex.net/en/swsh/swsh11/213/high.png,0,Secret Rare
swsh11-TG01,LOR,SWSH,TG01,Parasect,https://assets.tcgdex.net/en/swsh/swsh11/TG01/high.png,0,Rare
swsh11-TG02,LOR,SWSH,TG02,Roserade,https://assets.tcgdex.net/en/swsh/swsh11/TG02/high.png,0,Rare
swsh11-TG03,LOR,SWSH,TG03,Charizard,https://assets.tcgdex.net/en/swsh/swsh11/TG03/high.png,0,Rare
swsh11-TG04,LOR,SWSH,TG04,Chandelure,https://assets.tcgdex.net/en/swsh/swsh11/TG04/high.png,0,Rare
swsh11-TG05,LOR,SWSH,TG05,Pikachu,https://assets.tcgdex.net/en/swsh/swsh11/TG05/high.png,0,Rare
swsh11-TG06,LOR,SWSH,TG06,Gengar,https://assets.tcgdex.net/en/swsh/swsh11/TG06/high.png,0,Rare
swsh11-TG07,LOR,SWSH,TG07,Banette,https://assets.tcgdex.net/en/swsh/swsh11/TG07/high.png,0,Rare
swsh11-TG08,LOR,SWSH,TG08,Hisuian Arcanine,https://assets.tcgdex.net/en/swsh/swsh11/TG08/high.png,0,Rare
swsh11-TG09,LOR,SWSH,TG09,Spiritomb,https://assets.tcgdex.net/en/swsh/swsh11/TG09/high.png,0,Rare
swsh11-TG10,LOR,SWSH,TG10,Snorlax,https://assets.tcgdex.net/en/swsh/swsh11/TG10/high.png,0,Rare
swsh11-TG11,LOR,SWSH,TG11,Castform,https://assets.tcgdex.net/en/swsh/swsh11/TG11/high.png,0,Rare
swsh11-TG12,LOR,SWSH,TG12,Orbeetle V,https://assets.tcgdex.net/en/swsh/swsh11/TG12/high.png,0,Ultra Rare
swsh11-TG13,LOR,SWSH,TG13,Orbeetle VMAX,https://assets.tcgdex.net/en/swsh/swsh11/TG13/high.png,0,Ultra Rare
swsh11-TG14,LOR,SWSH,TG14,Centiskorch V,https://assets.tcgdex.net/en/swsh/swsh11/TG14/high.png,0,Ultra Rare
swsh11-TG15,LOR,SWSH,TG15,Centiskorch VMAX,https://assets.tcgdex.net/en/swsh/swsh11/TG15/high.png,0,Ultra Rare
swsh11-TG16,LOR,SWSH,TG16,Pikachu V,https://assets.tcgdex.net/en/swsh/swsh11/TG16/high.png,0,Ultra Rare
swsh11-TG17,LOR,SWSH,TG17,Pikachu VMAX,https://assets.tcgdex.net/en/swsh/swsh11/TG17/high.png,0,Ultra Rare
swsh11-TG18,LOR,SWSH,TG18,Enamorus V,https://assets.tcgdex.net/en/swsh/swsh11/TG18/high.png,0,Ultra Rare
swsh11-TG19,LOR,SWSH,TG19,Gallade V,https://assets.tcgdex.net/en/swsh/swsh11/TG19/high.png,0,Ultra Rare
swsh11-TG20,LOR,SWSH,TG20,Crobat V,https://assets.tcgdex.net/en/swsh/swsh11/TG20/high.png,0,Ultra Rare
swsh11-TG21,LOR,SWSH,TG21,Eternatus V,https://assets.tcgdex.net/en/swsh/swsh11/TG21/high.png,0,Ultra Rare
swsh11-TG22,LOR,SWSH,TG22,Eternatus VMAX,https://assets.tcgdex.net/en/swsh/swsh11/TG22/high.png,0,Ultra Rare
swsh11-TG29,LOR,SWSH,TG29,Pikachu VMAX,https://assets.tcgdex.net/en/swsh/swsh11/TG29/high.png,0,Secret Rare
swsh11-TG30,LOR,SWSH,TG30,Mew VMAX,https://assets.tcgdex.net/en/swsh/swsh11/TG30/high.png,0,Secret Rare
swsh12.5-001,CRZ,SWSH,001,Oddish,https://assets.tcgdex.net/en/swsh/swsh12.5/001/high.png,0,Common
swsh12.5-002,CRZ,SWSH,002,Gloom,https://assets.tcgdex.net/en/swsh/swsh12.5/002/high.png,0,Uncommon
swsh12.5-003,CRZ,SWSH,003,Bellossom,https://assets.tcgdex.net/en/swsh/swsh12.5/003/high.png,0,Rare
swsh12.5-004,CRZ,SWSH,004,Tangela,https://assets.tcgdex.net/en/swsh/swsh12.5/004/high.png,0,Common
swsh12.5-005,CRZ,SWSH,005,Tangrowth,https://assets.tcgdex.net/en/swsh/swsh12.5/005/high.png,0,Rare
swsh12.5-006,CRZ,SWSH,006,Scyther,https://assets.tcgdex.net/en/swsh/swsh12.5/006/high.png,0,Common
swsh12.5-007,CRZ,SWSH,007,Sunkern,https://assets.tcgdex.net/en/swsh/swsh12.5/007/high.png,0,Common
swsh12.5-008,CRZ,SWSH,008,Yanma,https://assets.tcgdex.net/en/swsh/swsh12.5/008/high.png,0,Common
swsh12.5-009,CRZ,SWSH,009,Yanmega,https://assets.tcgdex.net/en/swsh/swsh12.5/009/high.png,0,Rare
swsh12.5-010,CRZ,SWSH,010,Kricketot,https://assets.tcgdex.net/en/swsh/swsh12.5/010/high.png,0,Common
swsh12.5-011,CRZ,SWSH,011,Cherubi,https://assets.tcgdex.net/en/swsh/swsh12.5/011/high.png,0,Common
swsh12.5-012,CRZ,SWSH,012,Carnivine,https://assets.tcgdex.net/en/swsh/swsh12.5/012/high.png,0,Uncommon
swsh12.5-013,CRZ,SWSH,013,Leafeon V,https://assets.tcgdex.net/en/swsh/swsh12.5/013/high.png,0,Holo Rare V
swsh12.5-014,CRZ,SWSH,014,Leafeon VSTAR,https://assets.tcgdex.net/en/swsh/swsh12.5/014/high.png,0,Holo Rare VSTAR
swsh12.5-015,CRZ,SWSH,015,Grubbin,https://assets.tcgdex.net/en/swsh/swsh12.5/015/high.png,0,Common
swsh12.5-016,CRZ,SWSH,016,Zarude,https://assets.tcgdex.net/en/swsh/swsh12.5/016/high.png,0,Holo Rare
swsh12.5-017,CRZ,SWSH,017,Calyrex,https://assets.tcgdex.net/en/swsh/swsh12.5/017/high.png,0,Holo Rare
swsh12.5-018,CRZ,SWSH,018,Charizard V,https://assets.tcgdex.net/en/swsh/swsh12.5/018/high.png,0,Holo Rare V
swsh12.5-019,CRZ,SWSH,019,Charizard VSTAR,https://assets.tcgdex.net/en/swsh/swsh12.5/019/high.png,0,Holo Rare VSTAR
swsh12.5-020,CRZ,SWSH,020,Radiant Charizard,https://assets.tcgdex.net/en/swsh/swsh12.5/020/high.png,0,Radiant Rare
swsh12.5-021,CRZ,SWSH,021,Entei,https://assets.tcgdex.net/en/swsh/swsh12.5/021/high.png,0,Holo Rare
swsh12.5-022,CRZ,SWSH,022,Simisear V,https://assets.tcgdex.net/en/swsh/swsh12.5/022/high.png,0,Holo Rare V
swsh12.5-023,CRZ,SWSH,023,Simisear VSTAR,https://assets.tcgdex.net/en/swsh/swsh12.5/023/high.png,0,Holo Rare VSTAR
swsh12.5-024,CRZ,SWSH,024,Larvesta,https://assets.tcgdex.net/en/swsh/swsh12.5/024/high.png,0,Common
swsh12.5-025,CRZ,SWSH,025,Volcarona,https://assets.tcgdex.net/en/swsh/swsh12.5/025/high.png,0,Rare
swsh12.5-026,CRZ,SWSH,026,Volcanion,https://assets.tcgdex.net/en/swsh/swsh12.5/026/high.png,0,Holo Rare
swsh12.5-027,CRZ,SWSH,027,Salandit,https://assets.tcgdex.net/en/swsh/swsh12.5/027/high.png,0,Common
swsh12.5-028,CRZ,SWSH,028,Salazzle,https://assets.tcgdex.net/en/swsh/swsh12.5/028/high.png,0,Uncommon
swsh12.5-029,CRZ,SWSH,029,Seel,https://assets.tcgdex.net/en/swsh/swsh12.5/029/high.png,0,Common
swsh12.5-030,CRZ,SWSH,030,Galarian Mr. Mime,https://assets.tcgdex.net/en/swsh/swsh12.5/030/high.png,0,Common
swsh12.5-031,CRZ,SWSH,031,Wailmer,https://assets.tcgdex.net/en/swsh/swsh12.5/031/high.png,0,Common
swsh12.5-032,CRZ,SWSH,032,Wailord,https://assets.tcgdex.net/en/swsh/swsh12.5/032/high.png,0,Rare
swsh12.5-033,CRZ,SWSH,033,Corphish,https://assets.tcgdex.net/en/swsh/swsh12.5/033/high.png,0,Common
swsh12.5-034,CRZ,SWSH,034,Snorunt,https://assets.tcgdex.net/en/swsh/swsh12.5/034/high.png,0,Common
swsh12.5-035,CRZ,SWSH,035,Luvdisc,https://assets.tcgdex.net/en/swsh/swsh12.5/035/high.png,0,Common
swsh12.5-036,CRZ,SWSH,036,Kyogre,https://assets.tcgdex.net/en/swsh/swsh12.5/036/high.png,0,Holo Rare
swsh12.5-037,CRZ,SWSH,037,Kyogre V,https://assets.tcgdex.net/en/swsh/swsh12.5/037/high.png,0,Holo Rare V
swsh12.5-038,CRZ,SWSH,038,Glaceon V,https://assets.tcgdex.net/en/swsh/swsh12.5/038/high.png,0,Holo Rare V
swsh12.5-039,CRZ,SWSH,039,Shinx,https://assets.tcgdex.net/en/swsh/swsh12.5/039/high.png,0,Common
swsh12.5-040,CRZ,SWSH,040,Shinx,https://assets.tcgdex.net/en/swsh/swsh12.5/040/high.png,0,Common
swsh12.5-041,CRZ,SWSH,041,Luxio,https://assets.tcgdex.net/en/swsh/swsh12.5/041/high.png,0,Uncommon
swsh12.5-042,CRZ,SWSH,042,Luxio,https://assets.tcgdex.net/en/swsh/swsh12.5/042/high.png,0,Uncommon
swsh12.5-043,CRZ,SWSH,043,Luxray,https://assets.tcgdex.net/en/swsh/swsh12.5/043/high.png,0,Rare
swsh12.5-044,CRZ,SWSH,044,Luxray,https://assets.tcgdex.net/en/swsh/swsh12.5/044/high.png,0,Rare
swsh12.5-045,CRZ,SWSH,045,Rotom V,https://assets.tcgdex.net/en/swsh/swsh12.5/045/high.png,0,Holo Rare V
swsh12.5-046,CRZ,SWSH,046,Rotom VSTAR,https://assets.tcgdex.net/en/swsh/swsh12.5/046/high.png,0,Holo Rare VSTAR
swsh12.5-047,CRZ,SWSH,047,Emolga,https://assets.tcgdex.net/en/swsh/swsh12.5/047/high.png,0,Common
swsh12.5-048,CRZ,SWSH,048,Eelektrik,https://assets.tcgdex.net/en/swsh/swsh12.5/048/high.png,0,Uncommon
swsh12.5-049,CRZ,SWSH,049,Helioptile,https://assets.tcgdex.net/en/swsh/swsh12.5/049/high.png,0,Common
swsh12.5-050,CRZ,SWSH,050,Heliolisk,https://assets.tcgdex.net/en/swsh/swsh12.5/050/high.png,0,Rare
swsh12.5-051,CRZ,SWSH,051,Radiant Charjabug,https://assets.tcgdex.net/en/swsh/swsh12.5/051/high.png,0,Radiant Rare
swsh12.5-052,CRZ,SWSH,052,Zeraora,https://assets.tcgdex.net/en/swsh/swsh12.5/052/high.png,0,Rare
swsh12.5-053,CRZ,SWSH,053,Zeraora V,https://assets.tcgdex.net/en/swsh/swsh12.5/053/high.png,0,Holo Rare V
swsh12.5-054,CRZ,SWSH,054,Zeraora VMAX,https://assets.tcgdex.net/en/swsh/swsh12.5/054/high.png,0,Holo Rare VMAX
swsh12.5-055,CRZ,SWSH,055,Zeraora VSTAR,https://assets.tcgdex.net/en/swsh/swsh12.5/055/high.png,0,Holo Rare VSTAR
swsh12.5-056,CRZ,SWSH,056,Pincurchin,https://assets.tcgdex.net/en/swsh/swsh12.5/056/high.png,0,Uncommon
swsh12.5-057,CRZ,SWSH,057,Exeggcute,https://assets.tcgdex.net/en/swsh/swsh12.5/057/high.png,0,Common
swsh12.5-058,CRZ,SWSH,058,Exeggutor,https://assets.tcgdex.net/en/swsh/swsh12.5/058/high.png,0,Rare
swsh12.5-059,CRZ,SWSH,059,Mewtwo,https://assets.tcgdex.net/en/swsh/swsh12.5/059/high.png,0,Holo Rare
swsh12.5-060,CRZ,SWSH,060,Mew V,https://assets.tcgdex.net/en/swsh/swsh12.5/060/high.png,0,Holo Rare V
swsh12.5-061,CRZ,SWSH,061,Girafarig,https://assets.tcgdex.net/en/swsh/swsh12.5/061/high.png,0,Uncommon
swsh12.5-062,CRZ,SWSH,062,Lunatone,https://assets.tcgdex.net/en/swsh/swsh12.5/062/high.png,0,Uncommon
swsh12.5-063,CRZ,SWSH,063,Dusclops,https://assets.tcgdex.net/en/swsh/swsh12.5/063/high.png,0,Uncommon
swsh12.5-064,CRZ,SWSH,064,Tapu Lele,https://assets.tcgdex.net/en/swsh/swsh12.5/064/high.png,0,Holo Rare
swsh12.5-065,CRZ,SWSH,065,Hatterene V,https://assets.tcgdex.net/en/swsh/swsh12.5/065/high.png,0,Holo Rare V
swsh12.5-066,CRZ,SWSH,066,Hatterene VMAX,https://assets.tcgdex.net/en/swsh/swsh12.5/066/high.png,0,Holo Rare VMAX
swsh12.5-067,CRZ,SWSH,067,Enamorus,https://assets.tcgdex.net/en/swsh/swsh12.5/067/high.png,0,Rare
swsh12.5-068,CRZ,SWSH,068,Graveler,https://assets.tcgdex.net/en/swsh/swsh12.5/068/high.png,0,Uncommon
swsh12.5-069,CRZ,SWSH,069,Solrock,https://assets.tcgdex.net/en/swsh/swsh12.5/069/high.png,0,Uncommon
swsh12.5-070,CRZ,SWSH,070,Baltoy,https://assets.tcgdex.net/en/swsh/swsh12.5/070/high.png,0,Common
swsh12.5-071,CRZ,SWSH,071,Riolu,https://assets.tcgdex.net/en/swsh/swsh12.5/071/high.png,0,Common
swsh12.5-072,CRZ,SWSH,072,Pancham,https://assets.tcgdex.net/en/swsh/swsh12.5/072/high.png,0,Common
swsh12.5-073,CRZ,SWSH,073,Rockruff,https://assets.tcgdex.net/en/swsh/swsh12.5/073/high.png,0,Common
swsh12.5-074,CRZ,SWSH,074,Lycanroc,https://assets.tcgdex.net/en/swsh/swsh12.5/074/high.png,0,Rare
swsh12.5-075,CRZ,SWSH,075,Koffing,https://assets.tcgdex.net/en/swsh/swsh12.5/075/high.png,0,Common
swsh12.5-076,CRZ,SWSH,076,Absol,https://assets.tcgdex.net/en/swsh/swsh12.5/076/high.png,0,Holo Rare
swsh12.5-077,CRZ,SWSH,077,Purrloin,https://assets.tcgdex.net/en/swsh/swsh12.5/077/high.png,0,Common
swsh12.5-078,CRZ,SWSH,078,Liepard,https://assets.tcgdex.net/en/swsh/swsh12.5/078/high.png,0,Rare
swsh12.5-079,CRZ,SWSH,079,Krokorok,https://assets.tcgdex.net/en/swsh/swsh12.5/079/high.png,0,Uncommon
swsh12.5-080,CRZ,SWSH,080,Pangoro,https://assets.tcgdex.net/en/swsh/swsh12.5/080/high.png,0,Rare
swsh12.5-081,CRZ,SWSH,081,Skrelp,https://assets.tcgdex.net/en/swsh/swsh12.5/081/high.png,0,Common
swsh12.5-082,CRZ,SWSH,082,Dragalge,https://assets.tcgdex.net/en/swsh/swsh12.5/082/high.png,0,Rare
swsh12.5-083,CRZ,SWSH,083,Hoopa,https://assets.tcgdex.net/en/swsh/swsh12.5/083/high.png,0,Holo Rare
swsh12.5-084,CRZ,SWSH,084,Galarian Meowth,https://assets.tcgdex.net/en/swsh/swsh12.5/084/high.png,0,Common
swsh12.5-085,CRZ,SWSH,085,Galarian Perrserker,https://assets.tcgdex.net/en/swsh/swsh12.5/085/high.png,0,Rare
swsh12.5-086,CRZ,SWSH,086,Scizor,https://assets.tcgdex.net/en/swsh/swsh12.5/086/high.png,0,Rare
swsh12.5-087,CRZ,SWSH,087,Aron,https://assets.tcgdex.net/en/swsh/swsh12.5/087/high.png,0,Common
swsh12.5-088,CRZ,SWSH,088,Lairon,https://assets.tcgdex.net/en/swsh/swsh12.5/088/high.png,0,Uncommon
swsh12.5-089,CRZ,SWSH,089,Aggron,https://assets.tcgdex.net/en/swsh/swsh12.5/089/high.png,0,Holo Rare
swsh12.5-090,CRZ,SWSH,090,Metang,https://assets.tcgdex.net/en/swsh/swsh12.5/090/high.png,0,Uncommon
swsh12.5-091,CRZ,SWSH,091,Pawniard,https://assets.tcgdex.net/en/swsh/swsh12.5/091/high.png,0,Common
swsh12.5-092,CRZ,SWSH,092,Pawniard,https://assets.tcgdex.net/en/swsh/swsh12.5/092/high.png,0,Common
swsh12.5-093,CRZ,SWSH,093,Bisharp,https://assets.tcgdex.net/en/swsh/swsh12.5/093/high.png,0,Uncommon
swsh12.5-094,CRZ,SWSH,094,Zacian,https://assets.tcgdex.net/en/swsh/swsh12.5/094/high.png,0,Holo Rare
swsh12.5-095,CRZ,SWSH,095,Zacian V,https://assets.tcgdex.net/en/swsh/swsh12.5/095/high.png,0,Holo Rare V
swsh12.5-096,CRZ,SWSH,096,Zacian VSTAR,https://assets.tcgdex.net/en/swsh/swsh12.5/096/high.png,0,Holo Rare VSTAR
swsh12.5-097,CRZ,SWSH,097,Zamazenta,https://assets.tcgdex.net/en/swsh/swsh12.5/097/high.png,0,Holo Rare
swsh12.5-098,CRZ,SWSH,098,Zamazenta V,https://assets.tcgdex.net/en/swsh/swsh12.5/098/high.png,0,Holo Rare V
swsh12.5-099,CRZ,SWSH,099,Zamazenta VSTAR,https://assets.tcgdex.net/en/swsh/swsh12.5/099/high.png,0,Holo Rare VSTAR
swsh12.5-100,CRZ,SWSH,100,Rayquaza V,https://assets.tcgdex.net/en/swsh/swsh12.5/100/high.png,0,Holo Rare V
swsh12.5-101,CRZ,SWSH,101,Rayquaza VMAX,https://assets.tcgdex.net/en/swsh/swsh12.5/101/high.png,0,Holo Rare VMAX
swsh12.5-102,CRZ,SWSH,102,Rayquaza VMAX,https://assets.tcgdex.net/en/swsh/swsh12.5/102/high.png,0,Ultra Rare
swsh12.5-103,CRZ,SWSH,103,Duraludon V,https://assets.tcgdex.net/en/swsh/swsh12.5/103/high.png,0,Holo Rare V
swsh12.5-104,CRZ,SWSH,104,Duraludon VMAX,https://assets.tcgdex.net/en/swsh/swsh12.5/104/high.png,0,Holo Rare VMAX
swsh12.5-105,CRZ,SWSH,105,Radiant Eternatus,https://assets.tcgdex.net/en/swsh/swsh12.5/105/high.png,0,Radiant Rare
swsh12.5-106,CRZ,SWSH,106,Tauros,https://assets.tcgdex.net/en/swsh/swsh12.5/106/high.png,0,Rare
swsh12.5-107,CRZ,SWSH,107,Ditto,https://assets.tcgdex.net/en/swsh/swsh12.5/107/high.png,0,Holo Rare
swsh12.5-108,CRZ,SWSH,108,Eevee V,https://assets.tcgdex.net/en/swsh/swsh12.5/108/high.png,0,Holo Rare V
swsh12.5-109,CRZ,SWSH,109,Snorlax,https://assets.tcgdex.net/en/swsh/swsh12.5/109/high.png,0,Rare
swsh12.5-110,CRZ,SWSH,110,Starly,https://assets.tcgdex.net/en/swsh/swsh12.5/110/high.png,0,Common
swsh12.5-111,CRZ,SWSH,111,Bidoof,https://assets.tcgdex.net/en/swsh/swsh12.5/111/high.png,0,Common
swsh12.5-112,CRZ,SWSH,112,Chatot,https://assets.tcgdex.net/en/swsh/swsh12.5/112/high.png,0,Common
swsh12.5-113,CRZ,SWSH,113,Regigigas V,https://assets.tcgdex.net/en/swsh/swsh12.5/113/high.png,0,Holo Rare V
swsh12.5-114,CRZ,SWSH,114,Regigigas VSTAR,https://assets.tcgdex.net/en/swsh/swsh12.5/114/high.png,0,Holo Rare VSTAR
swsh12.5-115,CRZ,SWSH,115,Shaymin,https://assets.tcgdex.net/en/swsh/swsh12.5/115/high.png,0,Uncommon
swsh12.5-116,CRZ,SWSH,116,Stoutland V,https://assets.tcgdex.net/en/swsh/swsh12.5/116/high.png,0,Holo Rare V
swsh12.5-117,CRZ,SWSH,117,Yungoos,https://assets.tcgdex.net/en/swsh/swsh12.5/117/high.png,0,Common
swsh12.5-118,CRZ,SWSH,118,Gumshoos,https://assets.tcgdex.net/en/swsh/swsh12.5/118/high.png,0,Rare
swsh12.5-119,CRZ,SWSH,119,Oranguru,https://assets.tcgdex.net/en/swsh/swsh12.5/119/high.png,0,Rare
swsh12.5-120,CRZ,SWSH,120,Greedent V,https://assets.tcgdex.net/en/swsh/swsh12.5/120/high.png,0,Holo Rare V
swsh12.5-121,CRZ,SWSH,121,Wooloo,https://assets.tcgdex.net/en/swsh/swsh12.5/121/high.png,0,Common
swsh12.5-122,CRZ,SWSH,122,Dubwool,https://assets.tcgdex.net/en/swsh/swsh12.5/122/high.png,0,Rare
swsh12.5-160,CRZ,SWSH,160,Pikachu,https://assets.tcgdex.net/en/swsh/swsh12.5/160/high.png,0,Secret Rare
swsh12.5-GG01,CRZ,SWSH,GG01,Hisuian Voltorb,https://assets.tcgdex.net/en/swsh/swsh12.5/GG01/high.png,0,Rare
swsh12.5-GG02,CRZ,SWSH,GG02,Kricketune,https://assets.tcgdex.net/en/swsh/swsh12.5/GG02/high.png,0,Rare
swsh12.5-GG03,CRZ,SWSH,GG03,Magmortar,https://assets.tcgdex.net/en/swsh/swsh12.5/GG03/high.png,0,Rare
swsh12.5-GG04,CRZ,SWSH,GG04,Oricorio,https://assets.tcgdex.net/en/swsh/swsh12.5/GG04/high.png,0,Rare
swsh12.5-GG05,CRZ,SWSH,GG05,Lapras,https://assets.tcgdex.net/en/swsh/swsh12.5/GG05/high.png,0,Rare
swsh12.5-GG06,CRZ,SWSH,GG06,Manaphy,https://assets.tcgdex.net/en/swsh/swsh12.5/GG06/high.png,0,Rare
swsh12.5-GG07,CRZ,SWSH,GG07,Keldeo,https://assets.tcgdex.net/en/swsh/swsh12.5/GG07/high.png,0,Rare
swsh12.5-GG08,CRZ,SWSH,GG08,Electivire,https://assets.tcgdex.net/en/swsh/swsh12.5/GG08/high.png,0,Rare
swsh12.5-GG09,CRZ,SWSH,GG09,Toxtricity,https://assets.tcgdex.net/en/swsh/swsh12.5/GG09/high.png,0,Rare
swsh12.5-GG10,CRZ,SWSH,GG10,Mew,https://assets.tcgdex.net/en/swsh/swsh12.5/GG10/high.png,0,Rare
swsh12.5-GG11,CRZ,SWSH,GG11,Lunatone,https://assets.tcgdex.net/en/swsh/swsh12.5/GG11/high.png,0,Rare
swsh12.5-GG12,CRZ,SWSH,GG12,Deoxys,https://assets.tcgdex.net/en/swsh/swsh12.5/GG12/high.png,0,Rare
swsh12.5-GG13,CRZ,SWSH,GG13,Diancie,https://assets.tcgdex.net/en/swsh/swsh12.5/GG13/high.png,0,Rare
swsh12.5-GG14,CRZ,SWSH,GG14,Comfey,https://assets.tcgdex.net/en/swsh/swsh12.5/GG14/high.png,0,Rare
swsh12.5-GG15,CRZ,SWSH,GG15,Solrock,https://assets.tcgdex.net/en/swsh/swsh12.5/GG15/high.png,0,Rare
swsh12.5-GG16,CRZ,SWSH,GG16,Absol,https://assets.tcgdex.net/en/swsh/swsh12.5/GG16/high.png,0,Rare
swsh12.5-GG17,CRZ,SWSH,GG17,Thievul,https://assets.tcgdex.net/en/swsh/swsh12.5/GG17/high.png,0,Rare
swsh12.5-GG18,CRZ,SWSH,GG18,Magnezone,https://assets.tcgdex.net/en/swsh/swsh12.5/GG18/high.png,0,Rare
swsh12.5-GG19,CRZ,SWSH,GG19,Altaria,https://assets.tcgdex.net/en/swsh/swsh12.5/GG19/high.png,0,Rare
swsh12.5-GG20,CRZ,SWSH,GG20,Latias,https://assets.tcgdex.net/en/swsh/swsh12.5/GG20/high.png,0,Rare
swsh12.5-GG21,CRZ,SWSH,GG21,Hisuian Goodra,https://assets.tcgdex.net/en/swsh/swsh12.5/GG21/high.png,0,Rare
swsh12.5-GG22,CRZ,SWSH,GG22,Ditto,https://assets.tcgdex.net/en/swsh/swsh12.5/GG22/high.png,0,Rare
swsh12.5-GG23,CRZ,SWSH,GG23,Dunsparce,https://assets.tcgdex.net/en/swsh/swsh12.5/GG23/high.png,0,Rare
swsh12.5-GG24,CRZ,SWSH,GG24,Miltank,https://assets.tcgdex.net/en/swsh/swsh12.5/GG24/high.png,0,Rare
swsh12.5-GG25,CRZ,SWSH,GG25,Bibarel,https://assets.tcgdex.net/en/swsh/swsh12.5/GG25/high.png,0,Rare
swsh12.5-GG26,CRZ,SWSH,GG26,Riolu,https://assets.tcgdex.net/en/swsh/swsh12.5/GG26/high.png,0,Rare
swsh12.5-GG27,CRZ,SWSH,GG27,Swablu,https://assets.tcgdex.net/en/swsh/swsh12.5/GG27/high.png,0,Rare
swsh12.5-GG28,CRZ,SWSH,GG28,Duskull,https://assets.tcgdex.net/en/swsh/swsh12.5/GG28/high.png,0,Rare
swsh12.5-GG29,CRZ,SWSH,GG29,Bidoof,https://assets.tcgdex.net/en/swsh/swsh12.5/GG29/high.png,0,Rare
swsh12.5-GG30,CRZ,SWSH,GG30,Pikachu,https://assets.tcgdex.net/en/swsh/swsh12.5/GG30/high.png,0,Rare
swsh12.5-GG31,CRZ,SWSH,GG31,Turtwig,https://assets.tcgdex.net/en/swsh/swsh12.5/GG31/high.png,0,Rare
swsh12.5-GG32,CRZ,SWSH,GG32,Paras,https://assets.tcgdex.net/en/swsh/swsh12.5/GG32/high.png,0,Rare
swsh12.5-GG33,CRZ,SWSH,GG33,Poochyena,https://assets.tcgdex.net/en/swsh/swsh12.5/GG33/high.png,0,Rare
swsh12.5-GG34,CRZ,SWSH,GG34,Mareep,https://assets.tcgdex.net/en/swsh/swsh12.5/GG34/high.png,0,Rare
swsh12.5-GG35,CRZ,SWSH,GG35,Leafeon VSTAR,https://assets.tcgdex.net/en/swsh/swsh12.5/GG35/high.png,0,Ultra Rare
swsh12.5-GG36,CRZ,SWSH,GG36,Entei V,https://assets.tcgdex.net/en/swsh/swsh12.5/GG36/high.png,0,Ultra Rare
swsh12.5-GG37,CRZ,SWSH,GG37,Simisear VSTAR,https://assets.tcgdex.net/en/swsh/swsh12.5/GG37/high.png,0,Ultra Rare
swsh12.5-GG38,CRZ,SWSH,GG38,Suicune V,https://assets.tcgdex.net/en/swsh/swsh12.5/GG38/high.png,0,Ultra Rare
swsh12.5-GG39,CRZ,SWSH,GG39,Lumineon V,https://assets.tcgdex.net/en/swsh/swsh12.5/GG39/high.png,0,Ultra Rare
swsh12.5-GG40,CRZ,SWSH,GG40,Glaceon VSTAR,https://assets.tcgdex.net/en/swsh/swsh12.5/GG40/high.png,0,Ultra Rare
swsh12.5-GG41,CRZ,SWSH,GG41,Raikou V,https://assets.tcgdex.net/en/swsh/swsh12.5/GG41/high.png,0,Ultra Rare
swsh12.5-GG42,CRZ,SWSH,GG42,Zeraora VMAX,https://assets.tcgdex.net/en/swsh/swsh12.5/GG42/high.png,0,Ultra Rare
swsh12.5-GG43,CRZ,SWSH,GG43,Zeraora VSTAR,https://assets.tcgdex.net/en/swsh/swsh12.5/GG43/high.png,0,Ultra Rare
swsh12.5-GG44,CRZ,SWSH,GG44,Mewtwo VSTAR,https://assets.tcgdex.net/en/swsh/swsh12.5/GG44/high.png,0,Ultra Rare
swsh12.5-GG45,CRZ,SWSH,GG45,Deoxys VMAX,https://assets.tcgdex.net/en/swsh/swsh12.5/GG45/high.png,0,Ultra Rare
swsh12.5-GG46,CRZ,SWSH,GG46,Deoxys VSTAR,https://assets.tcgdex.net/en/swsh/swsh12.5/GG46/high.png,0,Ultra Rare
swsh12.5-GG47,CRZ,SWSH,GG47,Hatterene VMAX,https://assets.tcgdex.net/en/swsh/swsh12.5/GG47/high.png,0,Ultra Rare
swsh12.5-GG48,CRZ,SWSH,GG48,Zacian V,https://assets.tcgdex.net/en/swsh/swsh12.5/GG48/high.png,0,Ultra Rare
swsh12.5-GG49,CRZ,SWSH,GG49,Drapion V,https://assets.tcgdex.net/en/swsh/swsh12.5/GG49/high.png,0,Ultra Rare
swsh12.5-GG50,CRZ,SWSH,GG50,Darkrai VSTAR,https://assets.tcgdex.net/en/swsh/swsh12.5/GG50/high.png,0,Ultra Rare
swsh12.5-GG51,CRZ,SWSH,GG51,Hisuian Samurott V,https://assets.tcgdex.net/en/swsh/swsh12.5/GG51/high.png,0,Ultra Rare
swsh12.5-GG52,CRZ,SWSH,GG52,Hisuian Samurott VSTAR,https://assets.tcgdex.net/en/swsh/swsh12.5/GG52/high.png,0,Ultra Rare
swsh12.5-GG53,CRZ,SWSH,GG53,Hoopa V,https://assets.tcgdex.net/en/swsh/swsh12.5/GG53/high.png,0,Ultra Rare
swsh12.5-GG54,CRZ,SWSH,GG54,Zamazenta V,https://assets.tcgdex.net/en/swsh/swsh12.5/GG54/high.png,0,Ultra Rare
swsh12.5-GG55,CRZ,SWSH,GG55,Regigigas VSTAR,https://assets.tcgdex.net/en/swsh/swsh12.5/GG55/high.png,0,Ultra Rare
swsh12.5-GG56,CRZ,SWSH,GG56,Hisuian Zoroark VSTAR,https://assets.tcgdex.net/en/swsh/swsh12.5/GG56/high.png,0,Ultra Rare
swsh12.5-GG67,CRZ,SWSH,GG67,Origin Forme Palkia VSTAR,https://assets.tcgdex.net/en/swsh/swsh12.5/GG67/high.png,0,Secret Rare
swsh12.5-GG68,CRZ,SWSH,GG68,Origin Forme Dialga VSTAR,https://assets.tcgdex.net/en/swsh/swsh12.5/GG68/high.png,0,Secret Rare
swsh12.5-GG69,CRZ,SWSH,GG69,Giratina VSTAR,https://assets.tcgdex.net/en/swsh/swsh12.5/GG69/high.png,0,Secret Rare
swsh12.5-GG70,CRZ,SWSH,GG70,Arceus VSTAR,https://assets.tcgdex.net/en/swsh/swsh12.5/GG70/high.png,0,Secret Rare
swsh8-1,FST,SWSH,1,Caterpie,https://assets.tcgdex.net/en/swsh/swsh8/1/high.png,0,Common
swsh8-2,FST,SWSH,2,Metapod,https://assets.tcgdex.net/en/swsh/swsh8/2/high.png,0,Uncommon
swsh8-3,FST,SWSH,3,Butterfree,https://assets.tcgdex.net/en/swsh/swsh8/3/high.png,0,Holo Rare
swsh8-4,FST,SWSH,4,Shroomish,https://assets.tcgdex.net/en/swsh/swsh8/4/high.png,0,Common
swsh8-5,FST,SWSH,5,Breloom,https://assets.tcgdex.net/en/swsh/swsh8/5/high.png,0,Uncommon
swsh8-6,FST,SWSH,6,Breloom V,https://assets.tcgdex.net/en/swsh/swsh8/6/high.png,0,Holo Rare V
swsh8-7,FST,SWSH,7,Pansage,https://assets.tcgdex.net/en/swsh/swsh8/7/high.png,0,Common
swsh8-8,FST,SWSH,8,Simisage,https://assets.tcgdex.net/en/swsh/swsh8/8/high.png,0,Uncommon
swsh8-9,FST,SWSH,9,Sewaddle,https://assets.tcgdex.net/en/swsh/swsh8/9/high.png,0,Common
swsh8-10,FST,SWSH,10,Swadloon,https://assets.tcgdex.net/en/swsh/swsh8/10/high.png,0,Uncommon
swsh8-11,FST,SWSH,11,Leavanny,https://assets.tcgdex.net/en/swsh/swsh8/11/high.png,0,Rare
swsh8-12,FST,SWSH,12,Maractus,https://assets.tcgdex.net/en/swsh/swsh8/12/high.png,0,Rare
swsh8-13,FST,SWSH,13,Shelmet,https://assets.tcgdex.net/en/swsh/swsh8/13/high.png,0,Common
swsh8-14,FST,SWSH,14,Accelgor,https://assets.tcgdex.net/en/swsh/swsh8/14/high.png,0,Rare
swsh8-15,FST,SWSH,15,Virizion,https://assets.tcgdex.net/en/swsh/swsh8/15/high.png,0,Rare
swsh8-16,FST,SWSH,16,Phantump,https://assets.tcgdex.net/en/swsh/swsh8/16/high.png,0,Common
swsh8-17,FST,SWSH,17,Trevenant,https://assets.tcgdex.net/en/swsh/swsh8/17/high.png,0,Uncommon
swsh8-18,FST,SWSH,18,Grubbin,https://assets.tcgdex.net/en/swsh/swsh8/18/high.png,0,Common
swsh8-19,FST,SWSH,19,Dewpider,https://assets.tcgdex.net/en/swsh/swsh8/19/high.png,0,Common
swsh8-20,FST,SWSH,20,Araquanid,https://assets.tcgdex.net/en/swsh/swsh8/20/high.png,0,Rare
swsh8-21,FST,SWSH,21,Tsareena V,https://assets.tcgdex.net/en/swsh/swsh8/21/high.png,0,Holo Rare V
swsh8-22,FST,SWSH,22,Rillaboom V,https://assets.tcgdex.net/en/swsh/swsh8/22/high.png,0,Holo Rare V
swsh8-23,FST,SWSH,23,Rillaboom VMAX,https://assets.tcgdex.net/en/swsh/swsh8/23/high.png,0,Holo Rare VMAX
swsh8-24,FST,SWSH,24,Gossifleur,https://assets.tcgdex.net/en/swsh/swsh8/24/high.png,0,Common
swsh8-25,FST,SWSH,25,Eldegoss,https://assets.tcgdex.net/en/swsh/swsh8/25/high.png,0,Uncommon
swsh8-26,FST,SWSH,26,Appletun V,https://assets.tcgdex.net/en/swsh/swsh8/26/high.png,0,Holo Rare V
swsh8-27,FST,SWSH,27,Zarude,https://assets.tcgdex.net/en/swsh/swsh8/27/high.png,0,Uncommon
swsh8-28,FST,SWSH,28,Vulpix,https://assets.tcgdex.net/en/swsh/swsh8/28/high.png,0,Common
swsh8-29,FST,SWSH,29,Vulpix,https://assets.tcgdex.net/en/swsh/swsh8/29/high.png,0,Common
swsh8-30,FST,SWSH,30,Ninetales,https://assets.tcgdex.net/en/swsh/swsh8/30/high.png,0,Uncommon
swsh8-31,FST,SWSH,31,Ninetales,https://assets.tcgdex.net/en/swsh/swsh8/31/high.png,0,Uncommon
swsh8-32,FST,SWSH,32,Growlithe,https://assets.tcgdex.net/en/swsh/swsh8/32/high.png,0,Common
swsh8-33,FST,SWSH,33,Arcanine,https://assets.tcgdex.net/en/swsh/swsh8/33/high.png,0,Rare
swsh8-34,FST,SWSH,34,Slugma,https://assets.tcgdex.net/en/swsh/swsh8/34/high.png,0,Common
swsh8-35,FST,SWSH,35,Magcargo,https://assets.tcgdex.net/en/swsh/swsh8/35/high.png,0,Uncommon
swsh8-36,FST,SWSH,36,Victini,https://assets.tcgdex.net/en/swsh/swsh8/36/high.png,0,Uncommon
swsh8-37,FST,SWSH,37,Pansear,https://assets.tcgdex.net/en/swsh/swsh8/37/high.png,0,Common
swsh8-38,FST,SWSH,38,Simisear,https://assets.tcgdex.net/en/swsh/swsh8/38/high.png,0,Uncommon
swsh8-39,FST,SWSH,39,Chandelure V,https://assets.tcgdex.net/en/swsh/swsh8/39/high.png,0,Holo Rare V
swsh8-40,FST,SWSH,40,Chandelure VMAX,https://assets.tcgdex.net/en/swsh/swsh8/40/high.png,0,Holo Rare VMAX
swsh8-41,FST,SWSH,41,Heatmor,https://assets.tcgdex.net/en/swsh/swsh8/41/high.png,0,Uncommon
swsh8-42,FST,SWSH,42,Oricorio,https://assets.tcgdex.net/en/swsh/swsh8/42/high.png,0,Rare
swsh8-43,FST,SWSH,43,Cinderace V,https://assets.tcgdex.net/en/swsh/swsh8/43/high.png,0,Holo Rare V
swsh8-44,FST,SWSH,44,Cinderace V,https://assets.tcgdex.net/en/swsh/swsh8/44/high.png,0,Holo Rare V
swsh8-45,FST,SWSH,45,Cinderace VMAX,https://assets.tcgdex.net/en/swsh/swsh8/45/high.png,0,Holo Rare VMAX
swsh8-46,FST,SWSH,46,Sizzlipede,https://assets.tcgdex.net/en/swsh/swsh8/46/high.png,0,Common
swsh8-47,FST,SWSH,47,Sizzlipede,https://assets.tcgdex.net/en/swsh/swsh8/47/high.png,0,Common
swsh8-48,FST,SWSH,48,Centiskorch,https://assets.tcgdex.net/en/swsh/swsh8/48/high.png,0,Rare
swsh8-49,FST,SWSH,49,Centiskorch,https://assets.tcgdex.net/en/swsh/swsh8/49/high.png,0,Uncommon
swsh8-50,FST,SWSH,50,Shellder,https://assets.tcgdex.net/en/swsh/swsh8/50/high.png,0,Common
swsh8-51,FST,SWSH,51,Cloyster,https://assets.tcgdex.net/en/swsh/swsh8/51/high.png,0,Rare
swsh8-52,FST,SWSH,52,Staryu,https://assets.tcgdex.net/en/swsh/swsh8/52/high.png,0,Common
swsh8-53,FST,SWSH,53,Starmie,https://assets.tcgdex.net/en/swsh/swsh8/53/high.png,0,Holo Rare
swsh8-54,FST,SWSH,54,Lapras,https://assets.tcgdex.net/en/swsh/swsh8/54/high.png,0,Uncommon
swsh8-55,FST,SWSH,55,Totodile,https://assets.tcgdex.net/en/swsh/swsh8/55/high.png,0,Common
swsh8-56,FST,SWSH,56,Croconaw,https://assets.tcgdex.net/en/swsh/swsh8/56/high.png,0,Uncommon
swsh8-57,FST,SWSH,57,Feraligatr,https://assets.tcgdex.net/en/swsh/swsh8/57/high.png,0,Holo Rare
swsh8-58,FST,SWSH,58,Marill,https://assets.tcgdex.net/en/swsh/swsh8/58/high.png,0,Common
swsh8-59,FST,SWSH,59,Azumarill,https://assets.tcgdex.net/en/swsh/swsh8/59/high.png,0,Rare
swsh8-60,FST,SWSH,60,Qwilfish,https://assets.tcgdex.net/en/swsh/swsh8/60/high.png,0,Common
swsh8-61,FST,SWSH,61,Mantine,https://assets.tcgdex.net/en/swsh/swsh8/61/high.png,0,Common
swsh8-62,FST,SWSH,62,Mudkip,https://assets.tcgdex.net/en/swsh/swsh8/62/high.png,0,Common
swsh8-63,FST,SWSH,63,Marshtomp,https://assets.tcgdex.net/en/swsh/swsh8/63/high.png,0,Uncommon
swsh8-64,FST,SWSH,64,Swampert,https://assets.tcgdex.net/en/swsh/swsh8/64/high.png,0,Holo Rare
swsh8-65,FST,SWSH,65,Clamperl,https://assets.tcgdex.net/en/swsh/swsh8/65/high.png,0,Common
swsh8-66,FST,SWSH,66,Huntail,https://assets.tcgdex.net/en/swsh/swsh8/66/high.png,0,Rare
swsh8-67,FST,SWSH,67,Gorebyss,https://assets.tcgdex.net/en/swsh/swsh8/67/high.png,0,Rare
swsh8-68,FST,SWSH,68,Panpour,https://assets.tcgdex.net/en/swsh/swsh8/68/high.png,0,Common
swsh8-69,FST,SWSH,69,Simipour,https://assets.tcgdex.net/en/swsh/swsh8/69/high.png,0,Uncommon
swsh8-70,FST,SWSH,70,Basculin,https://assets.tcgdex.net/en/swsh/swsh8/70/high.png,0,Common
swsh8-71,FST,SWSH,71,Galarian Darumaka,https://assets.tcgdex.net/en/swsh/swsh8/71/high.png,0,Common
swsh8-72,FST,SWSH,72,Galarian Darmanitan,https://assets.tcgdex.net/en/swsh/swsh8/72/high.png,0,Uncommon
swsh8-73,FST,SWSH,73,Greninja V,https://assets.tcgdex.net/en/swsh/swsh8/73/high.png,0,Holo Rare V
swsh8-74,FST,SWSH,74,Clauncher,https://assets.tcgdex.net/en/swsh/swsh8/74/high.png,0,Common
swsh8-75,FST,SWSH,75,Clawitzer,https://assets.tcgdex.net/en/swsh/swsh8/75/high.png,0,Uncommon
swsh8-76,FST,SWSH,76,Crabominable V,https://assets.tcgdex.net/en/swsh/swsh8/76/high.png,0,Holo Rare V
swsh8-77,FST,SWSH,77,Pyukumuku,https://assets.tcgdex.net/en/swsh/swsh8/77/high.png,0,Uncommon
swsh8-78,FST,SWSH,78,Inteleon V,https://assets.tcgdex.net/en/swsh/swsh8/78/high.png,0,Holo Rare V
swsh8-79,FST,SWSH,79,Inteleon VMAX,https://assets.tcgdex.net/en/swsh/swsh8/79/high.png,0,Holo Rare VMAX
swsh8-80,FST,SWSH,80,Chewtle,https://assets.tcgdex.net/en/swsh/swsh8/80/high.png,0,Common
swsh8-81,FST,SWSH,81,Drednaw,https://assets.tcgdex.net/en/swsh/swsh8/81/high.png,0,Uncommon
swsh8-82,FST,SWSH,82,Arrokuda,https://assets.tcgdex.net/en/swsh/swsh8/82/high.png,0,Common
swsh8-83,FST,SWSH,83,Barraskewda,https://assets.tcgdex.net/en/swsh/swsh8/83/high.png,0,Uncommon
swsh8-84,FST,SWSH,84,Snom,https://assets.tcgdex.net/en/swsh/swsh8/84/high.png,0,Common
swsh8-85,FST,SWSH,85,Frosmoth,https://assets.tcgdex.net/en/swsh/swsh8/85/high.png,0,Uncommon
swsh8-86,FST,SWSH,86,Pikachu V,https://assets.tcgdex.net/en/swsh/swsh8/86/high.png,0,Holo Rare V
swsh8-87,FST,SWSH,87,Voltorb,https://assets.tcgdex.net/en/swsh/swsh8/87/high.png,0,Common
swsh8-88,FST,SWSH,88,Electrode,https://assets.tcgdex.net/en/swsh/swsh8/88/high.png,0,Rare
swsh8-89,FST,SWSH,89,Plusle,https://assets.tcgdex.net/en/swsh/swsh8/89/high.png,0,Common
swsh8-90,FST,SWSH,90,Minun,https://assets.tcgdex.net/en/swsh/swsh8/90/high.png,0,Common
swsh8-91,FST,SWSH,91,Shinx,https://assets.tcgdex.net/en/swsh/swsh8/91/high.png,0,Common
swsh8-92,FST,SWSH,92,Luxio,https://assets.tcgdex.net/en/swsh/swsh8/92/high.png,0,Uncommon
swsh8-93,FST,SWSH,93,Luxray,https://assets.tcgdex.net/en/swsh/swsh8/93/high.png,0,Rare
swsh8-94,FST,SWSH,94,Rotom,https://assets.tcgdex.net/en/swsh/swsh8/94/high.png,0,Common
swsh8-95,FST,SWSH,95,Tynamo,https://assets.tcgdex.net/en/swsh/swsh8/95/high.png,0,Common
swsh8-96,FST,SWSH,96,Eelektrik,https://assets.tcgdex.net/en/swsh/swsh8/96/high.png,0,Uncommon
swsh8-97,FST,SWSH,97,Eelektross,https://assets.tcgdex.net/en/swsh/swsh8/97/high.png,0,Rare
swsh8-98,FST,SWSH,98,Helioptile,https://assets.tcgdex.net/en/swsh/swsh8/98/high.png,0,Common
swsh8-99,FST,SWSH,99,Heliolisk,https://assets.tcgdex.net/en/swsh/swsh8/99/high.png,0,Uncommon
swsh8-100,FST,SWSH,100,Charjabug,https://assets.tcgdex.net/en/swsh/swsh8/100/high.png,0,Uncommon
swsh8-101,FST,SWSH,101,Vikavolt,https://assets.tcgdex.net/en/swsh/swsh8/101/high.png,0,Rare
swsh8-102,FST,SWSH,102,Zeraora,https://assets.tcgdex.net/en/swsh/swsh8/102/high.png,0,Rare
swsh8-103,FST,SWSH,103,Boltund V,https://assets.tcgdex.net/en/swsh/swsh8/103/high.png,0,Holo Rare V
swsh8-104,FST,SWSH,104,Boltund VMAX,https://assets.tcgdex.net/en/swsh/swsh8/104/high.png,0,Holo Rare VMAX
swsh8-105,FST,SWSH,105,Toxel,https://assets.tcgdex.net/en/swsh/swsh8/105/high.png,0,Common
swsh8-106,FST,SWSH,106,Toxel,https://assets.tcgdex.net/en/swsh/swsh8/106/high.png,0,Common
swsh8-107,FST,SWSH,107,Toxtricity,https://assets.tcgdex.net/en/swsh/swsh8/107/high.png,0,Holo Rare
swsh8-108,FST,SWSH,108,Toxtricity,https://assets.tcgdex.net/en/swsh/swsh8/108/high.png,0,Holo Rare
swsh8-109,FST,SWSH,109,Morpeko,https://assets.tcgdex.net/en/swsh/swsh8/109/high.png,0,Common
swsh8-110,FST,SWSH,110,Jigglypuff,https://assets.tcgdex.net/en/swsh/swsh8/110/high.png,0,Common
swsh8-111,FST,SWSH,111,Wigglytuff,https://assets.tcgdex.net/en/swsh/swsh8/111/high.png,0,Uncommon
swsh8-112,FST,SWSH,112,Jynx,https://assets.tcgdex.net/en/swsh/swsh8/112/high.png,0,Common
swsh8-113,FST,SWSH,113,Mew V,https://assets.tcgdex.net/en/swsh/swsh8/113/high.png,0,Holo Rare V
swsh8-114,FST,SWSH,114,Mew VMAX,https://assets.tcgdex.net/en/swsh/swsh8/114/high.png,0,Holo Rare VMAX
swsh8-115,FST,SWSH,115,Snubbull,https://assets.tcgdex.net/en/swsh/swsh8/115/high.png,0,Common
swsh8-116,FST,SWSH,116,Granbull,https://assets.tcgdex.net/en/swsh/swsh8/116/high.png,0,Rare
swsh8-117,FST,SWSH,117,Galarian Corsola,https://assets.tcgdex.net/en/swsh/swsh8/117/high.png,0,Common
swsh8-118,FST,SWSH,118,Galarian Cursola,https://assets.tcgdex.net/en/swsh/swsh8/118/high.png,0,Rare
swsh8-119,FST,SWSH,119,Mawile,https://assets.tcgdex.net/en/swsh/swsh8/119/high.png,0,Common
swsh8-120,FST,SWSH,120,Deoxys,https://assets.tcgdex.net/en/swsh/swsh8/120/high.png,0,Holo Rare
swsh8-121,FST,SWSH,121,Munna,https://assets.tcgdex.net/en/swsh/swsh8/121/high.png,0,Common
swsh8-122,FST,SWSH,122,Musharna,https://assets.tcgdex.net/en/swsh/swsh8/122/high.png,0,Uncommon
swsh8-123,FST,SWSH,123,Sigilyph,https://assets.tcgdex.net/en/swsh/swsh8/123/high.png,0,Common
swsh8-124,FST,SWSH,124,Meloetta,https://assets.tcgdex.net/en/swsh/swsh8/124/high.png,0,Rare
swsh8-125,FST,SWSH,125,Sandygast,https://assets.tcgdex.net/en/swsh/swsh8/125/high.png,0,Common
swsh8-126,FST,SWSH,126,Palossand,https://assets.tcgdex.net/en/swsh/swsh8/126/high.png,0,Rare
swsh8-127,FST,SWSH,127,Indeedee,https://assets.tcgdex.net/en/swsh/swsh8/127/high.png,0,Common
swsh8-128,FST,SWSH,128,Dreepy,https://assets.tcgdex.net/en/swsh/swsh8/128/high.png,0,Common
swsh8-129,FST,SWSH,129,Drakloak,https://assets.tcgdex.net/en/swsh/swsh8/129/high.png,0,Uncommon
swsh8-130,FST,SWSH,130,Dragapult,https://assets.tcgdex.net/en/swsh/swsh8/130/high.png,0,Holo Rare
swsh8-131,FST,SWSH,131,Sandshrew,https://assets.tcgdex.net/en/swsh/swsh8/131/high.png,0,Common
swsh8-132,FST,SWSH,132,Sandslash,https://assets.tcgdex.net/en/swsh/swsh8/132/high.png,0,Uncommon
swsh8-133,FST,SWSH,133,Mankey,https://assets.tcgdex.net/en/swsh/swsh8/133/high.png,0,Common
swsh8-134,FST,SWSH,134,Primeape,https://assets.tcgdex.net/en/swsh/swsh8/134/high.png,0,Uncommon
swsh8-135,FST,SWSH,135,Geodude,https://assets.tcgdex.net/en/swsh/swsh8/135/high.png,0,Common
swsh8-136,FST,SWSH,136,Graveler,https://assets.tcgdex.net/en/swsh/swsh8/136/high.png,0,Uncommon
swsh8-137,FST,SWSH,137,Golem,https://assets.tcgdex.net/en/swsh/swsh8/137/high.png,0,Rare
swsh8-138,FST,SWSH,138,Onix,https://assets.tcgdex.net/en/swsh/swsh8/138/high.png,0,Common
swsh8-139,FST,SWSH,139,Steelix,https://assets.tcgdex.net/en/swsh/swsh8/139/high.png,0,Holo Rare
swsh8-140,FST,SWSH,140,Gligar,https://assets.tcgdex.net/en/swsh/swsh8/140/high.png,0,Common
swsh8-141,FST,SWSH,141,Gliscor,https://assets.tcgdex.net/en/swsh/swsh8/141/high.png,0,Uncommon
swsh8-142,FST,SWSH,142,Makuhita,https://assets.tcgdex.net/en/swsh/swsh8/142/high.png,0,Common
swsh8-143,FST,SWSH,143,Hariyama,https://assets.tcgdex.net/en/swsh/swsh8/143/high.png,0,Uncommon
swsh8-144,FST,SWSH,144,Baltoy,https://assets.tcgdex.net/en/swsh/swsh8/144/high.png,0,Common
swsh8-145,FST,SWSH,145,Claydol,https://assets.tcgdex.net/en/swsh/swsh8/145/high.png,0,Rare
swsh8-146,FST,SWSH,146,Lucario V,https://assets.tcgdex.net/en/swsh/swsh8/146/high.png,0,Holo Rare V
swsh8-147,FST,SWSH,147,Drilbur,https://assets.tcgdex.net/en/swsh/swsh8/147/high.png,0,Common
swsh8-148,FST,SWSH,148,Landorus,https://assets.tcgdex.net/en/swsh/swsh8/148/high.png,0,Holo Rare
swsh8-149,FST,SWSH,149,Pancham,https://assets.tcgdex.net/en/swsh/swsh8/149/high.png,0,Common
swsh8-150,FST,SWSH,150,Stufful,https://assets.tcgdex.net/en/swsh/swsh8/150/high.png,0,Common
swsh8-151,FST,SWSH,151,Bewear,https://assets.tcgdex.net/en/swsh/swsh8/151/high.png,0,Uncommon
swsh8-152,FST,SWSH,152,Clobbopus,https://assets.tcgdex.net/en/swsh/swsh8/152/high.png,0,Common
swsh8-153,FST,SWSH,153,Grapploct,https://assets.tcgdex.net/en/swsh/swsh8/153/high.png,0,Uncommon
swsh8-154,FST,SWSH,154,Falinks,https://assets.tcgdex.net/en/swsh/swsh8/154/high.png,0,Uncommon
swsh8-155,FST,SWSH,155,Falinks,https://assets.tcgdex.net/en/swsh/swsh8/155/high.png,0,Common
swsh8-156,FST,SWSH,156,Gengar V,https://assets.tcgdex.net/en/swsh/swsh8/156/high.png,0,Holo Rare V
swsh8-157,FST,SWSH,157,Gengar VMAX,https://assets.tcgdex.net/en/swsh/swsh8/157/high.png,0,Holo Rare VMAX
swsh8-158,FST,SWSH,158,Tyranitar V,https://assets.tcgdex.net/en/swsh/swsh8/158/high.png,0,Holo Rare V
swsh8-159,FST,SWSH,159,Galarian Zigzagoon,https://assets.tcgdex.net/en/swsh/swsh8/159/high.png,0,Common
swsh8-160,FST,SWSH,160,Galarian Linoone,https://assets.tcgdex.net/en/swsh/swsh8/160/high.png,0,Uncommon
swsh8-161,FST,SWSH,161,Galarian Obstagoon,https://assets.tcgdex.net/en/swsh/swsh8/161/high.png,0,Holo Rare
swsh8-162,FST,SWSH,162,Carvanha,https://assets.tcgdex.net/en/swsh/swsh8/162/high.png,0,Common
swsh8-163,FST,SWSH,163,Sharpedo,https://assets.tcgdex.net/en/swsh/swsh8/163/high.png,0,Uncommon
swsh8-164,FST,SWSH,164,Absol,https://assets.tcgdex.net/en/swsh/swsh8/164/high.png,0,Rare
swsh8-165,FST,SWSH,165,Croagunk,https://assets.tcgdex.net/en/swsh/swsh8/165/high.png,0,Common
swsh8-166,FST,SWSH,166,Toxicroak,https://assets.tcgdex.net/en/swsh/swsh8/166/high.png,0,Rare
swsh8-167,FST,SWSH,167,Darkrai,https://assets.tcgdex.net/en/swsh/swsh8/167/high.png,0,Uncommon
swsh8-168,FST,SWSH,168,Trubbish,https://assets.tcgdex.net/en/swsh/swsh8/168/high.png,0,Common
swsh8-169,FST,SWSH,169,Garbodor,https://assets.tcgdex.net/en/swsh/swsh8/169/high.png,0,Uncommon
swsh8-170,FST,SWSH,170,Zorua,https://assets.tcgdex.net/en/swsh/swsh8/170/high.png,0,Common
swsh8-171,FST,SWSH,171,Zoroark,https://assets.tcgdex.net/en/swsh/swsh8/171/high.png,0,Uncommon
swsh8-172,FST,SWSH,172,Vullaby,https://assets.tcgdex.net/en/swsh/swsh8/172/high.png,0,Common
swsh8-173,FST,SWSH,173,Mandibuzz,https://assets.tcgdex.net/en/swsh/swsh8/173/high.png,0,Uncommon
swsh8-174,FST,SWSH,174,Pangoro,https://assets.tcgdex.net/en/swsh/swsh8/174/high.png,0,Uncommon
swsh8-175,FST,SWSH,175,Yveltal,https://assets.tcgdex.net/en/swsh/swsh8/175/high.png,0,Rare
swsh8-176,FST,SWSH,176,Impidimp,https://assets.tcgdex.net/en/swsh/swsh8/176/high.png,0,Common
swsh8-177,FST,SWSH,177,Morgrem,https://assets.tcgdex.net/en/swsh/swsh8/177/high.png,0,Uncommon
swsh8-178,FST,SWSH,178,Grimmsnarl,https://assets.tcgdex.net/en/swsh/swsh8/178/high.png,0,Holo Rare
swsh8-179,FST,SWSH,179,Morpeko,https://assets.tcgdex.net/en/swsh/swsh8/179/high.png,0,Common
swsh8-180,FST,SWSH,180,Galarian Meowth,https://assets.tcgdex.net/en/swsh/swsh8/180/high.png,0,Common
swsh8-181,FST,SWSH,181,Galarian Perrserker,https://assets.tcgdex.net/en/swsh/swsh8/181/high.png,0,Uncommon
swsh8-182,FST,SWSH,182,Skarmory,https://assets.tcgdex.net/en/swsh/swsh8/182/high.png,0,Common
swsh8-183,FST,SWSH,183,Excadrill,https://assets.tcgdex.net/en/swsh/swsh8/183/high.png,0,Uncommon
swsh8-184,FST,SWSH,184,Durant,https://assets.tcgdex.net/en/swsh/swsh8/184/high.png,0,Common
swsh8-185,FST,SWSH,185,Genesect V,https://assets.tcgdex.net/en/swsh/swsh8/185/high.png,0,Holo Rare V
swsh8-186,FST,SWSH,186,Klefki,https://assets.tcgdex.net/en/swsh/swsh8/186/high.png,0,Common
swsh8-187,FST,SWSH,187,Togedemaru,https://assets.tcgdex.net/en/swsh/swsh8/187/high.png,0,Uncommon
swsh8-188,FST,SWSH,188,Meltan,https://assets.tcgdex.net/en/swsh/swsh8/188/high.png,0,Common
swsh8-189,FST,SWSH,189,Melmetal,https://assets.tcgdex.net/en/swsh/swsh8/189/high.png,0,Holo Rare
swsh8-190,FST,SWSH,190,Corviknight,https://assets.tcgdex.net/en/swsh/swsh8/190/high.png,0,Rare
swsh8-191,FST,SWSH,191,Cufant,https://assets.tcgdex.net/en/swsh/swsh8/191/high.png,0,Common
swsh8-192,FST,SWSH,192,Copperajah,https://assets.tcgdex.net/en/swsh/swsh8/192/high.png,0,Uncommon
swsh8-193,FST,SWSH,193,Latias,https://assets.tcgdex.net/en/swsh/swsh8/193/high.png,0,Rare
swsh8-194,FST,SWSH,194,Latios,https://assets.tcgdex.net/en/swsh/swsh8/194/high.png,0,Rare
swsh8-195,FST,SWSH,195,Goomy,https://assets.tcgdex.net/en/swsh/swsh8/195/high.png,0,Common
swsh8-196,FST,SWSH,196,Sliggoo,https://assets.tcgdex.net/en/swsh/swsh8/196/high.png,0,Uncommon
swsh8-197,FST,SWSH,197,Goodra,https://assets.tcgdex.net/en/swsh/swsh8/197/high.png,0,Rare
swsh8-198,FST,SWSH,198,Turtonator,https://assets.tcgdex.net/en/swsh/swsh8/198/high.png,0,Uncommon
swsh8-199,FST,SWSH,199,Meowth,https://assets.tcgdex.net/en/swsh/swsh8/199/high.png,0,Common
swsh8-200,FST,SWSH,200,Persian,https://assets.tcgdex.net/en/swsh/swsh8/200/high.png,0,Uncommon
swsh8-201,FST,SWSH,201,Dodrio V,https://assets.tcgdex.net/en/swsh/swsh8/201/high.png,0,Holo Rare V
swsh8-202,FST,SWSH,202,Chansey,https://assets.tcgdex.net/en/swsh/swsh8/202/high.png,0,Common
swsh8-203,FST,SWSH,203,Blissey,https://assets.tcgdex.net/en/swsh/swsh8/203/high.png,0,Rare
swsh8-204,FST,SWSH,204,Kangaskhan,https://assets.tcgdex.net/en/swsh/swsh8/204/high.png,0,Rare
swsh8-205,FST,SWSH,205,Eevee,https://assets.tcgdex.net/en/swsh/swsh8/205/high.png,0,Common
swsh8-206,FST,SWSH,206,Snorlax,https://assets.tcgdex.net/en/swsh/swsh8/206/high.png,0,Common
swsh8-207,FST,SWSH,207,Dunsparce,https://assets.tcgdex.net/en/swsh/swsh8/207/high.png,0,Uncommon
swsh8-208,FST,SWSH,208,Stantler,https://assets.tcgdex.net/en/swsh/swsh8/208/high.png,0,Uncommon
swsh8-209,FST,SWSH,209,Smeargle,https://assets.tcgdex.net/en/swsh/swsh8/209/high.png,0,Common
swsh8-210,FST,SWSH,210,Skitty,https://assets.tcgdex.net/en/swsh/swsh8/210/high.png,0,Common
swsh8-211,FST,SWSH,211,Delcatty,https://assets.tcgdex.net/en/swsh/swsh8/211/high.png,0,Uncommon
swsh8-212,FST,SWSH,212,Buneary,https://assets.tcgdex.net/en/swsh/swsh8/212/high.png,0,Common
swsh8-213,FST,SWSH,213,Lopunny,https://assets.tcgdex.net/en/swsh/swsh8/213/high.png,0,Uncommon
swsh8-214,FST,SWSH,214,Bunnelby,https://assets.tcgdex.net/en/swsh/swsh8/214/high.png,0,Common
swsh8-215,FST,SWSH,215,Diggersby,https://assets.tcgdex.net/en/swsh/swsh8/215/high.png,0,Uncommon
swsh8-216,FST,SWSH,216,Hawlucha,https://assets.tcgdex.net/en/swsh/swsh8/216/high.png,0,Uncommon
swsh8-217,FST,SWSH,217,Greedent V,https://assets.tcgdex.net/en/swsh/swsh8/217/high.png,0,Holo Rare V
swsh8-218,FST,SWSH,218,Greedent VMAX,https://assets.tcgdex.net/en/swsh/swsh8/218/high.png,0,Holo Rare VMAX
swsh8-219,FST,SWSH,219,Rookidee,https://assets.tcgdex.net/en/swsh/swsh8/219/high.png,0,Common
swsh8-220,FST,SWSH,220,Corvisquire,https://assets.tcgdex.net/en/swsh/swsh8/220/high.png,0,Uncommon
swsh8-221,FST,SWSH,221,Wooloo,https://assets.tcgdex.net/en/swsh/swsh8/221/high.png,0,Common
swsh8-222,FST,SWSH,222,Wooloo,https://assets.tcgdex.net/en/swsh/swsh8/222/high.png,0,Common
swsh8-223,FST,SWSH,223,Dubwool,https://assets.tcgdex.net/en/swsh/swsh8/223/high.png,0,Uncommon
swsh8-245,FST,SWSH,245,Celebi V,https://assets.tcgdex.net/en/swsh/swsh8/245/high.png,0,Ultra Rare
swsh8-246,FST,SWSH,246,Tsareena V,https://assets.tcgdex.net/en/swsh/swsh8/246/high.png,0,Ultra Rare
swsh8-247,FST,SWSH,247,Chandelure V,https://assets.tcgdex.net/en/swsh/swsh8/247/high.png,0,Ultra Rare
swsh8-248,FST,SWSH,248,Crabominable V,https://assets.tcgdex.net/en/swsh/swsh8/248/high.png,0,Ultra Rare
swsh8-249,FST,SWSH,249,Boltund V,https://assets.tcgdex.net/en/swsh/swsh8/249/high.png,0,Ultra Rare
swsh8-250,FST,SWSH,250,Mew V,https://assets.tcgdex.net/en/swsh/swsh8/250/high.png,0,Ultra Rare
swsh8-251,FST,SWSH,251,Mew V,https://assets.tcgdex.net/en/swsh/swsh8/251/high.png,0,Ultra Rare
swsh8-252,FST,SWSH,252,Sandaconda V,https://assets.tcgdex.net/en/swsh/swsh8/252/high.png,0,Ultra Rare
swsh8-253,FST,SWSH,253,Hoopa V,https://assets.tcgdex.net/en/swsh/swsh8/253/high.png,0,Ultra Rare
swsh8-254,FST,SWSH,254,Genesect V,https://assets.tcgdex.net/en/swsh/swsh8/254/high.png,0,Ultra Rare
swsh8-255,FST,SWSH,255,Genesect V,https://assets.tcgdex.net/en/swsh/swsh8/255/high.png,0,Ultra Rare
swsh8-256,FST,SWSH,256,Greedent V,https://assets.tcgdex.net/en/swsh/swsh8/256/high.png,0,Ultra Rare
swsh8-257,FST,SWSH,257,Greedent V,https://assets.tcgdex.net/en/swsh/swsh8/257/high.png,0,Ultra Rare
swsh8-265,FST,SWSH,265,Chandelure VMAX,https://assets.tcgdex.net/en/swsh/swsh8/265/high.png,0,Secret Rare
swsh8-266,FST,SWSH,266,Inteleon VMAX,https://assets.tcgdex.net/en/swsh/swsh8/266/high.png,0,Secret Rare
swsh8-267,FST,SWSH,267,Boltund VMAX,https://assets.tcgdex.net/en/swsh/swsh8/267/high.png,0,Secret Rare
swsh8-268,FST,SWSH,268,Mew VMAX,https://assets.tcgdex.net/en/swsh/swsh8/268/high.png,0,Secret Rare
swsh8-269,FST,SWSH,269,Mew VMAX,https://assets.tcgdex.net/en/swsh/swsh8/269/high.png,0,Secret Rare
swsh8-270,FST,SWSH,270,Espeon VMAX,https://assets.tcgdex.net/en/swsh/swsh8/270/high.png,0,Secret Rare
swsh8-271,FST,SWSH,271,Gengar VMAX,https://assets.tcgdex.net/en/swsh/swsh8/271/high.png,0,Secret Rare
swsh8-272,FST,SWSH,272,Greedent VMAX,https://assets.tcgdex.net/en/swsh/swsh8/272/high.png,0,Secret Rare
swsh8-280,FST,SWSH,280,Flaaffy,https://assets.tcgdex.net/en/swsh/swsh8/280/high.png,0,Secret Rare
swsh10-001,ASR,SWSH,001,Beedrill V,https://assets.tcgdex.net/en/swsh/swsh10/001/high.png,0,Holo Rare V
swsh10-002,ASR,SWSH,002,Hisuian Voltorb,https://assets.tcgdex.net/en/swsh/swsh10/002/high.png,0,Common
swsh10-003,ASR,SWSH,003,Hisuian Electrode,https://assets.tcgdex.net/en/swsh/swsh10/003/high.png,0,Uncommon
swsh10-004,ASR,SWSH,004,Scyther,https://assets.tcgdex.net/en/swsh/swsh10/004/high.png,0,Common
swsh10-005,ASR,SWSH,005,Scyther,https://assets.tcgdex.net/en/swsh/swsh10/005/high.png,0,Common
swsh10-006,ASR,SWSH,006,Yanma,https://assets.tcgdex.net/en/swsh/swsh10/006/high.png,0,Common
swsh10-007,ASR,SWSH,007,Yanmega,https://assets.tcgdex.net/en/swsh/swsh10/007/high.png,0,Uncommon
swsh10-008,ASR,SWSH,008,Heracross,https://assets.tcgdex.net/en/swsh/swsh10/008/high.png,0,Common
swsh10-009,ASR,SWSH,009,Kricketot,https://assets.tcgdex.net/en/swsh/swsh10/009/high.png,0,Common
swsh10-010,ASR,SWSH,010,Kricketune,https://assets.tcgdex.net/en/swsh/swsh10/010/high.png,0,Uncommon
swsh10-011,ASR,SWSH,011,Combee,https://assets.tcgdex.net/en/swsh/swsh10/011/high.png,0,Common
swsh10-012,ASR,SWSH,012,Vespiquen,https://assets.tcgdex.net/en/swsh/swsh10/012/high.png,0,Rare
swsh10-013,ASR,SWSH,013,Leafeon,https://assets.tcgdex.net/en/swsh/swsh10/013/high.png,0,Rare
swsh10-014,ASR,SWSH,014,Shaymin,https://assets.tcgdex.net/en/swsh/swsh10/014/high.png,0,Rare
swsh10-015,ASR,SWSH,015,Petilil,https://assets.tcgdex.net/en/swsh/swsh10/015/high.png,0,Common
swsh10-016,ASR,SWSH,016,Hisuian Lilligant,https://assets.tcgdex.net/en/swsh/swsh10/016/high.png,0,Holo Rare
swsh10-017,ASR,SWSH,017,Hisuian Lilligant V,https://assets.tcgdex.net/en/swsh/swsh10/017/high.png,0,Holo Rare V
swsh10-018,ASR,SWSH,018,Hisuian Lilligant VSTAR,https://assets.tcgdex.net/en/swsh/swsh10/018/high.png,0,Holo Rare VSTAR
swsh10-019,ASR,SWSH,019,Rowlet,https://assets.tcgdex.net/en/swsh/swsh10/019/high.png,0,Common
swsh10-020,ASR,SWSH,020,Dartrix,https://assets.tcgdex.net/en/swsh/swsh10/020/high.png,0,Uncommon
swsh10-021,ASR,SWSH,021,Ponyta,https://assets.tcgdex.net/en/swsh/swsh10/021/high.png,0,Common
swsh10-022,ASR,SWSH,022,Rapidash,https://assets.tcgdex.net/en/swsh/swsh10/022/high.png,0,Rare
swsh10-023,ASR,SWSH,023,Cyndaquil,https://assets.tcgdex.net/en/swsh/swsh10/023/high.png,0,Common
swsh10-024,ASR,SWSH,024,Quilava,https://assets.tcgdex.net/en/swsh/swsh10/024/high.png,0,Uncommon
swsh10-025,ASR,SWSH,025,Heatran V,https://assets.tcgdex.net/en/swsh/swsh10/025/high.png,0,Holo Rare V
swsh10-026,ASR,SWSH,026,Heatran VMAX,https://assets.tcgdex.net/en/swsh/swsh10/026/high.png,0,Holo Rare VMAX
swsh10-027,ASR,SWSH,027,Radiant Heatran,https://assets.tcgdex.net/en/swsh/swsh10/027/high.png,0,Radiant Rare
swsh10-028,ASR,SWSH,028,Psyduck,https://assets.tcgdex.net/en/swsh/swsh10/028/high.png,0,Common
swsh10-029,ASR,SWSH,029,Golduck,https://assets.tcgdex.net/en/swsh/swsh10/029/high.png,0,Uncommon
swsh10-030,ASR,SWSH,030,Starmie V,https://assets.tcgdex.net/en/swsh/swsh10/030/high.png,0,Ultra Rare
swsh10-031,ASR,SWSH,031,Swinub,https://assets.tcgdex.net/en/swsh/swsh10/031/high.png,0,Common
swsh10-032,ASR,SWSH,032,Piloswine,https://assets.tcgdex.net/en/swsh/swsh10/032/high.png,0,Uncommon
swsh10-033,ASR,SWSH,033,Mamoswine,https://assets.tcgdex.net/en/swsh/swsh10/033/high.png,0,Rare
swsh10-034,ASR,SWSH,034,Mantine,https://assets.tcgdex.net/en/swsh/swsh10/034/high.png,0,Common
swsh10-035,ASR,SWSH,035,Barboach,https://assets.tcgdex.net/en/swsh/swsh10/035/high.png,0,Common
swsh10-036,ASR,SWSH,036,Whiscash,https://assets.tcgdex.net/en/swsh/swsh10/036/high.png,0,Uncommon
swsh10-037,ASR,SWSH,037,Regice,https://assets.tcgdex.net/en/swsh/swsh10/037/high.png,0,Rare
swsh10-038,ASR,SWSH,038,Glaceon,https://assets.tcgdex.net/en/swsh/swsh10/038/high.png,0,Rare
swsh10-039,ASR,SWSH,039,Origin Forme Palkia V,https://assets.tcgdex.net/en/swsh/swsh10/039/high.png,0,Holo Rare V
swsh10-040,ASR,SWSH,040,Origin Forme Palkia VSTAR,https://assets.tcgdex.net/en/swsh/swsh10/040/high.png,0,Holo Rare VSTAR
swsh10-041,ASR,SWSH,041,Oshawott,https://assets.tcgdex.net/en/swsh/swsh10/041/high.png,0,Common
swsh10-042,ASR,SWSH,042,Dewott,https://assets.tcgdex.net/en/swsh/swsh10/042/high.png,0,Uncommon
swsh10-043,ASR,SWSH,043,Hisuian Basculin,https://assets.tcgdex.net/en/swsh/swsh10/043/high.png,0,Common
swsh10-044,ASR,SWSH,044,Hisuian Basculegion,https://assets.tcgdex.net/en/swsh/swsh10/044/high.png,0,Rare
swsh10-045,ASR,SWSH,045,Keldeo,https://assets.tcgdex.net/en/swsh/swsh10/045/high.png,0,Holo Rare
swsh10-046,ASR,SWSH,046,Radiant Greninja,https://assets.tcgdex.net/en/swsh/swsh10/046/high.png,0,Radiant Rare
swsh10-047,ASR,SWSH,047,Bergmite,https://assets.tcgdex.net/en/swsh/swsh10/047/high.png,0,Common
swsh10-048,ASR,SWSH,048,Hisuian Avalugg,https://assets.tcgdex.net/en/swsh/swsh10/048/high.png,0,Rare
swsh10-049,ASR,SWSH,049,Galarian Mr. Rime V,https://assets.tcgdex.net/en/swsh/swsh10/049/high.png,0,Holo Rare V
swsh10-050,ASR,SWSH,050,Luxray V,https://assets.tcgdex.net/en/swsh/swsh10/050/high.png,0,Holo Rare V
swsh10-051,ASR,SWSH,051,Regieleki,https://assets.tcgdex.net/en/swsh/swsh10/051/high.png,0,Rare
swsh10-052,ASR,SWSH,052,Hisuian Typhlosion,https://assets.tcgdex.net/en/swsh/swsh10/052/high.png,0,Holo Rare
swsh10-053,ASR,SWSH,053,Hisuian Typhlosion V,https://assets.tcgdex.net/en/swsh/swsh10/053/high.png,0,Holo Rare V
swsh10-054,ASR,SWSH,054,Hisuian Typhlosion VSTAR,https://assets.tcgdex.net/en/swsh/swsh10/054/high.png,0,Holo Rare VSTAR
swsh10-055,ASR,SWSH,055,Togepi,https://assets.tcgdex.net/en/swsh/swsh10/055/high.png,0,Common
swsh10-056,ASR,SWSH,056,Togetic,https://assets.tcgdex.net/en/swsh/swsh10/056/high.png,0,Uncommon
swsh10-057,ASR,SWSH,057,Togekiss,https://assets.tcgdex.net/en/swsh/swsh10/057/high.png,0,Holo Rare
swsh10-058,ASR,SWSH,058,Misdreavus,https://assets.tcgdex.net/en/swsh/swsh10/058/high.png,0,Common
swsh10-059,ASR,SWSH,059,Mismagius,https://assets.tcgdex.net/en/swsh/swsh10/059/high.png,0,Rare
swsh10-060,ASR,SWSH,060,Ralts,https://assets.tcgdex.net/en/swsh/swsh10/060/high.png,0,Common
swsh10-061,ASR,SWSH,061,Kirlia,https://assets.tcgdex.net/en/swsh/swsh10/061/high.png,0,Uncommon
swsh10-062,ASR,SWSH,062,Gallade,https://assets.tcgdex.net/en/swsh/swsh10/062/high.png,0,Holo Rare
swsh10-063,ASR,SWSH,063,Drifloon,https://assets.tcgdex.net/en/swsh/swsh10/063/high.png,0,Common
swsh10-064,ASR,SWSH,064,Drifblim,https://assets.tcgdex.net/en/swsh/swsh10/064/high.png,0,Uncommon
swsh10-065,ASR,SWSH,065,Uxie,https://assets.tcgdex.net/en/swsh/swsh10/065/high.png,0,Uncommon
swsh10-066,ASR,SWSH,066,Mesprit,https://assets.tcgdex.net/en/swsh/swsh10/066/high.png,0,Holo Rare
swsh10-067,ASR,SWSH,067,Azelf,https://assets.tcgdex.net/en/swsh/swsh10/067/high.png,0,Uncommon
swsh10-068,ASR,SWSH,068,Diancie,https://assets.tcgdex.net/en/swsh/swsh10/068/high.png,0,Holo Rare
swsh10-069,ASR,SWSH,069,Wyrdeer,https://assets.tcgdex.net/en/swsh/swsh10/069/high.png,0,Holo Rare
swsh10-070,ASR,SWSH,070,Hisuian Growlithe,https://assets.tcgdex.net/en/swsh/swsh10/070/high.png,0,Common
swsh10-071,ASR,SWSH,071,Hisuian Arcanine,https://assets.tcgdex.net/en/swsh/swsh10/071/high.png,0,Rare
swsh10-072,ASR,SWSH,072,Machamp V,https://assets.tcgdex.net/en/swsh/swsh10/072/high.png,0,Holo Rare V
swsh10-073,ASR,SWSH,073,Machamp VMAX,https://assets.tcgdex.net/en/swsh/swsh10/073/high.png,0,Holo Rare VMAX
swsh10-074,ASR,SWSH,074,Sudowoodo,https://assets.tcgdex.net/en/swsh/swsh10/074/high.png,0,Common
swsh10-075,ASR,SWSH,075,Regirock,https://assets.tcgdex.net/en/swsh/swsh10/075/high.png,0,Rare
swsh10-076,ASR,SWSH,076,Cranidos,https://assets.tcgdex.net/en/swsh/swsh10/076/high.png,0,Uncommon
swsh10-077,ASR,SWSH,077,Rampardos,https://assets.tcgdex.net/en/swsh/swsh10/077/high.png,0,Holo Rare
swsh10-078,ASR,SWSH,078,Lucario V,https://assets.tcgdex.net/en/swsh/swsh10/078/high.png,0,Holo Rare V
swsh10-079,ASR,SWSH,079,Hippopotas,https://assets.tcgdex.net/en/swsh/swsh10/079/high.png,0,Common
swsh10-080,ASR,SWSH,080,Hippowdon,https://assets.tcgdex.net/en/swsh/swsh10/080/high.png,0,Uncommon
swsh10-081,ASR,SWSH,081,Radiant Hawlucha,https://assets.tcgdex.net/en/swsh/swsh10/081/high.png,0,Radiant Rare
swsh10-082,ASR,SWSH,082,Hisuian Decidueye,https://assets.tcgdex.net/en/swsh/swsh10/082/high.png,0,Holo Rare
swsh10-083,ASR,SWSH,083,Hisuian Decidueye V,https://assets.tcgdex.net/en/swsh/swsh10/083/high.png,0,Holo Rare V
swsh10-084,ASR,SWSH,084,Hisuian Decidueye VSTAR,https://assets.tcgdex.net/en/swsh/swsh10/084/high.png,0,Holo Rare VSTAR
swsh10-085,ASR,SWSH,085,Kleavor,https://assets.tcgdex.net/en/swsh/swsh10/085/high.png,0,Rare
swsh10-086,ASR,SWSH,086,Kleavor,https://assets.tcgdex.net/en/swsh/swsh10/086/high.png,0,Holo Rare
swsh10-087,ASR,SWSH,087,Kleavor V,https://assets.tcgdex.net/en/swsh/swsh10/087/high.png,0,Holo Rare V
swsh10-088,ASR,SWSH,088,Hisuian Qwilfish,https://assets.tcgdex.net/en/swsh/swsh10/088/high.png,0,Common
swsh10-089,ASR,SWSH,089,Hisuian Qwilfish,https://assets.tcgdex.net/en/swsh/swsh10/089/high.png,0,Common
swsh10-090,ASR,SWSH,090,Hisuian Overqwil,https://assets.tcgdex.net/en/swsh/swsh10/090/high.png,0,Uncommon
swsh10-091,ASR,SWSH,091,Hisuian Overqwil,https://assets.tcgdex.net/en/swsh/swsh10/091/high.png,0,Rare
swsh10-092,ASR,SWSH,092,Hisuian Sneasel,https://assets.tcgdex.net/en/swsh/swsh10/092/high.png,0,Common
swsh10-093,ASR,SWSH,093,Hisuian Sneasler,https://assets.tcgdex.net/en/swsh/swsh10/093/high.png,0,Holo Rare
swsh10-094,ASR,SWSH,094,Hisuian Sneasler V,https://assets.tcgdex.net/en/swsh/swsh10/094/high.png,0,Holo Rare V
swsh10-095,ASR,SWSH,095,Poochyena,https://assets.tcgdex.net/en/swsh/swsh10/095/high.png,0,Common
swsh10-096,ASR,SWSH,096,Mightyena,https://assets.tcgdex.net/en/swsh/swsh10/096/high.png,0,Rare
swsh10-097,ASR,SWSH,097,Absol,https://assets.tcgdex.net/en/swsh/swsh10/097/high.png,0,Holo Rare
swsh10-098,ASR,SWSH,098,Darkrai V,https://assets.tcgdex.net/en/swsh/swsh10/098/high.png,0,Holo Rare V
swsh10-099,ASR,SWSH,099,Darkrai VSTAR,https://assets.tcgdex.net/en/swsh/swsh10/099/high.png,0,Holo Rare VSTAR
swsh10-100,ASR,SWSH,100,Hisuian Samurott,https://assets.tcgdex.net/en/swsh/swsh10/100/high.png,0,Holo Rare
swsh10-101,ASR,SWSH,101,Hisuian Samurott V,https://assets.tcgdex.net/en/swsh/swsh10/101/high.png,0,Holo Rare V
swsh10-102,ASR,SWSH,102,Hisuian Samurott VSTAR,https://assets.tcgdex.net/en/swsh/swsh10/102/high.png,0,Holo Rare VSTAR
swsh10-103,ASR,SWSH,103,Nickit,https://assets.tcgdex.net/en/swsh/swsh10/103/high.png,0,Common
swsh10-104,ASR,SWSH,104,Thievul,https://assets.tcgdex.net/en/swsh/swsh10/104/high.png,0,Rare
swsh10-105,ASR,SWSH,105,Magnemite,https://assets.tcgdex.net/en/swsh/swsh10/105/high.png,0,Common
swsh10-106,ASR,SWSH,106,Magneton,https://assets.tcgdex.net/en/swsh/swsh10/106/high.png,0,Uncommon
swsh10-107,ASR,SWSH,107,Magnezone,https://assets.tcgdex.net/en/swsh/swsh10/107/high.png,0,Holo Rare
swsh10-108,ASR,SWSH,108,Registeel,https://assets.tcgdex.net/en/swsh/swsh10/108/high.png,0,Rare
swsh10-109,ASR,SWSH,109,Shieldon,https://assets.tcgdex.net/en/swsh/swsh10/109/high.png,0,Uncommon
swsh10-110,ASR,SWSH,110,Bastiodon,https://assets.tcgdex.net/en/swsh/swsh10/110/high.png,0,Holo Rare
swsh10-111,ASR,SWSH,111,Bronzor,https://assets.tcgdex.net/en/swsh/swsh10/111/high.png,0,Common
swsh10-112,ASR,SWSH,112,Bronzong,https://assets.tcgdex.net/en/swsh/swsh10/112/high.png,0,Uncommon
swsh10-113,ASR,SWSH,113,Origin Forme Dialga V,https://assets.tcgdex.net/en/swsh/swsh10/113/high.png,0,Holo Rare V
swsh10-114,ASR,SWSH,114,Origin Forme Dialga VSTAR,https://assets.tcgdex.net/en/swsh/swsh10/114/high.png,0,Holo Rare VSTAR
swsh10-115,ASR,SWSH,115,Pawniard,https://assets.tcgdex.net/en/swsh/swsh10/115/high.png,0,Common
swsh10-116,ASR,SWSH,116,Bisharp,https://assets.tcgdex.net/en/swsh/swsh10/116/high.png,0,Uncommon
swsh10-117,ASR,SWSH,117,Garchomp V,https://assets.tcgdex.net/en/swsh/swsh10/117/high.png,0,Holo Rare V
swsh10-118,ASR,SWSH,118,Regidrago,https://assets.tcgdex.net/en/swsh/swsh10/118/high.png,0,Rare
swsh10-119,ASR,SWSH,119,Eevee,https://assets.tcgdex.net/en/swsh/swsh10/119/high.png,0,Common
swsh10-120,ASR,SWSH,120,Hoothoot,https://assets.tcgdex.net/en/swsh/swsh10/120/high.png,0,Common
swsh10-121,ASR,SWSH,121,Noctowl,https://assets.tcgdex.net/en/swsh/swsh10/121/high.png,0,Uncommon
swsh10-122,ASR,SWSH,122,Teddiursa,https://assets.tcgdex.net/en/swsh/swsh10/122/high.png,0,Common
swsh10-123,ASR,SWSH,123,Ursaring,https://assets.tcgdex.net/en/swsh/swsh10/123/high.png,0,Uncommon
swsh10-124,ASR,SWSH,124,Ursaluna,https://assets.tcgdex.net/en/swsh/swsh10/124/high.png,0,Rare
swsh10-125,ASR,SWSH,125,Stantler,https://assets.tcgdex.net/en/swsh/swsh10/125/high.png,0,Common
swsh10-126,ASR,SWSH,126,Miltank,https://assets.tcgdex.net/en/swsh/swsh10/126/high.png,0,Holo Rare
swsh10-127,ASR,SWSH,127,Glameow,https://assets.tcgdex.net/en/swsh/swsh10/127/high.png,0,Common
swsh10-128,ASR,SWSH,128,Purugly,https://assets.tcgdex.net/en/swsh/swsh10/128/high.png,0,Uncommon
swsh10-129,ASR,SWSH,129,Chatot,https://assets.tcgdex.net/en/swsh/swsh10/129/high.png,0,Common
swsh10-130,ASR,SWSH,130,Regigigas,https://assets.tcgdex.net/en/swsh/swsh10/130/high.png,0,Holo Rare
swsh10-131,ASR,SWSH,131,Rufflet,https://assets.tcgdex.net/en/swsh/swsh10/131/high.png,0,Common
swsh10-132,ASR,SWSH,132,Hisuian Braviary,https://assets.tcgdex.net/en/swsh/swsh10/132/high.png,0,Rare
swsh10-133,ASR,SWSH,133,Oranguru V,https://assets.tcgdex.net/en/swsh/swsh10/133/high.png,0,Holo Rare V
swsh10-134,ASR,SWSH,134,Wyrdeer V,https://assets.tcgdex.net/en/swsh/swsh10/134/high.png,0,Holo Rare V
swsh10-160,ASR,SWSH,160,Beedrill V,https://assets.tcgdex.net/en/swsh/swsh10/160/high.png,0,Ultra Rare
swsh10-161,ASR,SWSH,161,Beedrill V,https://assets.tcgdex.net/en/swsh/swsh10/161/high.png,0,Ultra Rare
swsh10-162,ASR,SWSH,162,Hisuian Lilligant V,https://assets.tcgdex.net/en/swsh/swsh10/162/high.png,0,Ultra Rare
swsh10-163,ASR,SWSH,163,Hisuian Lilligant V,https://assets.tcgdex.net/en/swsh/swsh10/163/high.png,0,Ultra Rare
swsh10-164,ASR,SWSH,164,Virizion V,https://assets.tcgdex.net/en/swsh/swsh10/164/high.png,0,Ultra Rare
swsh10-165,ASR,SWSH,165,Heatran V,https://assets.tcgdex.net/en/swsh/swsh10/165/high.png,0,Ultra Rare
swsh10-166,ASR,SWSH,166,Starmie V,https://assets.tcgdex.net/en/swsh/swsh10/166/high.png,0,Ultra Rare
swsh10-167,ASR,SWSH,167,Origin Forme Palkia V,https://assets.tcgdex.net/en/swsh/swsh10/167/high.png,0,Ultra Rare
swsh10-168,ASR,SWSH,168,Luxray V,https://assets.tcgdex.net/en/swsh/swsh10/168/high.png,0,Ultra Rare
swsh10-169,ASR,SWSH,169,Hisuian Typhlosion V,https://assets.tcgdex.net/en/swsh/swsh10/169/high.png,0,Ultra Rare
swsh10-170,ASR,SWSH,170,Jirachi V,https://assets.tcgdex.net/en/swsh/swsh10/170/high.png,0,Ultra Rare
swsh10-171,ASR,SWSH,171,Machamp V,https://assets.tcgdex.net/en/swsh/swsh10/171/high.png,0,Ultra Rare
swsh10-172,ASR,SWSH,172,Machamp V,https://assets.tcgdex.net/en/swsh/swsh10/172/high.png,0,Ultra Rare
swsh10-173,ASR,SWSH,173,Hisuian Decidueye V,https://assets.tcgdex.net/en/swsh/swsh10/173/high.png,0,Ultra Rare
swsh10-174,ASR,SWSH,174,Hisuian Sneasler V,https://assets.tcgdex.net/en/swsh/swsh10/174/high.png,0,Ultra Rare
swsh10-175,ASR,SWSH,175,Hisuian Sneasler V,https://assets.tcgdex.net/en/swsh/swsh10/175/high.png,0,Ultra Rare
swsh10-176,ASR,SWSH,176,Hisuian Samurott V,https://assets.tcgdex.net/en/swsh/swsh10/176/high.png,0,Ultra Rare
swsh10-177,ASR,SWSH,177,Origin Forme Dialga V,https://assets.tcgdex.net/en/swsh/swsh10/177/high.png,0,Ultra Rare
swsh10-178,ASR,SWSH,178,Garchomp V,https://assets.tcgdex.net/en/swsh/swsh10/178/high.png,0,Ultra Rare
swsh10-179,ASR,SWSH,179,Oranguru V,https://assets.tcgdex.net/en/swsh/swsh10/179/high.png,0,Ultra Rare
swsh10-180,ASR,SWSH,180,Wyrdeer V,https://assets.tcgdex.net/en/swsh/swsh10/180/high.png,0,Ultra Rare
swsh10-190,ASR,SWSH,190,Hisuian Lilligant VSTAR,https://assets.tcgdex.net/en/swsh/swsh10/190/high.png,0,Secret Rare
swsh10-191,ASR,SWSH,191,Heatran VMAX,https://assets.tcgdex.net/en/swsh/swsh10/191/high.png,0,Secret Rare
swsh10-192,ASR,SWSH,192,Origin Forme Palkia VSTAR,https://assets.tcgdex.net/en/swsh/swsh10/192/high.png,0,Secret Rare
swsh10-193,ASR,SWSH,193,Hisuian Typhlosion VSTAR,https://assets.tcgdex.net/en/swsh/swsh10/193/high.png,0,Secret Rare
swsh10-194,ASR,SWSH,194,Machamp VMAX,https://assets.tcgdex.net/en/swsh/swsh10/194/high.png,0,Secret Rare
swsh10-195,ASR,SWSH,195,Hisuian Decidueye VSTAR,https://assets.tcgdex.net/en/swsh/swsh10/195/high.png,0,Secret Rare
swsh10-196,ASR,SWSH,196,Kleavor VSTAR,https://assets.tcgdex.net/en/swsh/swsh10/196/high.png,0,Secret Rare
swsh10-197,ASR,SWSH,197,Hisuian Samurott VSTAR,https://assets.tcgdex.net/en/swsh/swsh10/197/high.png,0,Secret Rare
swsh10-198,ASR,SWSH,198,Origin Forme Dialga VSTAR,https://assets.tcgdex.net/en/swsh/swsh10/198/high.png,0,Secret Rare
swsh10-208,ASR,SWSH,208,Origin Forme Palkia VSTAR,https://assets.tcgdex.net/en/swsh/swsh10/208/high.png,0,Secret Rare
swsh10-209,ASR,SWSH,209,Hisuian Samurott VSTAR,https://assets.tcgdex.net/en/swsh/swsh10/209/high.png,0,Secret Rare
swsh10-210,ASR,SWSH,210,Origin Forme Dialga VSTAR,https://assets.tcgdex.net/en/swsh/swsh10/210/high.png,0,Secret Rare
swsh10-TG01,ASR,SWSH,TG01,Abomasnow,https://assets.tcgdex.net/en/swsh/swsh10/TG01/high.png,0,Rare
swsh10-TG02,ASR,SWSH,TG02,Flapple,https://assets.tcgdex.net/en/swsh/swsh10/TG02/high.png,0,Rare
swsh10-TG03,ASR,SWSH,TG03,Kingdra,https://assets.tcgdex.net/en/swsh/swsh10/TG03/high.png,0,Rare
swsh10-TG04,ASR,SWSH,TG04,Frosmoth,https://assets.tcgdex.net/en/swsh/swsh10/TG04/high.png,0,Rare
swsh10-TG05,ASR,SWSH,TG05,Gardevoir,https://assets.tcgdex.net/en/swsh/swsh10/TG05/high.png,0,Rare
swsh10-TG06,ASR,SWSH,TG06,Wyrdeer,https://assets.tcgdex.net/en/swsh/swsh10/TG06/high.png,0,Rare
swsh10-TG07,ASR,SWSH,TG07,Falinks,https://assets.tcgdex.net/en/swsh/swsh10/TG07/high.png,0,Rare
swsh10-TG08,ASR,SWSH,TG08,Kleavor,https://assets.tcgdex.net/en/swsh/swsh10/TG08/high.png,0,Rare
swsh10-TG09,ASR,SWSH,TG09,Mightyena,https://assets.tcgdex.net/en/swsh/swsh10/TG09/high.png,0,Rare
swsh10-TG10,ASR,SWSH,TG10,Galarian Obstagoon,https://assets.tcgdex.net/en/swsh/swsh10/TG10/high.png,0,Rare
swsh10-TG11,ASR,SWSH,TG11,Bronzong,https://assets.tcgdex.net/en/swsh/swsh10/TG11/high.png,0,Rare
swsh10-TG12,ASR,SWSH,TG12,Hoothoot,https://assets.tcgdex.net/en/swsh/swsh10/TG12/high.png,0,Rare
swsh10-TG13,ASR,SWSH,TG13,Starmie V,https://assets.tcgdex.net/en/swsh/swsh10/TG13/high.png,0,Ultra Rare
swsh10-TG14,ASR,SWSH,TG14,Ice Rider Calyrex V,https://assets.tcgdex.net/en/swsh/swsh10/TG14/high.png,0,Ultra Rare
swsh10-TG15,ASR,SWSH,TG15,Ice Rider Calyrex VMAX,https://assets.tcgdex.net/en/swsh/swsh10/TG15/high.png,0,Ultra Rare
swsh10-TG16,ASR,SWSH,TG16,Galarian Articuno V,https://assets.tcgdex.net/en/swsh/swsh10/TG16/high.png,0,Ultra Rare
swsh10-TG17,ASR,SWSH,TG17,Shadow Rider Calyrex V,https://assets.tcgdex.net/en/swsh/swsh10/TG17/high.png,0,Ultra Rare
swsh10-TG18,ASR,SWSH,TG18,Shadow Rider Calyrex VMAX,https://assets.tcgdex.net/en/swsh/swsh10/TG18/high.png,0,Ultra Rare
swsh10-TG19,ASR,SWSH,TG19,Galarian Zapdos V,https://assets.tcgdex.net/en/swsh/swsh10/TG19/high.png,0,Ultra Rare
swsh10-TG20,ASR,SWSH,TG20,Galarian Moltres V,https://assets.tcgdex.net/en/swsh/swsh10/TG20/high.png,0,Ultra Rare
swsh10-TG21,ASR,SWSH,TG21,Zacian V,https://assets.tcgdex.net/en/swsh/swsh10/TG21/high.png,0,Ultra Rare
swsh10-TG22,ASR,SWSH,TG22,Zamazenta V,https://assets.tcgdex.net/en/swsh/swsh10/TG22/high.png,0,Ultra Rare
swsh10-TG23,ASR,SWSH,TG23,Garchomp V,https://assets.tcgdex.net/en/swsh/swsh10/TG23/high.png,0,Ultra Rare
swsh10-TG29,ASR,SWSH,TG29,Ice Rider Calyrex VMAX,https://assets.tcgdex.net/en/swsh/swsh10/TG29/high.png,0,Secret Rare
swsh10-TG30,ASR,SWSH,TG30,Shadow Rider Calyrex VMAX,https://assets.tcgdex.net/en/swsh/swsh10/TG30/high.png,0,Secret Rare
sm6-1,FLI,SM,1,Exeggcute,https://assets.tcgdex.net/en/sm/sm6/1/high.png,0,Common
sm6-2,FLI,SM,2,Alolan Exeggutor,https://assets.tcgdex.net/en/sm/sm6/2/high.png,0,Rare
sm6-3,FLI,SM,3,Snover,https://assets.tcgdex.net/en/sm/sm6/3/high.png,0,Common
sm6-4,FLI,SM,4,Abomasnow,https://assets.tcgdex.net/en/sm/sm6/4/high.png,0,Rare
sm6-5,FLI,SM,5,Scatterbug,https://assets.tcgdex.net/en/sm/sm6/5/high.png,0,Common
sm6-6,FLI,SM,6,Scatterbug,https://assets.tcgdex.net/en/sm/sm6/6/high.png,0,Common
sm6-7,FLI,SM,7,Spewpa,https://assets.tcgdex.net/en/sm/sm6/7/high.png,0,Uncommon
sm6-8,FLI,SM,8,Vivillon,https://assets.tcgdex.net/en/sm/sm6/8/high.png,0,Rare
sm6-9,FLI,SM,9,Skiddo,https://assets.tcgdex.net/en/sm/sm6/9/high.png,0,Common
sm6-10,FLI,SM,10,Gogoat,https://assets.tcgdex.net/en/sm/sm6/10/high.png,0,Uncommon
sm6-11,FLI,SM,11,Pheromosa,https://assets.tcgdex.net/en/sm/sm6/11/high.png,0,Rare
sm6-12,FLI,SM,12,Alolan Marowak,https://assets.tcgdex.net/en/sm/sm6/12/high.png,0,Rare
sm6-13,FLI,SM,13,Heatran,https://assets.tcgdex.net/en/sm/sm6/13/high.png,0,Rare
sm6-14,FLI,SM,14,Fennekin,https://assets.tcgdex.net/en/sm/sm6/14/high.png,0,Common
sm6-15,FLI,SM,15,Fennekin,https://assets.tcgdex.net/en/sm/sm6/15/high.png,0,Common
sm6-16,FLI,SM,16,Braixen,https://assets.tcgdex.net/en/sm/sm6/16/high.png,0,Uncommon
sm6-17,FLI,SM,17,Delphox,https://assets.tcgdex.net/en/sm/sm6/17/high.png,0,Rare
sm6-18,FLI,SM,18,Litleo,https://assets.tcgdex.net/en/sm/sm6/18/high.png,0,Common
sm6-19,FLI,SM,19,Pyroar,https://assets.tcgdex.net/en/sm/sm6/19/high.png,0,Rare
sm6-20,FLI,SM,20,Palkia GX,https://assets.tcgdex.net/en/sm/sm6/20/high.png,0,Ultra Rare
sm6-21,FLI,SM,21,Froakie,https://assets.tcgdex.net/en/sm/sm6/21/high.png,0,Common
sm6-22,FLI,SM,22,Froakie,https://assets.tcgdex.net/en/sm/sm6/22/high.png,0,Common
sm6-23,FLI,SM,23,Frogadier,https://assets.tcgdex.net/en/sm/sm6/23/high.png,0,Uncommon
sm6-24,FLI,SM,24,Greninja GX,https://assets.tcgdex.net/en/sm/sm6/24/high.png,0,Ultra Rare
sm6-25,FLI,SM,25,Clauncher,https://assets.tcgdex.net/en/sm/sm6/25/high.png,0,Common
sm6-26,FLI,SM,26,Clawitzer,https://assets.tcgdex.net/en/sm/sm6/26/high.png,0,Rare
sm6-27,FLI,SM,27,Amaura,https://assets.tcgdex.net/en/sm/sm6/27/high.png,0,Uncommon
sm6-28,FLI,SM,28,Aurorus,https://assets.tcgdex.net/en/sm/sm6/28/high.png,0,Rare
sm6-29,FLI,SM,29,Bergmite,https://assets.tcgdex.net/en/sm/sm6/29/high.png,0,Common
sm6-30,FLI,SM,30,Avalugg,https://assets.tcgdex.net/en/sm/sm6/30/high.png,0,Rare
sm6-31,FLI,SM,31,Volcanion ◇,https://assets.tcgdex.net/en/sm/sm6/31/high.png,0,Rare
sm6-32,FLI,SM,32,Dewpider,https://assets.tcgdex.net/en/sm/sm6/32/high.png,0,Common
sm6-33,FLI,SM,33,Araquanid,https://assets.tcgdex.net/en/sm/sm6/33/high.png,0,Uncommon
sm6-34,FLI,SM,34,Magnemite,https://assets.tcgdex.net/en/sm/sm6/34/high.png,0,Common
sm6-35,FLI,SM,35,Magneton,https://assets.tcgdex.net/en/sm/sm6/35/high.png,0,Uncommon
sm6-36,FLI,SM,36,Magnezone,https://assets.tcgdex.net/en/sm/sm6/36/high.png,0,Rare
sm6-37,FLI,SM,37,Helioptile,https://assets.tcgdex.net/en/sm/sm6/37/high.png,0,Common
sm6-38,FLI,SM,38,Heliolisk,https://assets.tcgdex.net/en/sm/sm6/38/high.png,0,Uncommon
sm6-39,FLI,SM,39,Xurkitree,https://assets.tcgdex.net/en/sm/sm6/39/high.png,0,Rare
sm6-40,FLI,SM,40,Rotom,https://assets.tcgdex.net/en/sm/sm6/40/high.png,0,Rare
sm6-41,FLI,SM,41,Uxie,https://assets.tcgdex.net/en/sm/sm6/41/high.png,0,Uncommon
sm6-42,FLI,SM,42,Mesprit,https://assets.tcgdex.net/en/sm/sm6/42/high.png,0,Uncommon
sm6-43,FLI,SM,43,Azelf,https://assets.tcgdex.net/en/sm/sm6/43/high.png,0,Uncommon
sm6-44,FLI,SM,44,Espurr,https://assets.tcgdex.net/en/sm/sm6/44/high.png,0,Common
sm6-45,FLI,SM,45,Meowstic,https://assets.tcgdex.net/en/sm/sm6/45/high.png,0,Rare
sm6-46,FLI,SM,46,Honedge,https://assets.tcgdex.net/en/sm/sm6/46/high.png,0,Common
sm6-47,FLI,SM,47,Honedge,https://assets.tcgdex.net/en/sm/sm6/47/high.png,0,Common
sm6-48,FLI,SM,48,Doublade,https://assets.tcgdex.net/en/sm/sm6/48/high.png,0,Uncommon
sm6-49,FLI,SM,49,Aegislash,https://assets.tcgdex.net/en/sm/sm6/49/high.png,0,Rare
sm6-50,FLI,SM,50,Inkay,https://assets.tcgdex.net/en/sm/sm6/50/high.png,0,Common
sm6-51,FLI,SM,51,Malamar,https://assets.tcgdex.net/en/sm/sm6/51/high.png,0,Rare
sm6-52,FLI,SM,52,Skrelp,https://assets.tcgdex.net/en/sm/sm6/52/high.png,0,Common
sm6-53,FLI,SM,53,Dragalge,https://assets.tcgdex.net/en/sm/sm6/53/high.png,0,Rare
sm6-54,FLI,SM,54,Hoopa,https://assets.tcgdex.net/en/sm/sm6/54/high.png,0,Uncommon
sm6-55,FLI,SM,55,Poipole,https://assets.tcgdex.net/en/sm/sm6/55/high.png,0,Uncommon
sm6-56,FLI,SM,56,Naganadel GX,https://assets.tcgdex.net/en/sm/sm6/56/high.png,0,Ultra Rare
sm6-57,FLI,SM,57,Cubone,https://assets.tcgdex.net/en/sm/sm6/57/high.png,0,Common
sm6-58,FLI,SM,58,Torterra,https://assets.tcgdex.net/en/sm/sm6/58/high.png,0,Rare
sm6-59,FLI,SM,59,Infernape,https://assets.tcgdex.net/en/sm/sm6/59/high.png,0,Rare
sm6-60,FLI,SM,60,Gible,https://assets.tcgdex.net/en/sm/sm6/60/high.png,0,Common
sm6-61,FLI,SM,61,Gabite,https://assets.tcgdex.net/en/sm/sm6/61/high.png,0,Uncommon
sm6-62,FLI,SM,62,Garchomp,https://assets.tcgdex.net/en/sm/sm6/62/high.png,0,Rare
sm6-63,FLI,SM,63,Croagunk,https://assets.tcgdex.net/en/sm/sm6/63/high.png,0,Common
sm6-64,FLI,SM,64,Toxicroak,https://assets.tcgdex.net/en/sm/sm6/64/high.png,0,Rare
sm6-65,FLI,SM,65,Pancham,https://assets.tcgdex.net/en/sm/sm6/65/high.png,0,Common
sm6-66,FLI,SM,66,Binacle,https://assets.tcgdex.net/en/sm/sm6/66/high.png,0,Common
sm6-67,FLI,SM,67,Barbaracle,https://assets.tcgdex.net/en/sm/sm6/67/high.png,0,Rare
sm6-68,FLI,SM,68,Tyrunt,https://assets.tcgdex.net/en/sm/sm6/68/high.png,0,Uncommon
sm6-69,FLI,SM,69,Tyrantrum,https://assets.tcgdex.net/en/sm/sm6/69/high.png,0,Rare
sm6-70,FLI,SM,70,Hawlucha,https://assets.tcgdex.net/en/sm/sm6/70/high.png,0,Uncommon
sm6-71,FLI,SM,71,Zygarde,https://assets.tcgdex.net/en/sm/sm6/71/high.png,0,Uncommon
sm6-72,FLI,SM,72,Zygarde,https://assets.tcgdex.net/en/sm/sm6/72/high.png,0,Rare
sm6-73,FLI,SM,73,Zygarde GX,https://assets.tcgdex.net/en/sm/sm6/73/high.png,0,Ultra Rare
sm6-74,FLI,SM,74,Diancie ◇,https://assets.tcgdex.net/en/sm/sm6/74/high.png,0,Rare
sm6-75,FLI,SM,75,Rockruff,https://assets.tcgdex.net/en/sm/sm6/75/high.png,0,Common
sm6-76,FLI,SM,76,Lycanroc,https://assets.tcgdex.net/en/sm/sm6/76/high.png,0,Rare
sm6-77,FLI,SM,77,Buzzwole,https://assets.tcgdex.net/en/sm/sm6/77/high.png,0,Rare
sm6-78,FLI,SM,78,Pangoro,https://assets.tcgdex.net/en/sm/sm6/78/high.png,0,Rare
sm6-79,FLI,SM,79,Yveltal GX,https://assets.tcgdex.net/en/sm/sm6/79/high.png,0,Ultra Rare
sm6-80,FLI,SM,80,Guzzlord,https://assets.tcgdex.net/en/sm/sm6/80/high.png,0,Rare
sm6-81,FLI,SM,81,Empoleon,https://assets.tcgdex.net/en/sm/sm6/81/high.png,0,Rare
sm6-82,FLI,SM,82,Dialga GX,,0,Ultra Rare
sm6-83,FLI,SM,83,Flabébé,https://assets.tcgdex.net/en/sm/sm6/83/high.png,0,Common
sm6-84,FLI,SM,84,Flabébé,https://assets.tcgdex.net/en/sm/sm6/84/high.png,0,Common
sm6-85,FLI,SM,85,Floette,https://assets.tcgdex.net/en/sm/sm6/85/high.png,0,Uncommon
sm6-86,FLI,SM,86,Florges,https://assets.tcgdex.net/en/sm/sm6/86/high.png,0,Rare
sm6-87,FLI,SM,87,Sylveon,https://assets.tcgdex.net/en/sm/sm6/87/high.png,0,Rare
sm6-88,FLI,SM,88,Dedenne,https://assets.tcgdex.net/en/sm/sm6/88/high.png,0,Uncommon
sm6-89,FLI,SM,89,Klefki,https://assets.tcgdex.net/en/sm/sm6/89/high.png,0,Uncommon
sm6-90,FLI,SM,90,Xerneas GX,,0,Ultra Rare
sm6-91,FLI,SM,91,Goomy,https://assets.tcgdex.net/en/sm/sm6/91/high.png,0,Common
sm6-92,FLI,SM,92,Goomy,https://assets.tcgdex.net/en/sm/sm6/92/high.png,0,Common
sm6-93,FLI,SM,93,Sliggoo,https://assets.tcgdex.net/en/sm/sm6/93/high.png,0,Uncommon
sm6-94,FLI,SM,94,Goodra,https://assets.tcgdex.net/en/sm/sm6/94/high.png,0,Rare
sm6-95,FLI,SM,95,Ultra Necrozma GX,https://assets.tcgdex.net/en/sm/sm6/95/high.png,0,Ultra Rare
sm6-96,FLI,SM,96,Arceus ◇,https://assets.tcgdex.net/en/sm/sm6/96/high.png,0,Rare
sm6-97,FLI,SM,97,Bunnelby,https://assets.tcgdex.net/en/sm/sm6/97/high.png,0,Common
sm6-98,FLI,SM,98,Diggersby,https://assets.tcgdex.net/en/sm/sm6/98/high.png,0,Uncommon
sm6-99,FLI,SM,99,Furfrou,https://assets.tcgdex.net/en/sm/sm6/99/high.png,0,Common
sm6-100,FLI,SM,100,Noibat,https://assets.tcgdex.net/en/sm/sm6/100/high.png,0,Common
sm6-101,FLI,SM,101,Noivern,https://assets.tcgdex.net/en/sm/sm6/101/high.png,0,Rare
sm6-119,FLI,SM,119,Palkia GX,https://assets.tcgdex.net/en/sm/sm6/119/high.png,0,Ultra Rare
sm6-120,FLI,SM,120,Greninja GX,https://assets.tcgdex.net/en/sm/sm6/120/high.png,0,Ultra Rare
sm6-121,FLI,SM,121,Naganadel GX,https://assets.tcgdex.net/en/sm/sm6/121/high.png,0,Ultra Rare
sm6-122,FLI,SM,122,Lucario GX,,0,Ultra Rare
sm6-123,FLI,SM,123,Zygarde GX,https://assets.tcgdex.net/en/sm/sm6/123/high.png,0,Ultra Rare
sm6-124,FLI,SM,124,Yveltal GX,https://assets.tcgdex.net/en/sm/sm6/124/high.png,0,Ultra Rare
sm6-125,FLI,SM,125,Dialga GX,https://assets.tcgdex.net/en/sm/sm6/125/high.png,0,Ultra Rare
sm6-126,FLI,SM,126,Xerneas GX,,0,Ultra Rare
sm6-127,FLI,SM,127,Ultra Necrozma GX,https://assets.tcgdex.net/en/sm/sm6/127/high.png,0,Ultra Rare
sm6-132,FLI,SM,132,Palkia GX,https://assets.tcgdex.net/en/sm/sm6/132/high.png,0,Secret Rare
sm6-133,FLI,SM,133,Greninja GX,https://assets.tcgdex.net/en/sm/sm6/133/high.png,0,Secret Rare
sm6-134,FLI,SM,134,Naganadel GX,,0,Secret Rare
sm6-135,FLI,SM,135,Lucario GX,https://assets.tcgdex.net/en/sm/sm6/135/high.png,0,Secret Rare
sm6-136,FLI,SM,136,Zygarde GX,https://assets.tcgdex.net/en/sm/sm6/136/high.png,0,Secret Rare
sm6-137,FLI,SM,137,Yveltal GX,https://assets.tcgdex.net/en/sm/sm6/137/high.png,0,Secret Rare
sm6-138,FLI,SM,138,Dialga GX,https://assets.tcgdex.net/en/sm/sm6/138/high.png,0,Secret Rare
sm6-139,FLI,SM,139,Xerneas GX,https://assets.tcgdex.net/en/sm/sm6/139/high.png,0,Secret Rare
sm6-140,FLI,SM,140,Ultra Necrozma GX,,0,Secret Rare
sm10-1,UNB,SM,1,Pheromosa & Buzzwole GX,https://assets.tcgdex.net/en/sm/sm10/1/high.png,0,Ultra Rare
sm10-2,UNB,SM,2,Caterpie,https://assets.tcgdex.net/en/sm/sm10/2/high.png,0,Common
sm10-3,UNB,SM,3,Metapod,https://assets.tcgdex.net/en/sm/sm10/3/high.png,0,Uncommon
sm10-4,UNB,SM,4,Butterfree,https://assets.tcgdex.net/en/sm/sm10/4/high.png,0,Rare
sm10-5,UNB,SM,5,Oddish,https://assets.tcgdex.net/en/sm/sm10/5/high.png,0,Common
sm10-6,UNB,SM,6,Oddish,https://assets.tcgdex.net/en/sm/sm10/6/high.png,0,Common
sm10-7,UNB,SM,7,Gloom,https://assets.tcgdex.net/en/sm/sm10/7/high.png,0,Uncommon
sm10-8,UNB,SM,8,Vileplume,https://assets.tcgdex.net/en/sm/sm10/8/high.png,0,Rare
sm10-9,UNB,SM,9,Venonat,https://assets.tcgdex.net/en/sm/sm10/9/high.png,0,Common
sm10-10,UNB,SM,10,Venonat,https://assets.tcgdex.net/en/sm/sm10/10/high.png,0,Common
sm10-11,UNB,SM,11,Venomoth,https://assets.tcgdex.net/en/sm/sm10/11/high.png,0,Rare
sm10-12,UNB,SM,12,Venomoth GX,https://assets.tcgdex.net/en/sm/sm10/12/high.png,0,Ultra Rare
sm10-13,UNB,SM,13,Bellsprout,https://assets.tcgdex.net/en/sm/sm10/13/high.png,0,Common
sm10-14,UNB,SM,14,Weepinbell,https://assets.tcgdex.net/en/sm/sm10/14/high.png,0,Uncommon
sm10-15,UNB,SM,15,Victreebel,https://assets.tcgdex.net/en/sm/sm10/15/high.png,0,Rare
sm10-16,UNB,SM,16,Tangela,https://assets.tcgdex.net/en/sm/sm10/16/high.png,0,Common
sm10-17,UNB,SM,17,Tangrowth,https://assets.tcgdex.net/en/sm/sm10/17/high.png,0,Rare
sm10-18,UNB,SM,18,Grubbin,https://assets.tcgdex.net/en/sm/sm10/18/high.png,0,Common
sm10-19,UNB,SM,19,Kartana,https://assets.tcgdex.net/en/sm/sm10/19/high.png,0,Rare
sm10-20,UNB,SM,20,Reshiram & Charizard GX,https://assets.tcgdex.net/en/sm/sm10/20/high.png,0,Ultra Rare
sm10-21,UNB,SM,21,Growlithe,https://assets.tcgdex.net/en/sm/sm10/21/high.png,0,Common
sm10-22,UNB,SM,22,Arcanine,https://assets.tcgdex.net/en/sm/sm10/22/high.png,0,Rare
sm10-23,UNB,SM,23,Darumaka,https://assets.tcgdex.net/en/sm/sm10/23/high.png,0,Common
sm10-24,UNB,SM,24,Darmanitan,https://assets.tcgdex.net/en/sm/sm10/24/high.png,0,Rare
sm10-25,UNB,SM,25,Volcanion,https://assets.tcgdex.net/en/sm/sm10/25/high.png,0,Rare
sm10-26,UNB,SM,26,Litten,https://assets.tcgdex.net/en/sm/sm10/26/high.png,0,Common
sm10-27,UNB,SM,27,Litten,https://assets.tcgdex.net/en/sm/sm10/27/high.png,0,Common
sm10-28,UNB,SM,28,Torracat,https://assets.tcgdex.net/en/sm/sm10/28/high.png,0,Uncommon
sm10-29,UNB,SM,29,Incineroar,https://assets.tcgdex.net/en/sm/sm10/29/high.png,0,Rare
sm10-30,UNB,SM,30,Salandit,https://assets.tcgdex.net/en/sm/sm10/30/high.png,0,Common
sm10-31,UNB,SM,31,Salazzle,https://assets.tcgdex.net/en/sm/sm10/31/high.png,0,Rare
sm10-32,UNB,SM,32,Blacephalon,https://assets.tcgdex.net/en/sm/sm10/32/high.png,0,Rare
sm10-33,UNB,SM,33,Squirtle,https://assets.tcgdex.net/en/sm/sm10/33/high.png,0,Common
sm10-34,UNB,SM,34,Wartortle,https://assets.tcgdex.net/en/sm/sm10/34/high.png,0,Uncommon
sm10-35,UNB,SM,35,Blastoise GX,https://assets.tcgdex.net/en/sm/sm10/35/high.png,0,Ultra Rare
sm10-36,UNB,SM,36,Poliwag,https://assets.tcgdex.net/en/sm/sm10/36/high.png,0,Common
sm10-37,UNB,SM,37,Poliwag,https://assets.tcgdex.net/en/sm/sm10/37/high.png,0,Common
sm10-38,UNB,SM,38,Poliwhirl,https://assets.tcgdex.net/en/sm/sm10/38/high.png,0,Uncommon
sm10-39,UNB,SM,39,Poliwrath,https://assets.tcgdex.net/en/sm/sm10/39/high.png,0,Rare
sm10-40,UNB,SM,40,Tentacool,https://assets.tcgdex.net/en/sm/sm10/40/high.png,0,Common
sm10-41,UNB,SM,41,Tentacruel,https://assets.tcgdex.net/en/sm/sm10/41/high.png,0,Uncommon
sm10-42,UNB,SM,42,Slowpoke,https://assets.tcgdex.net/en/sm/sm10/42/high.png,0,Common
sm10-43,UNB,SM,43,Slowbro,https://assets.tcgdex.net/en/sm/sm10/43/high.png,0,Rare
sm10-44,UNB,SM,44,Seel,https://assets.tcgdex.net/en/sm/sm10/44/high.png,0,Common
sm10-45,UNB,SM,45,Dewgong,https://assets.tcgdex.net/en/sm/sm10/45/high.png,0,Rare
sm10-46,UNB,SM,46,Krabby,https://assets.tcgdex.net/en/sm/sm10/46/high.png,0,Common
sm10-47,UNB,SM,47,Kingler,https://assets.tcgdex.net/en/sm/sm10/47/high.png,0,Rare
sm10-48,UNB,SM,48,Goldeen,https://assets.tcgdex.net/en/sm/sm10/48/high.png,0,Common
sm10-49,UNB,SM,49,Seaking,https://assets.tcgdex.net/en/sm/sm10/49/high.png,0,Rare
sm10-50,UNB,SM,50,Kyurem,https://assets.tcgdex.net/en/sm/sm10/50/high.png,0,Rare
sm10-51,UNB,SM,51,Froakie,https://assets.tcgdex.net/en/sm/sm10/51/high.png,0,Common
sm10-52,UNB,SM,52,Frogadier,https://assets.tcgdex.net/en/sm/sm10/52/high.png,0,Uncommon
sm10-53,UNB,SM,53,Pyukumuku,https://assets.tcgdex.net/en/sm/sm10/53/high.png,0,Uncommon
sm10-54,UNB,SM,54,Pikachu,https://assets.tcgdex.net/en/sm/sm10/54/high.png,0,Common
sm10-55,UNB,SM,55,Raichu,https://assets.tcgdex.net/en/sm/sm10/55/high.png,0,Rare
sm10-56,UNB,SM,56,Stunfisk,https://assets.tcgdex.net/en/sm/sm10/56/high.png,0,Rare
sm10-57,UNB,SM,57,Dedenne GX,https://assets.tcgdex.net/en/sm/sm10/57/high.png,0,Ultra Rare
sm10-58,UNB,SM,58,Charjabug,https://assets.tcgdex.net/en/sm/sm10/58/high.png,0,Uncommon
sm10-59,UNB,SM,59,Vikavolt,https://assets.tcgdex.net/en/sm/sm10/59/high.png,0,Rare
sm10-60,UNB,SM,60,Zeraora,https://assets.tcgdex.net/en/sm/sm10/60/high.png,0,Rare
sm10-61,UNB,SM,61,Muk & Alolan Muk GX,https://assets.tcgdex.net/en/sm/sm10/61/high.png,0,Ultra Rare
sm10-62,UNB,SM,62,Ekans,https://assets.tcgdex.net/en/sm/sm10/62/high.png,0,Common
sm10-63,UNB,SM,63,Arbok,https://assets.tcgdex.net/en/sm/sm10/63/high.png,0,Rare
sm10-64,UNB,SM,64,Zubat,https://assets.tcgdex.net/en/sm/sm10/64/high.png,0,Common
sm10-65,UNB,SM,65,Golbat,https://assets.tcgdex.net/en/sm/sm10/65/high.png,0,Uncommon
sm10-66,UNB,SM,66,Crobat,https://assets.tcgdex.net/en/sm/sm10/66/high.png,0,Rare
sm10-67,UNB,SM,67,Gastly,https://assets.tcgdex.net/en/sm/sm10/67/high.png,0,Common
sm10-68,UNB,SM,68,Gastly,https://assets.tcgdex.net/en/sm/sm10/68/high.png,0,Common
sm10-69,UNB,SM,69,Haunter,https://assets.tcgdex.net/en/sm/sm10/69/high.png,0,Uncommon
sm10-70,UNB,SM,70,Gengar,https://assets.tcgdex.net/en/sm/sm10/70/high.png,0,Rare
sm10-71,UNB,SM,71,Drowzee,https://assets.tcgdex.net/en/sm/sm10/71/high.png,0,Common
sm10-72,UNB,SM,72,Hypno,https://assets.tcgdex.net/en/sm/sm10/72/high.png,0,Rare
sm10-73,UNB,SM,73,Koffing,https://assets.tcgdex.net/en/sm/sm10/73/high.png,0,Common
sm10-74,UNB,SM,74,Weezing,https://assets.tcgdex.net/en/sm/sm10/74/high.png,0,Rare
sm10-75,UNB,SM,75,Mewtwo,https://assets.tcgdex.net/en/sm/sm10/75/high.png,0,Rare
sm10-76,UNB,SM,76,Mew,https://assets.tcgdex.net/en/sm/sm10/76/high.png,0,Rare
sm10-77,UNB,SM,77,Misdreavus,https://assets.tcgdex.net/en/sm/sm10/77/high.png,0,Common
sm10-78,UNB,SM,78,Mismagius,https://assets.tcgdex.net/en/sm/sm10/78/high.png,0,Rare
sm10-79,UNB,SM,79,Espurr,https://assets.tcgdex.net/en/sm/sm10/79/high.png,0,Common
sm10-80,UNB,SM,80,Meowstic,https://assets.tcgdex.net/en/sm/sm10/80/high.png,0,Rare
sm10-81,UNB,SM,81,Marshadow,https://assets.tcgdex.net/en/sm/sm10/81/high.png,0,Rare
sm10-82,UNB,SM,82,Marshadow & Machamp GX,https://assets.tcgdex.net/en/sm/sm10/82/high.png,0,Ultra Rare
sm10-83,UNB,SM,83,Sandshrew,https://assets.tcgdex.net/en/sm/sm10/83/high.png,0,Common
sm10-84,UNB,SM,84,Sandslash,https://assets.tcgdex.net/en/sm/sm10/84/high.png,0,Rare
sm10-85,UNB,SM,85,Diglett,https://assets.tcgdex.net/en/sm/sm10/85/high.png,0,Common
sm10-86,UNB,SM,86,Dugtrio,https://assets.tcgdex.net/en/sm/sm10/86/high.png,0,Rare
sm10-87,UNB,SM,87,Geodude,https://assets.tcgdex.net/en/sm/sm10/87/high.png,0,Common
sm10-88,UNB,SM,88,Graveler,https://assets.tcgdex.net/en/sm/sm10/88/high.png,0,Uncommon
sm10-89,UNB,SM,89,Golem,https://assets.tcgdex.net/en/sm/sm10/89/high.png,0,Rare
sm10-90,UNB,SM,90,Cubone,https://assets.tcgdex.net/en/sm/sm10/90/high.png,0,Common
sm10-91,UNB,SM,91,Marowak,https://assets.tcgdex.net/en/sm/sm10/91/high.png,0,Rare
sm10-92,UNB,SM,92,Rhyhorn,https://assets.tcgdex.net/en/sm/sm10/92/high.png,0,Common
sm10-93,UNB,SM,93,Rhyhorn,https://assets.tcgdex.net/en/sm/sm10/93/high.png,0,Common
sm10-94,UNB,SM,94,Rhydon,https://assets.tcgdex.net/en/sm/sm10/94/high.png,0,Uncommon
sm10-95,UNB,SM,95,Rhyperior,https://assets.tcgdex.net/en/sm/sm10/95/high.png,0,Rare
sm10-96,UNB,SM,96,Wooper,https://assets.tcgdex.net/en/sm/sm10/96/high.png,0,Common
sm10-97,UNB,SM,97,Quagsire,https://assets.tcgdex.net/en/sm/sm10/97/high.png,0,Rare
sm10-98,UNB,SM,98,Gligar,https://assets.tcgdex.net/en/sm/sm10/98/high.png,0,Common
sm10-99,UNB,SM,99,Gliscor,https://assets.tcgdex.net/en/sm/sm10/99/high.png,0,Uncommon
sm10-100,UNB,SM,100,Tyrogue,https://assets.tcgdex.net/en/sm/sm10/100/high.png,0,Uncommon
sm10-101,UNB,SM,101,Hitmontop,https://assets.tcgdex.net/en/sm/sm10/101/high.png,0,Uncommon
sm10-102,UNB,SM,102,Riolu,https://assets.tcgdex.net/en/sm/sm10/102/high.png,0,Common
sm10-103,UNB,SM,103,Landorus,https://assets.tcgdex.net/en/sm/sm10/103/high.png,0,Rare
sm10-104,UNB,SM,104,Crabrawler,https://assets.tcgdex.net/en/sm/sm10/104/high.png,0,Common
sm10-105,UNB,SM,105,Crabominable,https://assets.tcgdex.net/en/sm/sm10/105/high.png,0,Rare
sm10-106,UNB,SM,106,Stakataka,https://assets.tcgdex.net/en/sm/sm10/106/high.png,0,Rare
sm10-107,UNB,SM,107,Greninja & Zoroark GX,https://assets.tcgdex.net/en/sm/sm10/107/high.png,0,Ultra Rare
sm10-108,UNB,SM,108,Murkrow,https://assets.tcgdex.net/en/sm/sm10/108/high.png,0,Common
sm10-109,UNB,SM,109,Honchkrow GX,https://assets.tcgdex.net/en/sm/sm10/109/high.png,0,Ultra Rare
sm10-110,UNB,SM,110,Carvanha,https://assets.tcgdex.net/en/sm/sm10/110/high.png,0,Common
sm10-111,UNB,SM,111,Sharpedo,https://assets.tcgdex.net/en/sm/sm10/111/high.png,0,Rare
sm10-112,UNB,SM,112,Spiritomb,https://assets.tcgdex.net/en/sm/sm10/112/high.png,0,Rare
sm10-113,UNB,SM,113,Sandile,https://assets.tcgdex.net/en/sm/sm10/113/high.png,0,Common
sm10-114,UNB,SM,114,Sandile,https://assets.tcgdex.net/en/sm/sm10/114/high.png,0,Common
sm10-115,UNB,SM,115,Krokorok,https://assets.tcgdex.net/en/sm/sm10/115/high.png,0,Uncommon
sm10-116,UNB,SM,116,Krookodile,https://assets.tcgdex.net/en/sm/sm10/116/high.png,0,Rare
sm10-117,UNB,SM,117,Greninja,https://assets.tcgdex.net/en/sm/sm10/117/high.png,0,Rare
sm10-118,UNB,SM,118,Inkay,https://assets.tcgdex.net/en/sm/sm10/118/high.png,0,Common
sm10-119,UNB,SM,119,Malamar,https://assets.tcgdex.net/en/sm/sm10/119/high.png,0,Rare
sm10-120,UNB,SM,120,Lucario & Melmetal GX,https://assets.tcgdex.net/en/sm/sm10/120/high.png,0,Ultra Rare
sm10-121,UNB,SM,121,Alolan Diglett,https://assets.tcgdex.net/en/sm/sm10/121/high.png,0,Common
sm10-122,UNB,SM,122,Alolan Dugtrio,https://assets.tcgdex.net/en/sm/sm10/122/high.png,0,Rare
sm10-123,UNB,SM,123,Aron,https://assets.tcgdex.net/en/sm/sm10/123/high.png,0,Common
sm10-124,UNB,SM,124,Lairon,https://assets.tcgdex.net/en/sm/sm10/124/high.png,0,Uncommon
sm10-125,UNB,SM,125,Aggron,https://assets.tcgdex.net/en/sm/sm10/125/high.png,0,Rare
sm10-126,UNB,SM,126,Lucario,https://assets.tcgdex.net/en/sm/sm10/126/high.png,0,Rare
sm10-127,UNB,SM,127,Genesect,https://assets.tcgdex.net/en/sm/sm10/127/high.png,0,Rare
sm10-128,UNB,SM,128,Meltan,https://assets.tcgdex.net/en/sm/sm10/128/high.png,0,Common
sm10-129,UNB,SM,129,Melmetal,https://assets.tcgdex.net/en/sm/sm10/129/high.png,0,Rare
sm10-130,UNB,SM,130,Gardevoir & Sylveon GX,https://assets.tcgdex.net/en/sm/sm10/130/high.png,0,Ultra Rare
sm10-131,UNB,SM,131,Cleffa,https://assets.tcgdex.net/en/sm/sm10/131/high.png,0,Uncommon
sm10-132,UNB,SM,132,Clefairy,https://assets.tcgdex.net/en/sm/sm10/132/high.png,0,Common
sm10-133,UNB,SM,133,Clefable,https://assets.tcgdex.net/en/sm/sm10/133/high.png,0,Rare
sm10-134,UNB,SM,134,Jigglypuff,https://assets.tcgdex.net/en/sm/sm10/134/high.png,0,Common
sm10-135,UNB,SM,135,Wigglytuff,https://assets.tcgdex.net/en/sm/sm10/135/high.png,0,Rare
sm10-136,UNB,SM,136,Togepi,https://assets.tcgdex.net/en/sm/sm10/136/high.png,0,Common
sm10-137,UNB,SM,137,Togetic,https://assets.tcgdex.net/en/sm/sm10/137/high.png,0,Uncommon
sm10-138,UNB,SM,138,Togekiss,https://assets.tcgdex.net/en/sm/sm10/138/high.png,0,Rare
sm10-139,UNB,SM,139,Cottonee,https://assets.tcgdex.net/en/sm/sm10/139/high.png,0,Common
sm10-140,UNB,SM,140,Whimsicott GX,https://assets.tcgdex.net/en/sm/sm10/140/high.png,0,Ultra Rare
sm10-141,UNB,SM,141,Spritzee,https://assets.tcgdex.net/en/sm/sm10/141/high.png,0,Common
sm10-142,UNB,SM,142,Aromatisse,https://assets.tcgdex.net/en/sm/sm10/142/high.png,0,Rare
sm10-143,UNB,SM,143,Rattata,https://assets.tcgdex.net/en/sm/sm10/143/high.png,0,Common
sm10-144,UNB,SM,144,Raticate,https://assets.tcgdex.net/en/sm/sm10/144/high.png,0,Uncommon
sm10-145,UNB,SM,145,Spearow,https://assets.tcgdex.net/en/sm/sm10/145/high.png,0,Common
sm10-146,UNB,SM,146,Fearow,https://assets.tcgdex.net/en/sm/sm10/146/high.png,0,Uncommon
sm10-147,UNB,SM,147,Meowth,https://assets.tcgdex.net/en/sm/sm10/147/high.png,0,Common
sm10-148,UNB,SM,148,Persian,https://assets.tcgdex.net/en/sm/sm10/148/high.png,0,Rare
sm10-149,UNB,SM,149,Persian GX,https://assets.tcgdex.net/en/sm/sm10/149/high.png,0,Ultra Rare
sm10-150,UNB,SM,150,Doduo,https://assets.tcgdex.net/en/sm/sm10/150/high.png,0,Common
sm10-151,UNB,SM,151,Dodrio,https://assets.tcgdex.net/en/sm/sm10/151/high.png,0,Uncommon
sm10-152,UNB,SM,152,Lickitung,https://assets.tcgdex.net/en/sm/sm10/152/high.png,0,Common
sm10-153,UNB,SM,153,Lickilicky,https://assets.tcgdex.net/en/sm/sm10/153/high.png,0,Rare
sm10-154,UNB,SM,154,Porygon,https://assets.tcgdex.net/en/sm/sm10/154/high.png,0,Common
sm10-155,UNB,SM,155,Porygon,https://assets.tcgdex.net/en/sm/sm10/155/high.png,0,Common
sm10-156,UNB,SM,156,Porygon2,https://assets.tcgdex.net/en/sm/sm10/156/high.png,0,Uncommon
sm10-157,UNB,SM,157,Porygon-Z,https://assets.tcgdex.net/en/sm/sm10/157/high.png,0,Rare
sm10-158,UNB,SM,158,Snorlax,https://assets.tcgdex.net/en/sm/sm10/158/high.png,0,Rare
sm10-159,UNB,SM,159,Glameow,https://assets.tcgdex.net/en/sm/sm10/159/high.png,0,Common
sm10-160,UNB,SM,160,Purugly,https://assets.tcgdex.net/en/sm/sm10/160/high.png,0,Rare
sm10-161,UNB,SM,161,Happiny,https://assets.tcgdex.net/en/sm/sm10/161/high.png,0,Uncommon
sm10-162,UNB,SM,162,Chatot,https://assets.tcgdex.net/en/sm/sm10/162/high.png,0,Uncommon
sm10-163,UNB,SM,163,Celesteela GX,https://assets.tcgdex.net/en/sm/sm10/163/high.png,0,Ultra Rare
sm10-191,UNB,SM,191,Pheromosa & Buzzwole GX,https://assets.tcgdex.net/en/sm/sm10/191/high.png,0,Ultra Rare
sm10-192,UNB,SM,192,Pheromosa & Buzzwole GX,https://assets.tcgdex.net/en/sm/sm10/192/high.png,0,Ultra Rare
sm10-193,UNB,SM,193,Venomoth GX,https://assets.tcgdex.net/en/sm/sm10/193/high.png,0,Ultra Rare
sm10-194,UNB,SM,194,Reshiram & Charizard GX,https://assets.tcgdex.net/en/sm/sm10/194/high.png,0,Ultra Rare
sm10-195,UNB,SM,195,Dedenne GX,https://assets.tcgdex.net/en/sm/sm10/195/high.png,0,Ultra Rare
sm10-196,UNB,SM,196,Muk & Alolan Muk GX,https://assets.tcgdex.net/en/sm/sm10/196/high.png,0,Ultra Rare
sm10-197,UNB,SM,197,Muk & Alolan Muk GX,https://assets.tcgdex.net/en/sm/sm10/197/high.png,0,Ultra Rare
sm10-198,UNB,SM,198,Marshadow & Machamp GX,https://assets.tcgdex.net/en/sm/sm10/198/high.png,0,Ultra Rare
sm10-199,UNB,SM,199,Marshadow & Machamp GX,https://assets.tcgdex.net/en/sm/sm10/199/high.png,0,Ultra Rare
sm10-200,UNB,SM,200,Greninja & Zoroark GX,https://assets.tcgdex.net/en/sm/sm10/200/high.png,0,Ultra Rare
sm10-201,UNB,SM,201,Greninja & Zoroark GX,https://assets.tcgdex.net/en/sm/sm10/201/high.png,0,Ultra Rare
sm10-202,UNB,SM,202,Honchkrow GX,https://assets.tcgdex.net/en/sm/sm10/202/high.png,0,Ultra Rare
sm10-203,UNB,SM,203,Lucario & Melmetal GX,https://assets.tcgdex.net/en/sm/sm10/203/high.png,0,Ultra Rare
sm10-204,UNB,SM,204,Gardevoir & Sylveon GX,https://assets.tcgdex.net/en/sm/sm10/204/high.png,0,Ultra Rare
sm10-205,UNB,SM,205,Gardevoir & Sylveon GX,https://assets.tcgdex.net/en/sm/sm10/205/high.png,0,Ultra Rare
sm10-206,UNB,SM,206,Whimsicott GX,https://assets.tcgdex.net/en/sm/sm10/206/high.png,0,Ultra Rare
sm10-207,UNB,SM,207,Persian GX,https://assets.tcgdex.net/en/sm/sm10/207/high.png,0,Ultra Rare
sm10-208,UNB,SM,208,Celesteela GX,https://assets.tcgdex.net/en/sm/sm10/208/high.png,0,Ultra Rare
sm10-215,UNB,SM,215,Pheromosa & Buzzwole GX,https://assets.tcgdex.net/en/sm/sm10/215/high.png,0,Secret Rare
sm10-216,UNB,SM,216,Venomoth GX,https://assets.tcgdex.net/en/sm/sm10/216/high.png,0,Secret Rare
sm10-217,UNB,SM,217,Reshiram & Charizard GX,https://assets.tcgdex.net/en/sm/sm10/217/high.png,0,Secret Rare
sm10-218,UNB,SM,218,Blastoise GX,https://assets.tcgdex.net/en/sm/sm10/218/high.png,0,Secret Rare
sm10-219,UNB,SM,219,Dedenne GX,https://assets.tcgdex.net/en/sm/sm10/219/high.png,0,Secret Rare
sm10-220,UNB,SM,220,Muk & Alolan Muk GX,https://assets.tcgdex.net/en/sm/sm10/220/high.png,0,Secret Rare
sm10-221,UNB,SM,221,Marshadow & Machamp GX,https://assets.tcgdex.net/en/sm/sm10/221/high.png,0,Secret Rare
sm10-222,UNB,SM,222,Greninja & Zoroark GX,https://assets.tcgdex.net/en/sm/sm10/222/high.png,0,Secret Rare
sm10-223,UNB,SM,223,Honchkrow GX,https://assets.tcgdex.net/en/sm/sm10/223/high.png,0,Secret Rare
sm10-224,UNB,SM,224,Lucario & Melmetal GX,https://assets.tcgdex.net/en/sm/sm10/224/high.png,0,Secret Rare
sm10-225,UNB,SM,225,Gardevoir & Sylveon GX,https://assets.tcgdex.net/en/sm/sm10/225/high.png,0,Secret Rare
sm10-226,UNB,SM,226,Whimsicott GX,https://assets.tcgdex.net/en/sm/sm10/226/high.png,0,Secret Rare
sm10-227,UNB,SM,227,Persian GX,https://assets.tcgdex.net/en/sm/sm10/227/high.png,0,Secret Rare
sm10-228,UNB,SM,228,Celesteela GX,https://assets.tcgdex.net/en/sm/sm10/228/high.png,0,Secret Rare
sm11-1,UNM,SM,1,Rowlet & Alolan Exeggutor GX,https://assets.tcgdex.net/en/sm/sm11/1/high.png,0,Ultra Rare
sm11-2,UNM,SM,2,Yanma,https://assets.tcgdex.net/en/sm/sm11/2/high.png,0,Common
sm11-3,UNM,SM,3,Yanmega,https://assets.tcgdex.net/en/sm/sm11/3/high.png,0,Uncommon
sm11-4,UNM,SM,4,Celebi,https://assets.tcgdex.net/en/sm/sm11/4/high.png,0,Rare
sm11-5,UNM,SM,5,Shroomish,https://assets.tcgdex.net/en/sm/sm11/5/high.png,0,Common
sm11-6,UNM,SM,6,Sewaddle,https://assets.tcgdex.net/en/sm/sm11/6/high.png,0,Common
sm11-7,UNM,SM,7,Sewaddle,https://assets.tcgdex.net/en/sm/sm11/7/high.png,0,Common
sm11-8,UNM,SM,8,Swadloon,https://assets.tcgdex.net/en/sm/sm11/8/high.png,0,Uncommon
sm11-9,UNM,SM,9,Leavanny,https://assets.tcgdex.net/en/sm/sm11/9/high.png,0,Rare
sm11-10,UNM,SM,10,Dwebble,https://assets.tcgdex.net/en/sm/sm11/10/high.png,0,Common
sm11-11,UNM,SM,11,Crustle,https://assets.tcgdex.net/en/sm/sm11/11/high.png,0,Rare
sm11-12,UNM,SM,12,Karrablast,https://assets.tcgdex.net/en/sm/sm11/12/high.png,0,Common
sm11-13,UNM,SM,13,Foongus,https://assets.tcgdex.net/en/sm/sm11/13/high.png,0,Common
sm11-14,UNM,SM,14,Amoonguss,https://assets.tcgdex.net/en/sm/sm11/14/high.png,0,Rare
sm11-15,UNM,SM,15,Fomantis,https://assets.tcgdex.net/en/sm/sm11/15/high.png,0,Common
sm11-16,UNM,SM,16,Lurantis,https://assets.tcgdex.net/en/sm/sm11/16/high.png,0,Uncommon
sm11-17,UNM,SM,17,Bounsweet,https://assets.tcgdex.net/en/sm/sm11/17/high.png,0,Common
sm11-18,UNM,SM,18,Steenee,https://assets.tcgdex.net/en/sm/sm11/18/high.png,0,Uncommon
sm11-19,UNM,SM,19,Tsareena,https://assets.tcgdex.net/en/sm/sm11/19/high.png,0,Rare
sm11-20,UNM,SM,20,Dhelmise,https://assets.tcgdex.net/en/sm/sm11/20/high.png,0,Uncommon
sm11-21,UNM,SM,21,Magmar,https://assets.tcgdex.net/en/sm/sm11/21/high.png,0,Common
sm11-22,UNM,SM,22,Magmortar,https://assets.tcgdex.net/en/sm/sm11/22/high.png,0,Rare
sm11-23,UNM,SM,23,Numel,https://assets.tcgdex.net/en/sm/sm11/23/high.png,0,Common
sm11-24,UNM,SM,24,Camerupt,https://assets.tcgdex.net/en/sm/sm11/24/high.png,0,Rare
sm11-25,UNM,SM,25,Heatran GX,https://assets.tcgdex.net/en/sm/sm11/25/high.png,0,Ultra Rare
sm11-26,UNM,SM,26,Victini,https://assets.tcgdex.net/en/sm/sm11/26/high.png,0,Rare
sm11-27,UNM,SM,27,Litwick,https://assets.tcgdex.net/en/sm/sm11/27/high.png,0,Common
sm11-28,UNM,SM,28,Litwick,https://assets.tcgdex.net/en/sm/sm11/28/high.png,0,Common
sm11-29,UNM,SM,29,Lampent,https://assets.tcgdex.net/en/sm/sm11/29/high.png,0,Uncommon
sm11-30,UNM,SM,30,Chandelure,https://assets.tcgdex.net/en/sm/sm11/30/high.png,0,Rare
sm11-31,UNM,SM,31,Fletchinder,https://assets.tcgdex.net/en/sm/sm11/31/high.png,0,Common
sm11-32,UNM,SM,32,Talonflame,https://assets.tcgdex.net/en/sm/sm11/32/high.png,0,Rare
sm11-33,UNM,SM,33,Salandit,https://assets.tcgdex.net/en/sm/sm11/33/high.png,0,Common
sm11-34,UNM,SM,34,Salazzle,https://assets.tcgdex.net/en/sm/sm11/34/high.png,0,Rare
sm11-35,UNM,SM,35,Slowpoke & Psyduck GX,https://assets.tcgdex.net/en/sm/sm11/35/high.png,0,Ultra Rare
sm11-36,UNM,SM,36,Lapras,https://assets.tcgdex.net/en/sm/sm11/36/high.png,0,Uncommon
sm11-37,UNM,SM,37,Snorunt,https://assets.tcgdex.net/en/sm/sm11/37/high.png,0,Common
sm11-38,UNM,SM,38,Froslass,https://assets.tcgdex.net/en/sm/sm11/38/high.png,0,Rare
sm11-39,UNM,SM,39,Finneon,https://assets.tcgdex.net/en/sm/sm11/39/high.png,0,Common
sm11-40,UNM,SM,40,Lumineon,https://assets.tcgdex.net/en/sm/sm11/40/high.png,0,Uncommon
sm11-41,UNM,SM,41,Snover,https://assets.tcgdex.net/en/sm/sm11/41/high.png,0,Common
sm11-42,UNM,SM,42,Abomasnow,https://assets.tcgdex.net/en/sm/sm11/42/high.png,0,Rare
sm11-43,UNM,SM,43,Basculin,https://assets.tcgdex.net/en/sm/sm11/43/high.png,0,Uncommon
sm11-44,UNM,SM,44,Tirtouga,https://assets.tcgdex.net/en/sm/sm11/44/high.png,0,Uncommon
sm11-45,UNM,SM,45,Carracosta,https://assets.tcgdex.net/en/sm/sm11/45/high.png,0,Uncommon
sm11-46,UNM,SM,46,Cryogonal,https://assets.tcgdex.net/en/sm/sm11/46/high.png,0,Common
sm11-47,UNM,SM,47,Keldeo GX,https://assets.tcgdex.net/en/sm/sm11/47/high.png,0,Ultra Rare
sm11-48,UNM,SM,48,Dewpider,https://assets.tcgdex.net/en/sm/sm11/48/high.png,0,Common
sm11-49,UNM,SM,49,Araquanid,https://assets.tcgdex.net/en/sm/sm11/49/high.png,0,Rare
sm11-50,UNM,SM,50,Wimpod,https://assets.tcgdex.net/en/sm/sm11/50/high.png,0,Common
sm11-51,UNM,SM,51,Golisopod,https://assets.tcgdex.net/en/sm/sm11/51/high.png,0,Rare
sm11-52,UNM,SM,52,Pyukumuku,https://assets.tcgdex.net/en/sm/sm11/52/high.png,0,Uncommon
sm11-53,UNM,SM,53,Tapu Fini,https://assets.tcgdex.net/en/sm/sm11/53/high.png,0,Rare
sm11-54,UNM,SM,54,Raichu & Alolan Raichu GX,https://assets.tcgdex.net/en/sm/sm11/54/high.png,0,Ultra Rare
sm11-55,UNM,SM,55,Pikachu,https://assets.tcgdex.net/en/sm/sm11/55/high.png,0,Common
sm11-56,UNM,SM,56,Pikachu,https://assets.tcgdex.net/en/sm/sm11/56/high.png,0,Common
sm11-57,UNM,SM,57,Alolan Raichu,https://assets.tcgdex.net/en/sm/sm11/57/high.png,0,Rare
sm11-58,UNM,SM,58,Magnemite,https://assets.tcgdex.net/en/sm/sm11/58/high.png,0,Common
sm11-59,UNM,SM,59,Magneton,https://assets.tcgdex.net/en/sm/sm11/59/high.png,0,Uncommon
sm11-60,UNM,SM,60,Magnezone,https://assets.tcgdex.net/en/sm/sm11/60/high.png,0,Rare
sm11-61,UNM,SM,61,Joltik,https://assets.tcgdex.net/en/sm/sm11/61/high.png,0,Common
sm11-62,UNM,SM,62,Galvantula,https://assets.tcgdex.net/en/sm/sm11/62/high.png,0,Rare
sm11-63,UNM,SM,63,Tynamo,https://assets.tcgdex.net/en/sm/sm11/63/high.png,0,Common
sm11-64,UNM,SM,64,Tynamo,https://assets.tcgdex.net/en/sm/sm11/64/high.png,0,Common
sm11-65,UNM,SM,65,Eelektrik,https://assets.tcgdex.net/en/sm/sm11/65/high.png,0,Uncommon
sm11-66,UNM,SM,66,Eelektross,https://assets.tcgdex.net/en/sm/sm11/66/high.png,0,Rare
sm11-67,UNM,SM,67,Stunfisk,https://assets.tcgdex.net/en/sm/sm11/67/high.png,0,Common
sm11-68,UNM,SM,68,Thundurus,https://assets.tcgdex.net/en/sm/sm11/68/high.png,0,Uncommon
sm11-69,UNM,SM,69,Tapu Koko,https://assets.tcgdex.net/en/sm/sm11/69/high.png,0,Rare
sm11-70,UNM,SM,70,Xurkitree,https://assets.tcgdex.net/en/sm/sm11/70/high.png,0,Rare
sm11-71,UNM,SM,71,Mewtwo & Mew GX,https://assets.tcgdex.net/en/sm/sm11/71/high.png,0,Ultra Rare
sm11-72,UNM,SM,72,Espeon & Deoxys GX,https://assets.tcgdex.net/en/sm/sm11/72/high.png,0,Ultra Rare
sm11-73,UNM,SM,73,Exeggcute,https://assets.tcgdex.net/en/sm/sm11/73/high.png,0,Common
sm11-74,UNM,SM,74,Exeggutor,https://assets.tcgdex.net/en/sm/sm11/74/high.png,0,Rare
sm11-75,UNM,SM,75,Alolan Marowak,https://assets.tcgdex.net/en/sm/sm11/75/high.png,0,Rare
sm11-76,UNM,SM,76,Jynx,https://assets.tcgdex.net/en/sm/sm11/76/high.png,0,Uncommon
sm11-77,UNM,SM,77,Wynaut,https://assets.tcgdex.net/en/sm/sm11/77/high.png,0,Uncommon
sm11-78,UNM,SM,78,Latios GX,https://assets.tcgdex.net/en/sm/sm11/78/high.png,0,Ultra Rare
sm11-79,UNM,SM,79,Jirachi GX,https://assets.tcgdex.net/en/sm/sm11/79/high.png,0,Ultra Rare
sm11-80,UNM,SM,80,Drifloon,https://assets.tcgdex.net/en/sm/sm11/80/high.png,0,Common
sm11-81,UNM,SM,81,Drifblim,https://assets.tcgdex.net/en/sm/sm11/81/high.png,0,Rare
sm11-82,UNM,SM,82,Skorupi,https://assets.tcgdex.net/en/sm/sm11/82/high.png,0,Common
sm11-83,UNM,SM,83,Uxie,https://assets.tcgdex.net/en/sm/sm11/83/high.png,0,Rare
sm11-84,UNM,SM,84,Mesprit,https://assets.tcgdex.net/en/sm/sm11/84/high.png,0,Uncommon
sm11-85,UNM,SM,85,Azelf,https://assets.tcgdex.net/en/sm/sm11/85/high.png,0,Uncommon
sm11-86,UNM,SM,86,Giratina,https://assets.tcgdex.net/en/sm/sm11/86/high.png,0,Rare
sm11-87,UNM,SM,87,Cresselia,https://assets.tcgdex.net/en/sm/sm11/87/high.png,0,Uncommon
sm11-88,UNM,SM,88,Munna,https://assets.tcgdex.net/en/sm/sm11/88/high.png,0,Common
sm11-89,UNM,SM,89,Musharna,https://assets.tcgdex.net/en/sm/sm11/89/high.png,0,Uncommon
sm11-90,UNM,SM,90,Elgyem,https://assets.tcgdex.net/en/sm/sm11/90/high.png,0,Uncommon
sm11-91,UNM,SM,91,Beheeyem,https://assets.tcgdex.net/en/sm/sm11/91/high.png,0,Rare
sm11-92,UNM,SM,92,Honedge,https://assets.tcgdex.net/en/sm/sm11/92/high.png,0,Common
sm11-93,UNM,SM,93,Honedge,https://assets.tcgdex.net/en/sm/sm11/93/high.png,0,Common
sm11-94,UNM,SM,94,Doublade,https://assets.tcgdex.net/en/sm/sm11/94/high.png,0,Uncommon
sm11-95,UNM,SM,95,Aegislash,https://assets.tcgdex.net/en/sm/sm11/95/high.png,0,Rare
sm11-96,UNM,SM,96,Mareanie,https://assets.tcgdex.net/en/sm/sm11/96/high.png,0,Common
sm11-97,UNM,SM,97,Toxapex,https://assets.tcgdex.net/en/sm/sm11/97/high.png,0,Rare
sm11-98,UNM,SM,98,Salandit,https://assets.tcgdex.net/en/sm/sm11/98/high.png,0,Common
sm11-99,UNM,SM,99,Salazzle,https://assets.tcgdex.net/en/sm/sm11/99/high.png,0,Rare
sm11-100,UNM,SM,100,Cosmog,https://assets.tcgdex.net/en/sm/sm11/100/high.png,0,Common
sm11-101,UNM,SM,101,Necrozma,https://assets.tcgdex.net/en/sm/sm11/101/high.png,0,Rare
sm11-102,UNM,SM,102,Poipole,https://assets.tcgdex.net/en/sm/sm11/102/high.png,0,Common
sm11-103,UNM,SM,103,Onix,https://assets.tcgdex.net/en/sm/sm11/103/high.png,0,Common
sm11-104,UNM,SM,104,Steelix,https://assets.tcgdex.net/en/sm/sm11/104/high.png,0,Rare
sm11-105,UNM,SM,105,Cubone,https://assets.tcgdex.net/en/sm/sm11/105/high.png,0,Common
sm11-106,UNM,SM,106,Aerodactyl GX,https://assets.tcgdex.net/en/sm/sm11/106/high.png,0,Ultra Rare
sm11-107,UNM,SM,107,Heracross,https://assets.tcgdex.net/en/sm/sm11/107/high.png,0,Uncommon
sm11-108,UNM,SM,108,Breloom,https://assets.tcgdex.net/en/sm/sm11/108/high.png,0,Uncommon
sm11-109,UNM,SM,109,Meditite,https://assets.tcgdex.net/en/sm/sm11/109/high.png,0,Common
sm11-110,UNM,SM,110,Medicham,https://assets.tcgdex.net/en/sm/sm11/110/high.png,0,Rare
sm11-111,UNM,SM,111,Relicanth,https://assets.tcgdex.net/en/sm/sm11/111/high.png,0,Uncommon
sm11-112,UNM,SM,112,Gible,https://assets.tcgdex.net/en/sm/sm11/112/high.png,0,Common
sm11-113,UNM,SM,113,Gabite,https://assets.tcgdex.net/en/sm/sm11/113/high.png,0,Uncommon
sm11-114,UNM,SM,114,Garchomp,https://assets.tcgdex.net/en/sm/sm11/114/high.png,0,Rare
sm11-115,UNM,SM,115,Riolu,https://assets.tcgdex.net/en/sm/sm11/115/high.png,0,Common
sm11-116,UNM,SM,116,Riolu,https://assets.tcgdex.net/en/sm/sm11/116/high.png,0,Common
sm11-117,UNM,SM,117,Lucario,https://assets.tcgdex.net/en/sm/sm11/117/high.png,0,Rare
sm11-118,UNM,SM,118,Drilbur,https://assets.tcgdex.net/en/sm/sm11/118/high.png,0,Common
sm11-119,UNM,SM,119,Excadrill,https://assets.tcgdex.net/en/sm/sm11/119/high.png,0,Rare
sm11-120,UNM,SM,120,Archen,https://assets.tcgdex.net/en/sm/sm11/120/high.png,0,Uncommon
sm11-121,UNM,SM,121,Archeops,https://assets.tcgdex.net/en/sm/sm11/121/high.png,0,Rare
sm11-122,UNM,SM,122,Terrakion,https://assets.tcgdex.net/en/sm/sm11/122/high.png,0,Rare
sm11-123,UNM,SM,123,Meloetta,https://assets.tcgdex.net/en/sm/sm11/123/high.png,0,Rare
sm11-124,UNM,SM,124,Zygarde,https://assets.tcgdex.net/en/sm/sm11/124/high.png,0,Rare
sm11-125,UNM,SM,125,Umbreon & Darkrai GX,https://assets.tcgdex.net/en/sm/sm11/125/high.png,0,Ultra Rare
sm11-126,UNM,SM,126,Mega Sableye & Tyranitar GX,https://assets.tcgdex.net/en/sm/sm11/126/high.png,0,Ultra Rare
sm11-127,UNM,SM,127,Alolan Grimer,https://assets.tcgdex.net/en/sm/sm11/127/high.png,0,Common
sm11-128,UNM,SM,128,Murkrow,https://assets.tcgdex.net/en/sm/sm11/128/high.png,0,Common
sm11-129,UNM,SM,129,Murkrow,https://assets.tcgdex.net/en/sm/sm11/129/high.png,0,Common
sm11-130,UNM,SM,130,Honchkrow,https://assets.tcgdex.net/en/sm/sm11/130/high.png,0,Rare
sm11-131,UNM,SM,131,Sneasel,https://assets.tcgdex.net/en/sm/sm11/131/high.png,0,Common
sm11-132,UNM,SM,132,Weavile GX,https://assets.tcgdex.net/en/sm/sm11/132/high.png,0,Ultra Rare
sm11-133,UNM,SM,133,Sableye,https://assets.tcgdex.net/en/sm/sm11/133/high.png,0,Uncommon
sm11-134,UNM,SM,134,Drapion,https://assets.tcgdex.net/en/sm/sm11/134/high.png,0,Rare
sm11-135,UNM,SM,135,Purrloin,https://assets.tcgdex.net/en/sm/sm11/135/high.png,0,Common
sm11-136,UNM,SM,136,Liepard,https://assets.tcgdex.net/en/sm/sm11/136/high.png,0,Rare
sm11-137,UNM,SM,137,Scraggy,https://assets.tcgdex.net/en/sm/sm11/137/high.png,0,Common
sm11-138,UNM,SM,138,Scrafty,https://assets.tcgdex.net/en/sm/sm11/138/high.png,0,Rare
sm11-139,UNM,SM,139,Yveltal,https://assets.tcgdex.net/en/sm/sm11/139/high.png,0,Rare
sm11-140,UNM,SM,140,Hoopa,https://assets.tcgdex.net/en/sm/sm11/140/high.png,0,Rare
sm11-141,UNM,SM,141,Mawile GX,https://assets.tcgdex.net/en/sm/sm11/141/high.png,0,Ultra Rare
sm11-142,UNM,SM,142,Escavalier,https://assets.tcgdex.net/en/sm/sm11/142/high.png,0,Rare
sm11-143,UNM,SM,143,Cottonee,https://assets.tcgdex.net/en/sm/sm11/143/high.png,0,Common
sm11-144,UNM,SM,144,Whimsicott,https://assets.tcgdex.net/en/sm/sm11/144/high.png,0,Rare
sm11-145,UNM,SM,145,Dedenne,https://assets.tcgdex.net/en/sm/sm11/145/high.png,0,Uncommon
sm11-146,UNM,SM,146,Garchomp & Giratina GX,https://assets.tcgdex.net/en/sm/sm11/146/high.png,0,Ultra Rare
sm11-147,UNM,SM,147,Dratini,https://assets.tcgdex.net/en/sm/sm11/147/high.png,0,Common
sm11-148,UNM,SM,148,Dratini,https://assets.tcgdex.net/en/sm/sm11/148/high.png,0,Common
sm11-149,UNM,SM,149,Dragonair,https://assets.tcgdex.net/en/sm/sm11/149/high.png,0,Uncommon
sm11-150,UNM,SM,150,Dragonair,https://assets.tcgdex.net/en/sm/sm11/150/high.png,0,Uncommon
sm11-151,UNM,SM,151,Dragonite,https://assets.tcgdex.net/en/sm/sm11/151/high.png,0,Rare
sm11-152,UNM,SM,152,Dragonite GX,https://assets.tcgdex.net/en/sm/sm11/152/high.png,0,Ultra Rare
sm11-153,UNM,SM,153,Latias,https://assets.tcgdex.net/en/sm/sm11/153/high.png,0,Rare
sm11-154,UNM,SM,154,Axew,https://assets.tcgdex.net/en/sm/sm11/154/high.png,0,Common
sm11-155,UNM,SM,155,Fraxure,https://assets.tcgdex.net/en/sm/sm11/155/high.png,0,Uncommon
sm11-156,UNM,SM,156,Haxorus,https://assets.tcgdex.net/en/sm/sm11/156/high.png,0,Rare
sm11-157,UNM,SM,157,Druddigon,https://assets.tcgdex.net/en/sm/sm11/157/high.png,0,Common
sm11-158,UNM,SM,158,Noibat,https://assets.tcgdex.net/en/sm/sm11/158/high.png,0,Common
sm11-159,UNM,SM,159,Noivern,https://assets.tcgdex.net/en/sm/sm11/159/high.png,0,Rare
sm11-160,UNM,SM,160,Naganadel GX,https://assets.tcgdex.net/en/sm/sm11/160/high.png,0,Ultra Rare
sm11-161,UNM,SM,161,Lickitung,https://assets.tcgdex.net/en/sm/sm11/161/high.png,0,Common
sm11-162,UNM,SM,162,Lickilicky,https://assets.tcgdex.net/en/sm/sm11/162/high.png,0,Rare
sm11-163,UNM,SM,163,Kangaskhan,https://assets.tcgdex.net/en/sm/sm11/163/high.png,0,Rare
sm11-164,UNM,SM,164,Tauros,https://assets.tcgdex.net/en/sm/sm11/164/high.png,0,Uncommon
sm11-165,UNM,SM,165,Hoothoot,https://assets.tcgdex.net/en/sm/sm11/165/high.png,0,Common
sm11-166,UNM,SM,166,Noctowl,https://assets.tcgdex.net/en/sm/sm11/166/high.png,0,Uncommon
sm11-167,UNM,SM,167,Slakoth,https://assets.tcgdex.net/en/sm/sm11/167/high.png,0,Common
sm11-168,UNM,SM,168,Slakoth,https://assets.tcgdex.net/en/sm/sm11/168/high.png,0,Common
sm11-169,UNM,SM,169,Vigoroth,https://assets.tcgdex.net/en/sm/sm11/169/high.png,0,Uncommon
sm11-170,UNM,SM,170,Slaking,https://assets.tcgdex.net/en/sm/sm11/170/high.png,0,Rare
sm11-171,UNM,SM,171,Bidoof,https://assets.tcgdex.net/en/sm/sm11/171/high.png,0,Common
sm11-172,UNM,SM,172,Bibarel,https://assets.tcgdex.net/en/sm/sm11/172/high.png,0,Uncommon
sm11-173,UNM,SM,173,Munchlax,https://assets.tcgdex.net/en/sm/sm11/173/high.png,0,Uncommon
sm11-174,UNM,SM,174,Pidove,https://assets.tcgdex.net/en/sm/sm11/174/high.png,0,Common
sm11-175,UNM,SM,175,Tranquill,https://assets.tcgdex.net/en/sm/sm11/175/high.png,0,Uncommon
sm11-176,UNM,SM,176,Unfezant,https://assets.tcgdex.net/en/sm/sm11/176/high.png,0,Rare
sm11-177,UNM,SM,177,Audino,https://assets.tcgdex.net/en/sm/sm11/177/high.png,0,Uncommon
sm11-178,UNM,SM,178,Tornadus,https://assets.tcgdex.net/en/sm/sm11/178/high.png,0,Uncommon
sm11-179,UNM,SM,179,Fletchling,https://assets.tcgdex.net/en/sm/sm11/179/high.png,0,Common
sm11-180,UNM,SM,180,Yungoos,https://assets.tcgdex.net/en/sm/sm11/180/high.png,0,Common
sm11-181,UNM,SM,181,Gumshoos,https://assets.tcgdex.net/en/sm/sm11/181/high.png,0,Rare
sm11-182,UNM,SM,182,Oranguru,https://assets.tcgdex.net/en/sm/sm11/182/high.png,0,Uncommon
sm11-183,UNM,SM,183,Type: Null,https://assets.tcgdex.net/en/sm/sm11/183/high.png,0,Uncommon
sm11-184,UNM,SM,184,Silvally,https://assets.tcgdex.net/en/sm/sm11/184/high.png,0,Rare
sm11-185,UNM,SM,185,Komala,https://assets.tcgdex.net/en/sm/sm11/185/high.png,0,Uncommon
sm11-214,UNM,SM,214,Rowlet & Alolan Exeggutor GX,https://assets.tcgdex.net/en/sm/sm11/214/high.png,0,Ultra Rare
sm11-215,UNM,SM,215,Rowlet & Alolan Exeggutor GX,https://assets.tcgdex.net/en/sm/sm11/215/high.png,0,Ultra Rare
sm11-216,UNM,SM,216,Heatran GX,https://assets.tcgdex.net/en/sm/sm11/216/high.png,0,Ultra Rare
sm11-217,UNM,SM,217,Slowpoke & Psyduck GX,https://assets.tcgdex.net/en/sm/sm11/217/high.png,0,Ultra Rare
sm11-218,UNM,SM,218,Slowpoke & Psyduck GX,https://assets.tcgdex.net/en/sm/sm11/218/high.png,0,Ultra Rare
sm11-219,UNM,SM,219,Keldeo GX,https://assets.tcgdex.net/en/sm/sm11/219/high.png,0,Ultra Rare
sm11-220,UNM,SM,220,Raichu & Alolan Raichu GX,https://assets.tcgdex.net/en/sm/sm11/220/high.png,0,Ultra Rare
sm11-221,UNM,SM,221,Raichu & Alolan Raichu GX,https://assets.tcgdex.net/en/sm/sm11/221/high.png,0,Ultra Rare
sm11-222,UNM,SM,222,Mewtwo & Mew GX,https://assets.tcgdex.net/en/sm/sm11/222/high.png,0,Ultra Rare
sm11-223,UNM,SM,223,Latios GX,https://assets.tcgdex.net/en/sm/sm11/223/high.png,0,Ultra Rare
sm11-224,UNM,SM,224,Aerodactyl GX,https://assets.tcgdex.net/en/sm/sm11/224/high.png,0,Ultra Rare
sm11-225,UNM,SM,225,Mega Sableye & Tyranitar GX,https://assets.tcgdex.net/en/sm/sm11/225/high.png,0,Ultra Rare
sm11-226,UNM,SM,226,Mega Sableye & Tyranitar GX,https://assets.tcgdex.net/en/sm/sm11/226/high.png,0,Ultra Rare
sm11-227,UNM,SM,227,Mawile GX,https://assets.tcgdex.net/en/sm/sm11/227/high.png,0,Ultra Rare
sm11-228,UNM,SM,228,Garchomp & Giratina GX,https://assets.tcgdex.net/en/sm/sm11/228/high.png,0,Ultra Rare
sm11-229,UNM,SM,229,Dragonite GX,https://assets.tcgdex.net/en/sm/sm11/229/high.png,0,Ultra Rare
sm11-230,UNM,SM,230,Naganadel GX,https://assets.tcgdex.net/en/sm/sm11/230/high.png,0,Ultra Rare
sm11-237,UNM,SM,237,Rowlet & Alolan Exeggutor GX,https://assets.tcgdex.net/en/sm/sm11/237/high.png,0,Secret Rare
sm11-238,UNM,SM,238,Heatran GX,https://assets.tcgdex.net/en/sm/sm11/238/high.png,0,Secret Rare
sm11-239,UNM,SM,239,Slowpoke & Psyduck GX,https://assets.tcgdex.net/en/sm/sm11/239/high.png,0,Secret Rare
sm11-240,UNM,SM,240,Keldeo GX,https://assets.tcgdex.net/en/sm/sm11/240/high.png,0,Secret Rare
sm11-241,UNM,SM,241,Raichu & Alolan Raichu GX,https://assets.tcgdex.net/en/sm/sm11/241/high.png,0,Secret Rare
sm11-242,UNM,SM,242,Mewtwo & Mew GX,https://assets.tcgdex.net/en/sm/sm11/242/high.png,0,Secret Rare
sm11-243,UNM,SM,243,Latios GX,https://assets.tcgdex.net/en/sm/sm11/243/high.png,0,Secret Rare
sm11-244,UNM,SM,244,Aerodactyl GX,https://assets.tcgdex.net/en/sm/sm11/244/high.png,0,Secret Rare
sm11-245,UNM,SM,245,Mega Sableye & Tyranitar GX,https://assets.tcgdex.net/en/sm/sm11/245/high.png,0,Secret Rare
sm11-246,UNM,SM,246,Mawile GX,https://assets.tcgdex.net/en/sm/sm11/246/high.png,0,Secret Rare
sm11-247,UNM,SM,247,Garchomp & Giratina GX,https://assets.tcgdex.net/en/sm/sm11/247/high.png,0,Secret Rare
sm11-248,UNM,SM,248,Dragonite GX,https://assets.tcgdex.net/en/sm/sm11/248/high.png,0,Secret Rare
sm11-249,UNM,SM,249,Naganadel GX,https://assets.tcgdex.net/en/sm/sm11/249/high.png,0,Secret Rare
sm115-1,HIF,SM,1,Caterpie,https://assets.tcgdex.net/en/sm/sm115/1/high.png,0,Common
sm115-2,HIF,SM,2,Metapod,https://assets.tcgdex.net/en/sm/sm115/2/high.png,0,Uncommon
sm115-3,HIF,SM,3,Butterfree,https://assets.tcgdex.net/en/sm/sm115/3/high.png,0,Rare
sm115-4,HIF,SM,4,Paras,https://assets.tcgdex.net/en/sm/sm115/4/high.png,0,Common
sm115-5,HIF,SM,5,Scyther,https://assets.tcgdex.net/en/sm/sm115/5/high.png,0,Uncommon
sm115-6,HIF,SM,6,Pinsir GX,https://assets.tcgdex.net/en/sm/sm115/6/high.png,0,Ultra Rare
sm115-7,HIF,SM,7,Charmander,https://assets.tcgdex.net/en/sm/sm115/7/high.png,0,Common
sm115-8,HIF,SM,8,Charmeleon,https://assets.tcgdex.net/en/sm/sm115/8/high.png,0,Uncommon
sm115-9,HIF,SM,9,Charizard GX,https://assets.tcgdex.net/en/sm/sm115/9/high.png,0,Ultra Rare
sm115-10,HIF,SM,10,Magmar,https://assets.tcgdex.net/en/sm/sm115/10/high.png,0,Uncommon
sm115-11,HIF,SM,11,Psyduck,https://assets.tcgdex.net/en/sm/sm115/11/high.png,0,Common
sm115-12,HIF,SM,12,Slowpoke,https://assets.tcgdex.net/en/sm/sm115/12/high.png,0,Common
sm115-13,HIF,SM,13,Staryu,https://assets.tcgdex.net/en/sm/sm115/13/high.png,0,Common
sm115-14,HIF,SM,14,Starmie GX,https://assets.tcgdex.net/en/sm/sm115/14/high.png,0,Ultra Rare
sm115-15,HIF,SM,15,Magikarp,https://assets.tcgdex.net/en/sm/sm115/15/high.png,0,Common
sm115-16,HIF,SM,16,Gyarados GX,https://assets.tcgdex.net/en/sm/sm115/16/high.png,0,Ultra Rare
sm115-17,HIF,SM,17,Lapras,https://assets.tcgdex.net/en/sm/sm115/17/high.png,0,Rare
sm115-18,HIF,SM,18,Vaporeon,https://assets.tcgdex.net/en/sm/sm115/18/high.png,0,Rare
sm115-19,HIF,SM,19,Pikachu,https://assets.tcgdex.net/en/sm/sm115/19/high.png,0,Common
sm115-20,HIF,SM,20,Raichu GX,https://assets.tcgdex.net/en/sm/sm115/20/high.png,0,Ultra Rare
sm115-21,HIF,SM,21,Voltorb,https://assets.tcgdex.net/en/sm/sm115/21/high.png,0,Common
sm115-22,HIF,SM,22,Electrode,https://assets.tcgdex.net/en/sm/sm115/22/high.png,0,Rare
sm115-23,HIF,SM,23,Jolteon,https://assets.tcgdex.net/en/sm/sm115/23/high.png,0,Rare
sm115-24,HIF,SM,24,Zapdos,https://assets.tcgdex.net/en/sm/sm115/24/high.png,0,Rare
sm115-25,HIF,SM,25,Ekans,https://assets.tcgdex.net/en/sm/sm115/25/high.png,0,Common
sm115-26,HIF,SM,26,Ekans,https://assets.tcgdex.net/en/sm/sm115/26/high.png,0,Common
sm115-27,HIF,SM,27,Arbok,https://assets.tcgdex.net/en/sm/sm115/27/high.png,0,Rare
sm115-28,HIF,SM,28,Koffing,https://assets.tcgdex.net/en/sm/sm115/28/high.png,0,Common
sm115-29,HIF,SM,29,Weezing,https://assets.tcgdex.net/en/sm/sm115/29/high.png,0,Rare
sm115-30,HIF,SM,30,Jynx,https://assets.tcgdex.net/en/sm/sm115/30/high.png,0,Uncommon
sm115-31,HIF,SM,31,Mewtwo GX,https://assets.tcgdex.net/en/sm/sm115/31/high.png,0,Ultra Rare
sm115-32,HIF,SM,32,Mew,https://assets.tcgdex.net/en/sm/sm115/32/high.png,0,Rare
sm115-33,HIF,SM,33,Geodude,https://assets.tcgdex.net/en/sm/sm115/33/high.png,0,Common
sm115-34,HIF,SM,34,Graveler,https://assets.tcgdex.net/en/sm/sm115/34/high.png,0,Uncommon
sm115-35,HIF,SM,35,Golem,https://assets.tcgdex.net/en/sm/sm115/35/high.png,0,Rare
sm115-36,HIF,SM,36,Onix GX,https://assets.tcgdex.net/en/sm/sm115/36/high.png,0,Ultra Rare
sm115-37,HIF,SM,37,Cubone,https://assets.tcgdex.net/en/sm/sm115/37/high.png,0,Common
sm115-38,HIF,SM,38,Clefairy,https://assets.tcgdex.net/en/sm/sm115/38/high.png,0,Common
sm115-39,HIF,SM,39,Clefairy,https://assets.tcgdex.net/en/sm/sm115/39/high.png,0,Common
sm115-40,HIF,SM,40,Clefable,https://assets.tcgdex.net/en/sm/sm115/40/high.png,0,Rare
sm115-41,HIF,SM,41,Jigglypuff,https://assets.tcgdex.net/en/sm/sm115/41/high.png,0,Common
sm115-42,HIF,SM,42,Wigglytuff GX,https://assets.tcgdex.net/en/sm/sm115/42/high.png,0,Ultra Rare
sm115-43,HIF,SM,43,Mr. Mime,https://assets.tcgdex.net/en/sm/sm115/43/high.png,0,Rare
sm115-44,HIF,SM,44,Moltres & Zapdos & Articuno GX,https://assets.tcgdex.net/en/sm/sm115/44/high.png,0,Ultra Rare
sm115-45,HIF,SM,45,Farfetch’d,https://assets.tcgdex.net/en/sm/sm115/45/high.png,0,Uncommon
sm115-46,HIF,SM,46,Chansey,https://assets.tcgdex.net/en/sm/sm115/46/high.png,0,Uncommon
sm115-47,HIF,SM,47,Kangaskhan,https://assets.tcgdex.net/en/sm/sm115/47/high.png,0,Rare
sm115-48,HIF,SM,48,Eevee,https://assets.tcgdex.net/en/sm/sm115/48/high.png,0,Rare
sm115-49,HIF,SM,49,Eevee,https://assets.tcgdex.net/en/sm/sm115/49/high.png,0,Common
sm115-50,HIF,SM,50,Snorlax,https://assets.tcgdex.net/en/sm/sm115/50/high.png,0,Rare
sm115-66,HIF,SM,66,Moltres & Zapdos & Articuno GX,https://assets.tcgdex.net/en/sm/sm115/66/high.png,0,Ultra Rare
sm115-69,HIF,SM,69,Moltres & Zapdos & Articuno GX,https://assets.tcgdex.net/en/sm/sm115/69/high.png,0,Secret Rare
sma-SV1,HFV,SM,SV1,Scyther,https://assets.tcgdex.net/en/sm/sma/SV1/high.png,0,Shiny rare
sma-SV10,HFV,SM,SV10,Quagsire,https://assets.tcgdex.net/en/sm/sma/SV10/high.png,0,Shiny rare
sma-SV11,HFV,SM,SV11,Froakie,https://assets.tcgdex.net/en/sm/sma/SV11/high.png,0,Shiny rare
sma-SV12,HFV,SM,SV12,Frogadier,https://assets.tcgdex.net/en/sm/sma/SV12/high.png,0,Shiny rare
sma-SV13,HFV,SM,SV13,Voltorb,https://assets.tcgdex.net/en/sm/sma/SV13/high.png,0,Shiny rare
sma-SV14,HFV,SM,SV14,Xurkitree,https://assets.tcgdex.net/en/sm/sma/SV14/high.png,0,Shiny rare
sma-SV15,HFV,SM,SV15,Seviper,https://assets.tcgdex.net/en/sm/sma/SV15/high.png,0,Shiny rare
sma-SV16,HFV,SM,SV16,Shuppet,https://assets.tcgdex.net/en/sm/sma/SV16/high.png,0,Shiny rare
sma-SV17,HFV,SM,SV17,Inkay,https://assets.tcgdex.net/en/sm/sma/SV17/high.png,0,Shiny rare
sma-SV18,HFV,SM,SV18,Malamar,https://assets.tcgdex.net/en/sm/sma/SV18/high.png,0,Shiny rare
sma-SV19,HFV,SM,SV19,Poipole,https://assets.tcgdex.net/en/sm/sma/SV19/high.png,0,Shiny rare
sma-SV2,HFV,SM,SV2,Rowlet,https://assets.tcgdex.net/en/sm/sma/SV2/high.png,0,Shiny rare
sma-SV20,HFV,SM,SV20,Sudowoodo,https://assets.tcgdex.net/en/sm/sma/SV20/high.png,0,Shiny rare
sma-SV21,HFV,SM,SV21,Riolu,https://assets.tcgdex.net/en/sm/sma/SV21/high.png,0,Shiny rare
sma-SV22,HFV,SM,SV22,Lucario,https://assets.tcgdex.net/en/sm/sma/SV22/high.png,0,Shiny rare
sma-SV23,HFV,SM,SV23,Rockruff,https://assets.tcgdex.net/en/sm/sma/SV23/high.png,0,Shiny rare
sma-SV24,HFV,SM,SV24,Buzzwole,https://assets.tcgdex.net/en/sm/sma/SV24/high.png,0,Shiny rare
sma-SV25,HFV,SM,SV25,Zorua,https://assets.tcgdex.net/en/sm/sma/SV25/high.png,0,Shiny rare
sma-SV26,HFV,SM,SV26,Guzzlord,https://assets.tcgdex.net/en/sm/sma/SV26/high.png,0,Shiny rare
sma-SV27,HFV,SM,SV27,Magnemite,https://assets.tcgdex.net/en/sm/sma/SV27/high.png,0,Shiny rare
sma-SV28,HFV,SM,SV28,Magneton,https://assets.tcgdex.net/en/sm/sma/SV28/high.png,0,Shiny rare
sma-SV29,HFV,SM,SV29,Magnezone,https://assets.tcgdex.net/en/sm/sma/SV29/high.png,0,Shiny rare
sma-SV3,HFV,SM,SV3,Dartrix,https://assets.tcgdex.net/en/sm/sma/SV3/high.png,0,Shiny rare
sma-SV30,HFV,SM,SV30,Beldum,https://assets.tcgdex.net/en/sm/sma/SV30/high.png,0,Shiny rare
sma-SV31,HFV,SM,SV31,Metang,https://assets.tcgdex.net/en/sm/sma/SV31/high.png,0,Shiny rare
sma-SV32,HFV,SM,SV32,Celesteela,https://assets.tcgdex.net/en/sm/sma/SV32/high.png,0,Shiny rare
sma-SV33,HFV,SM,SV33,Kartana,https://assets.tcgdex.net/en/sm/sma/SV33/high.png,0,Shiny rare
sma-SV34,HFV,SM,SV34,Ralts,https://assets.tcgdex.net/en/sm/sma/SV34/high.png,0,Shiny rare
sma-SV35,HFV,SM,SV35,Kirlia,https://assets.tcgdex.net/en/sm/sma/SV35/high.png,0,Shiny rare
sma-SV36,HFV,SM,SV36,Diancie,https://assets.tcgdex.net/en/sm/sma/SV36/high.png,0,Shiny rare
sma-SV37,HFV,SM,SV37,Altaria,https://assets.tcgdex.net/en/sm/sma/SV37/high.png,0,Shiny rare
sma-SV38,HFV,SM,SV38,Gible,https://assets.tcgdex.net/en/sm/sma/SV38/high.png,0,Shiny rare
sma-SV39,HFV,SM,SV39,Gabite,https://assets.tcgdex.net/en/sm/sma/SV39/high.png,0,Shiny rare
sma-SV4,HFV,SM,SV4,Wimpod,https://assets.tcgdex.net/en/sm/sma/SV4/high.png,0,Shiny rare
sma-SV40,HFV,SM,SV40,Garchomp,https://assets.tcgdex.net/en/sm/sma/SV40/high.png,0,Shiny rare
sma-SV41,HFV,SM,SV41,Eevee,https://assets.tcgdex.net/en/sm/sma/SV41/high.png,0,Shiny rare
sma-SV42,HFV,SM,SV42,Swablu,https://assets.tcgdex.net/en/sm/sma/SV42/high.png,0,Shiny rare
sma-SV43,HFV,SM,SV43,Noibat,https://assets.tcgdex.net/en/sm/sma/SV43/high.png,0,Shiny rare
sma-SV44,HFV,SM,SV44,Oranguru,https://assets.tcgdex.net/en/sm/sma/SV44/high.png,0,Shiny rare
sma-SV45,HFV,SM,SV45,Type: Null,https://assets.tcgdex.net/en/sm/sma/SV45/high.png,0,Shiny rare
sma-SV46,HFV,SM,SV46,Leafeon-GX,https://assets.tcgdex.net/en/sm/sma/SV46/high.png,0,Shiny rare
sma-SV47,HFV,SM,SV47,Decidueye-GX,https://assets.tcgdex.net/en/sm/sma/SV47/high.png,0,Shiny rare
sma-SV48,HFV,SM,SV48,Golisopod-GX,https://assets.tcgdex.net/en/sm/sma/SV48/high.png,0,Shiny rare
sma-SV49,HFV,SM,SV49,Charizard-GX,https://assets.tcgdex.net/en/sm/sma/SV49/high.png,0,Shiny rare
sma-SV5,HFV,SM,SV5,Pheromosa,https://assets.tcgdex.net/en/sm/sma/SV5/high.png,0,Shiny rare
sma-SV50,HFV,SM,SV50,Ho-Oh-GX,https://assets.tcgdex.net/en/sm/sma/SV50/high.png,0,Shiny rare
sma-SV51,HFV,SM,SV51,Reshiram-GX,https://assets.tcgdex.net/en/sm/sma/SV51/high.png,0,Shiny rare
sma-SV52,HFV,SM,SV52,Turtonator-GX,https://assets.tcgdex.net/en/sm/sma/SV52/high.png,0,Shiny rare
sma-SV53,HFV,SM,SV53,Alolan Ninetales-GX,https://assets.tcgdex.net/en/sm/sma/SV53/high.png,0,Shiny rare
sma-SV54,HFV,SM,SV54,Articuno-GX,https://assets.tcgdex.net/en/sm/sma/SV54/high.png,0,Shiny rare
sma-SV55,HFV,SM,SV55,Glaceon-GX,https://assets.tcgdex.net/en/sm/sma/SV55/high.png,0,Shiny rare
sma-SV56,HFV,SM,SV56,Greninja-GX,https://assets.tcgdex.net/en/sm/sma/SV56/high.png,0,Shiny rare
sma-SV57,HFV,SM,SV57,Electrode-GX,https://assets.tcgdex.net/en/sm/sma/SV57/high.png,0,Shiny rare
sma-SV58,HFV,SM,SV58,Xurkitree-GX,https://assets.tcgdex.net/en/sm/sma/SV58/high.png,0,Shiny rare
sma-SV59,HFV,SM,SV59,Mewtwo-GX,https://assets.tcgdex.net/en/sm/sma/SV59/high.png,0,Shiny rare
sma-SV6,HFV,SM,SV6,Charmander,https://assets.tcgdex.net/en/sm/sma/SV6/high.png,0,Shiny rare
sma-SV60,HFV,SM,SV60,Espeon-GX,https://assets.tcgdex.net/en/sm/sma/SV60/high.png,0,Shiny rare
sma-SV61,HFV,SM,SV61,Banette-GX,https://assets.tcgdex.net/en/sm/sma/SV61/high.png,0,Shiny rare
sma-SV62,HFV,SM,SV62,Nihilego-GX,https://assets.tcgdex.net/en/sm/sma/SV62/high.png,0,Shiny rare
sma-SV63,HFV,SM,SV63,Naganadel-GX,https://assets.tcgdex.net/en/sm/sma/SV63/high.png,0,Shiny rare
sma-SV64,HFV,SM,SV64,Lucario-GX,https://assets.tcgdex.net/en/sm/sma/SV64/high.png,0,Shiny rare
sma-SV65,HFV,SM,SV65,Zygarde-GX,https://assets.tcgdex.net/en/sm/sma/SV65/high.png,0,Shiny rare
sma-SV66,HFV,SM,SV66,Lycanroc-GX,https://assets.tcgdex.net/en/sm/sma/SV66/high.png,0,Shiny rare
sma-SV67,HFV,SM,SV67,Lycanroc-GX,https://assets.tcgdex.net/en/sm/sma/SV67/high.png,0,Shiny rare
sma-SV68,HFV,SM,SV68,Buzzwole-GX,https://assets.tcgdex.net/en/sm/sma/SV68/high.png,0,Shiny rare
sma-SV69,HFV,SM,SV69,Umbreon-GX,https://assets.tcgdex.net/en/sm/sma/SV69/high.png,0,Shiny rare
sma-SV7,HFV,SM,SV7,Charmeleon,https://assets.tcgdex.net/en/sm/sma/SV7/high.png,0,Shiny rare
sma-SV70,HFV,SM,SV70,Darkrai-GX,https://assets.tcgdex.net/en/sm/sma/SV70/high.png,0,Shiny rare
sma-SV71,HFV,SM,SV71,Guzzlord-GX,https://assets.tcgdex.net/en/sm/sma/SV71/high.png,0,Shiny rare
sma-SV72,HFV,SM,SV72,Scizor-GX,https://assets.tcgdex.net/en/sm/sma/SV72/high.png,0,Shiny rare
sma-SV73,HFV,SM,SV73,Kartana-GX,https://assets.tcgdex.net/en/sm/sma/SV73/high.png,0,Shiny rare
sma-SV74,HFV,SM,SV74,Stakataka-GX,https://assets.tcgdex.net/en/sm/sma/SV74/high.png,0,Shiny rare
sma-SV75,HFV,SM,SV75,Gardevoir-GX,https://assets.tcgdex.net/en/sm/sma/SV75/high.png,0,Shiny rare
sma-SV76,HFV,SM,SV76,Sylveon-GX,https://assets.tcgdex.net/en/sm/sma/SV76/high.png,0,Shiny rare
sma-SV77,HFV,SM,SV77,Altaria-GX,https://assets.tcgdex.net/en/sm/sma/SV77/high.png,0,Shiny rare
sma-SV78,HFV,SM,SV78,Noivern-GX,https://assets.tcgdex.net/en/sm/sma/SV78/high.png,0,Shiny rare
sma-SV79,HFV,SM,SV79,Silvally-GX,https://assets.tcgdex.net/en/sm/sma/SV79/high.png,0,Shiny rare
sma-SV8,HFV,SM,SV8,Alolan Vulpix,https://assets.tcgdex.net/en/sm/sma/SV8/high.png,0,Shiny rare
sma-SV80,HFV,SM,SV80,Drampa-GX,https://assets.tcgdex.net/en/sm/sma/SV80/high.png,0,Shiny rare
sma-SV9,HFV,SM,SV9,Wooper,https://assets.tcgdex.net/en/sm/sma/SV9/high.png,0,Shiny rare
sma-SV91,HFV,SM,SV91,Tapu Bulu-GX,https://assets.tcgdex.net/en/sm/sma/SV91/high.png,0,Secret Rare
sma-SV92,HFV,SM,SV92,Tapu Fini-GX,https://assets.tcgdex.net/en/sm/sma/SV92/high.png,0,Secret Rare
sma-SV93,HFV,SM,SV93,Tapu Koko-GX,https://assets.tcgdex.net/en/sm/sma/SV93/high.png,0,Secret Rare
sma-SV94,HFV,SM,SV94,Tapu Lele-GX,https://assets.tcgdex.net/en/sm/sma/SV94/high.png,0,Secret Rare
sm12-1,CEC,SM,1,Venusaur & Snivy GX,https://assets.tcgdex.net/en/sm/sm12/1/high.png,0,Ultra Rare
sm12-2,CEC,SM,2,Oddish,https://assets.tcgdex.net/en/sm/sm12/2/high.png,0,Common
sm12-3,CEC,SM,3,Gloom,https://assets.tcgdex.net/en/sm/sm12/3/high.png,0,Uncommon
sm12-4,CEC,SM,4,Vileplume GX,https://assets.tcgdex.net/en/sm/sm12/4/high.png,0,Ultra Rare
sm12-5,CEC,SM,5,Tangela,https://assets.tcgdex.net/en/sm/sm12/5/high.png,0,Common
sm12-6,CEC,SM,6,Tangrowth,https://assets.tcgdex.net/en/sm/sm12/6/high.png,0,Uncommon
sm12-7,CEC,SM,7,Sunkern,https://assets.tcgdex.net/en/sm/sm12/7/high.png,0,Common
sm12-8,CEC,SM,8,Sunflora,https://assets.tcgdex.net/en/sm/sm12/8/high.png,0,Rare
sm12-9,CEC,SM,9,Heracross,https://assets.tcgdex.net/en/sm/sm12/9/high.png,0,Uncommon
sm12-10,CEC,SM,10,Lileep,https://assets.tcgdex.net/en/sm/sm12/10/high.png,0,Uncommon
sm12-11,CEC,SM,11,Cradily,https://assets.tcgdex.net/en/sm/sm12/11/high.png,0,Rare
sm12-12,CEC,SM,12,Tropius,https://assets.tcgdex.net/en/sm/sm12/12/high.png,0,Uncommon
sm12-13,CEC,SM,13,Kricketot,https://assets.tcgdex.net/en/sm/sm12/13/high.png,0,Common
sm12-14,CEC,SM,14,Kricketune,https://assets.tcgdex.net/en/sm/sm12/14/high.png,0,Uncommon
sm12-15,CEC,SM,15,Deerling,https://assets.tcgdex.net/en/sm/sm12/15/high.png,0,Common
sm12-16,CEC,SM,16,Sawsbuck,https://assets.tcgdex.net/en/sm/sm12/16/high.png,0,Rare
sm12-17,CEC,SM,17,Rowlet,https://assets.tcgdex.net/en/sm/sm12/17/high.png,0,Common
sm12-18,CEC,SM,18,Rowlet,https://assets.tcgdex.net/en/sm/sm12/18/high.png,0,Common
sm12-19,CEC,SM,19,Dartrix,https://assets.tcgdex.net/en/sm/sm12/19/high.png,0,Uncommon
sm12-20,CEC,SM,20,Decidueye,https://assets.tcgdex.net/en/sm/sm12/20/high.png,0,Rare
sm12-21,CEC,SM,21,Buzzwole,https://assets.tcgdex.net/en/sm/sm12/21/high.png,0,Rare
sm12-22,CEC,SM,22,Charizard & Braixen GX,https://assets.tcgdex.net/en/sm/sm12/22/high.png,0,Ultra Rare
sm12-23,CEC,SM,23,Ponyta,https://assets.tcgdex.net/en/sm/sm12/23/high.png,0,Common
sm12-24,CEC,SM,24,Rapidash,https://assets.tcgdex.net/en/sm/sm12/24/high.png,0,Uncommon
sm12-25,CEC,SM,25,Flareon,https://assets.tcgdex.net/en/sm/sm12/25/high.png,0,Uncommon
sm12-26,CEC,SM,26,Slugma,https://assets.tcgdex.net/en/sm/sm12/26/high.png,0,Common
sm12-27,CEC,SM,27,Magcargo,https://assets.tcgdex.net/en/sm/sm12/27/high.png,0,Rare
sm12-28,CEC,SM,28,Entei,https://assets.tcgdex.net/en/sm/sm12/28/high.png,0,Rare
sm12-29,CEC,SM,29,Torkoal,https://assets.tcgdex.net/en/sm/sm12/29/high.png,0,Uncommon
sm12-30,CEC,SM,30,Victini,https://assets.tcgdex.net/en/sm/sm12/30/high.png,0,Rare
sm12-31,CEC,SM,31,Tepig,https://assets.tcgdex.net/en/sm/sm12/31/high.png,0,Common
sm12-32,CEC,SM,32,Pignite,https://assets.tcgdex.net/en/sm/sm12/32/high.png,0,Uncommon
sm12-33,CEC,SM,33,Emboar,https://assets.tcgdex.net/en/sm/sm12/33/high.png,0,Rare
sm12-34,CEC,SM,34,Larvesta,https://assets.tcgdex.net/en/sm/sm12/34/high.png,0,Uncommon
sm12-35,CEC,SM,35,Volcarona GX,https://assets.tcgdex.net/en/sm/sm12/35/high.png,0,Ultra Rare
sm12-36,CEC,SM,36,Litleo,https://assets.tcgdex.net/en/sm/sm12/36/high.png,0,Common
sm12-37,CEC,SM,37,Pyroar,https://assets.tcgdex.net/en/sm/sm12/37/high.png,0,Uncommon
sm12-38,CEC,SM,38,Blastoise & Piplup GX,https://assets.tcgdex.net/en/sm/sm12/38/high.png,0,Ultra Rare
sm12-39,CEC,SM,39,Alolan Vulpix,https://assets.tcgdex.net/en/sm/sm12/39/high.png,0,Common
sm12-40,CEC,SM,40,Psyduck,https://assets.tcgdex.net/en/sm/sm12/40/high.png,0,Common
sm12-41,CEC,SM,41,Golduck,https://assets.tcgdex.net/en/sm/sm12/41/high.png,0,Uncommon
sm12-42,CEC,SM,42,Vaporeon,https://assets.tcgdex.net/en/sm/sm12/42/high.png,0,Uncommon
sm12-43,CEC,SM,43,Sneasel,https://assets.tcgdex.net/en/sm/sm12/43/high.png,0,Common
sm12-44,CEC,SM,44,Weavile,https://assets.tcgdex.net/en/sm/sm12/44/high.png,0,Rare
sm12-45,CEC,SM,45,Wailmer,https://assets.tcgdex.net/en/sm/sm12/45/high.png,0,Common
sm12-46,CEC,SM,46,Wailord,https://assets.tcgdex.net/en/sm/sm12/46/high.png,0,Rare
sm12-47,CEC,SM,47,Snorunt,https://assets.tcgdex.net/en/sm/sm12/47/high.png,0,Common
sm12-48,CEC,SM,48,Glalie,https://assets.tcgdex.net/en/sm/sm12/48/high.png,0,Rare
sm12-49,CEC,SM,49,Spheal,https://assets.tcgdex.net/en/sm/sm12/49/high.png,0,Common
sm12-50,CEC,SM,50,Spheal,https://assets.tcgdex.net/en/sm/sm12/50/high.png,0,Common
sm12-51,CEC,SM,51,Sealeo,https://assets.tcgdex.net/en/sm/sm12/51/high.png,0,Uncommon
sm12-52,CEC,SM,52,Walrein,https://assets.tcgdex.net/en/sm/sm12/52/high.png,0,Rare
sm12-53,CEC,SM,53,Kyogre,https://assets.tcgdex.net/en/sm/sm12/53/high.png,0,Rare
sm12-54,CEC,SM,54,Piplup,https://assets.tcgdex.net/en/sm/sm12/54/high.png,0,Common
sm12-55,CEC,SM,55,Prinplup,https://assets.tcgdex.net/en/sm/sm12/55/high.png,0,Uncommon
sm12-56,CEC,SM,56,Empoleon,https://assets.tcgdex.net/en/sm/sm12/56/high.png,0,Rare
sm12-57,CEC,SM,57,Phione,https://assets.tcgdex.net/en/sm/sm12/57/high.png,0,Rare
sm12-58,CEC,SM,58,Tympole,https://assets.tcgdex.net/en/sm/sm12/58/high.png,0,Common
sm12-59,CEC,SM,59,Ducklett,https://assets.tcgdex.net/en/sm/sm12/59/high.png,0,Common
sm12-60,CEC,SM,60,Swanna,https://assets.tcgdex.net/en/sm/sm12/60/high.png,0,Rare
sm12-61,CEC,SM,61,Black Kyurem,https://assets.tcgdex.net/en/sm/sm12/61/high.png,0,Rare
sm12-62,CEC,SM,62,Wishiwashi,https://assets.tcgdex.net/en/sm/sm12/62/high.png,0,Rare
sm12-63,CEC,SM,63,Wishiwashi GX,https://assets.tcgdex.net/en/sm/sm12/63/high.png,0,Ultra Rare
sm12-64,CEC,SM,64,Dewpider,https://assets.tcgdex.net/en/sm/sm12/64/high.png,0,Common
sm12-65,CEC,SM,65,Araquanid,https://assets.tcgdex.net/en/sm/sm12/65/high.png,0,Uncommon
sm12-66,CEC,SM,66,Pikachu,https://assets.tcgdex.net/en/sm/sm12/66/high.png,0,Common
sm12-67,CEC,SM,67,Raichu,https://assets.tcgdex.net/en/sm/sm12/67/high.png,0,Rare
sm12-68,CEC,SM,68,Magnemite,https://assets.tcgdex.net/en/sm/sm12/68/high.png,0,Common
sm12-69,CEC,SM,69,Magneton,https://assets.tcgdex.net/en/sm/sm12/69/high.png,0,Rare
sm12-70,CEC,SM,70,Jolteon,https://assets.tcgdex.net/en/sm/sm12/70/high.png,0,Uncommon
sm12-71,CEC,SM,71,Chinchou,https://assets.tcgdex.net/en/sm/sm12/71/high.png,0,Common
sm12-72,CEC,SM,72,Lanturn,https://assets.tcgdex.net/en/sm/sm12/72/high.png,0,Rare
sm12-73,CEC,SM,73,Togedemaru,https://assets.tcgdex.net/en/sm/sm12/73/high.png,0,Uncommon
sm12-74,CEC,SM,74,Togedemaru,https://assets.tcgdex.net/en/sm/sm12/74/high.png,0,Common
sm12-75,CEC,SM,75,Solgaleo & Lunala GX,https://assets.tcgdex.net/en/sm/sm12/75/high.png,0,Ultra Rare
sm12-76,CEC,SM,76,Koffing,https://assets.tcgdex.net/en/sm/sm12/76/high.png,0,Common
sm12-77,CEC,SM,77,Weezing,https://assets.tcgdex.net/en/sm/sm12/77/high.png,0,Rare
sm12-78,CEC,SM,78,Natu,https://assets.tcgdex.net/en/sm/sm12/78/high.png,0,Common
sm12-79,CEC,SM,79,Xatu,https://assets.tcgdex.net/en/sm/sm12/79/high.png,0,Rare
sm12-80,CEC,SM,80,Ralts,https://assets.tcgdex.net/en/sm/sm12/80/high.png,0,Common
sm12-81,CEC,SM,81,Kirlia,https://assets.tcgdex.net/en/sm/sm12/81/high.png,0,Uncommon
sm12-82,CEC,SM,82,Gallade,https://assets.tcgdex.net/en/sm/sm12/82/high.png,0,Rare
sm12-83,CEC,SM,83,Duskull,https://assets.tcgdex.net/en/sm/sm12/83/high.png,0,Common
sm12-84,CEC,SM,84,Dusclops,https://assets.tcgdex.net/en/sm/sm12/84/high.png,0,Uncommon
sm12-85,CEC,SM,85,Dusknoir,https://assets.tcgdex.net/en/sm/sm12/85/high.png,0,Rare
sm12-86,CEC,SM,86,Rotom,https://assets.tcgdex.net/en/sm/sm12/86/high.png,0,Uncommon
sm12-87,CEC,SM,87,Woobat,https://assets.tcgdex.net/en/sm/sm12/87/high.png,0,Common
sm12-88,CEC,SM,88,Swoobat,https://assets.tcgdex.net/en/sm/sm12/88/high.png,0,Rare
sm12-89,CEC,SM,89,Golett,https://assets.tcgdex.net/en/sm/sm12/89/high.png,0,Common
sm12-90,CEC,SM,90,Golurk,https://assets.tcgdex.net/en/sm/sm12/90/high.png,0,Rare
sm12-91,CEC,SM,91,Skrelp,https://assets.tcgdex.net/en/sm/sm12/91/high.png,0,Common
sm12-92,CEC,SM,92,Dragalge,https://assets.tcgdex.net/en/sm/sm12/92/high.png,0,Rare
sm12-93,CEC,SM,93,Phantump,https://assets.tcgdex.net/en/sm/sm12/93/high.png,0,Common
sm12-94,CEC,SM,94,Trevenant,https://assets.tcgdex.net/en/sm/sm12/94/high.png,0,Rare
sm12-95,CEC,SM,95,Oricorio GX,https://assets.tcgdex.net/en/sm/sm12/95/high.png,0,Ultra Rare
sm12-96,CEC,SM,96,Mimikyu,https://assets.tcgdex.net/en/sm/sm12/96/high.png,0,Uncommon
sm12-97,CEC,SM,97,Mimikyu,https://assets.tcgdex.net/en/sm/sm12/97/high.png,0,Rare
sm12-98,CEC,SM,98,Dhelmise,https://assets.tcgdex.net/en/sm/sm12/98/high.png,0,Uncommon
sm12-99,CEC,SM,99,Cosmog,https://assets.tcgdex.net/en/sm/sm12/99/high.png,0,Common
sm12-100,CEC,SM,100,Cosmog,https://assets.tcgdex.net/en/sm/sm12/100/high.png,0,Common
sm12-101,CEC,SM,101,Cosmoem,https://assets.tcgdex.net/en/sm/sm12/101/high.png,0,Uncommon
sm12-102,CEC,SM,102,Lunala,https://assets.tcgdex.net/en/sm/sm12/102/high.png,0,Rare
sm12-103,CEC,SM,103,Marshadow,https://assets.tcgdex.net/en/sm/sm12/103/high.png,0,Rare
sm12-104,CEC,SM,104,Blacephalon,https://assets.tcgdex.net/en/sm/sm12/104/high.png,0,Rare
sm12-105,CEC,SM,105,Onix,https://assets.tcgdex.net/en/sm/sm12/105/high.png,0,Common
sm12-106,CEC,SM,106,Nosepass,https://assets.tcgdex.net/en/sm/sm12/106/high.png,0,Common
sm12-107,CEC,SM,107,Trapinch,https://assets.tcgdex.net/en/sm/sm12/107/high.png,0,Common
sm12-108,CEC,SM,108,Trapinch,https://assets.tcgdex.net/en/sm/sm12/108/high.png,0,Common
sm12-109,CEC,SM,109,Vibrava,https://assets.tcgdex.net/en/sm/sm12/109/high.png,0,Uncommon
sm12-110,CEC,SM,110,Flygon GX,https://assets.tcgdex.net/en/sm/sm12/110/high.png,0,Ultra Rare
sm12-111,CEC,SM,111,Anorith,https://assets.tcgdex.net/en/sm/sm12/111/high.png,0,Uncommon
sm12-112,CEC,SM,112,Armaldo,https://assets.tcgdex.net/en/sm/sm12/112/high.png,0,Rare
sm12-113,CEC,SM,113,Groudon,https://assets.tcgdex.net/en/sm/sm12/113/high.png,0,Rare
sm12-114,CEC,SM,114,Drilbur,https://assets.tcgdex.net/en/sm/sm12/114/high.png,0,Common
sm12-115,CEC,SM,115,Excadrill,https://assets.tcgdex.net/en/sm/sm12/115/high.png,0,Rare
sm12-116,CEC,SM,116,Palpitoad,https://assets.tcgdex.net/en/sm/sm12/116/high.png,0,Common
sm12-117,CEC,SM,117,Seismitoad,https://assets.tcgdex.net/en/sm/sm12/117/high.png,0,Rare
sm12-118,CEC,SM,118,Throh,https://assets.tcgdex.net/en/sm/sm12/118/high.png,0,Uncommon
sm12-119,CEC,SM,119,Pancham,https://assets.tcgdex.net/en/sm/sm12/119/high.png,0,Common
sm12-120,CEC,SM,120,Pangoro,https://assets.tcgdex.net/en/sm/sm12/120/high.png,0,Uncommon
sm12-121,CEC,SM,121,Crabrawler,https://assets.tcgdex.net/en/sm/sm12/121/high.png,0,Common
sm12-122,CEC,SM,122,Crabominable,https://assets.tcgdex.net/en/sm/sm12/122/high.png,0,Rare
sm12-123,CEC,SM,123,Rockruff,https://assets.tcgdex.net/en/sm/sm12/123/high.png,0,Common
sm12-124,CEC,SM,124,Lycanroc,https://assets.tcgdex.net/en/sm/sm12/124/high.png,0,Rare
sm12-125,CEC,SM,125,Passimian,https://assets.tcgdex.net/en/sm/sm12/125/high.png,0,Common
sm12-126,CEC,SM,126,Sandygast,https://assets.tcgdex.net/en/sm/sm12/126/high.png,0,Common
sm12-127,CEC,SM,127,Palossand,https://assets.tcgdex.net/en/sm/sm12/127/high.png,0,Rare
sm12-128,CEC,SM,128,Alolan Meowth,https://assets.tcgdex.net/en/sm/sm12/128/high.png,0,Common
sm12-129,CEC,SM,129,Alolan Persian GX,https://assets.tcgdex.net/en/sm/sm12/129/high.png,0,Ultra Rare
sm12-130,CEC,SM,130,Alolan Grimer,https://assets.tcgdex.net/en/sm/sm12/130/high.png,0,Common
sm12-131,CEC,SM,131,Alolan Muk,https://assets.tcgdex.net/en/sm/sm12/131/high.png,0,Rare
sm12-132,CEC,SM,132,Carvanha,https://assets.tcgdex.net/en/sm/sm12/132/high.png,0,Common
sm12-133,CEC,SM,133,Absol,https://assets.tcgdex.net/en/sm/sm12/133/high.png,0,Uncommon
sm12-134,CEC,SM,134,Pawniard,https://assets.tcgdex.net/en/sm/sm12/134/high.png,0,Common
sm12-135,CEC,SM,135,Bisharp,https://assets.tcgdex.net/en/sm/sm12/135/high.png,0,Uncommon
sm12-136,CEC,SM,136,Guzzlord,https://assets.tcgdex.net/en/sm/sm12/136/high.png,0,Rare
sm12-137,CEC,SM,137,Alolan Sandshrew,https://assets.tcgdex.net/en/sm/sm12/137/high.png,0,Common
sm12-138,CEC,SM,138,Alolan Sandslash,https://assets.tcgdex.net/en/sm/sm12/138/high.png,0,Rare
sm12-139,CEC,SM,139,Steelix,https://assets.tcgdex.net/en/sm/sm12/139/high.png,0,Rare
sm12-140,CEC,SM,140,Mawile,https://assets.tcgdex.net/en/sm/sm12/140/high.png,0,Uncommon
sm12-141,CEC,SM,141,Probopass,https://assets.tcgdex.net/en/sm/sm12/141/high.png,0,Uncommon
sm12-142,CEC,SM,142,Solgaleo,https://assets.tcgdex.net/en/sm/sm12/142/high.png,0,Rare
sm12-143,CEC,SM,143,Togepi & Cleffa & Igglybuff GX,https://assets.tcgdex.net/en/sm/sm12/143/high.png,0,Ultra Rare
sm12-144,CEC,SM,144,Clefairy,https://assets.tcgdex.net/en/sm/sm12/144/high.png,0,Uncommon
sm12-145,CEC,SM,145,Alolan Ninetales,https://assets.tcgdex.net/en/sm/sm12/145/high.png,0,Rare
sm12-146,CEC,SM,146,Azurill,https://assets.tcgdex.net/en/sm/sm12/146/high.png,0,Common
sm12-147,CEC,SM,147,Cottonee,https://assets.tcgdex.net/en/sm/sm12/147/high.png,0,Common
sm12-148,CEC,SM,148,Whimsicott,https://assets.tcgdex.net/en/sm/sm12/148/high.png,0,Rare
sm12-149,CEC,SM,149,Flabébé,https://assets.tcgdex.net/en/sm/sm12/149/high.png,0,Common
sm12-150,CEC,SM,150,Flabébé,https://assets.tcgdex.net/en/sm/sm12/150/high.png,0,Common
sm12-151,CEC,SM,151,Floette,https://assets.tcgdex.net/en/sm/sm12/151/high.png,0,Uncommon
sm12-152,CEC,SM,152,Florges,https://assets.tcgdex.net/en/sm/sm12/152/high.png,0,Rare
sm12-153,CEC,SM,153,Swirlix,https://assets.tcgdex.net/en/sm/sm12/153/high.png,0,Common
sm12-154,CEC,SM,154,Slurpuff,https://assets.tcgdex.net/en/sm/sm12/154/high.png,0,Rare
sm12-155,CEC,SM,155,Sylveon,https://assets.tcgdex.net/en/sm/sm12/155/high.png,0,Rare
sm12-156,CEC,SM,156,Arceus & Dialga & Palkia GX,https://assets.tcgdex.net/en/sm/sm12/156/high.png,0,Ultra Rare
sm12-157,CEC,SM,157,Reshiram & Zekrom GX,https://assets.tcgdex.net/en/sm/sm12/157/high.png,0,Ultra Rare
sm12-158,CEC,SM,158,Naganadel & Guzzlord GX,https://assets.tcgdex.net/en/sm/sm12/158/high.png,0,Ultra Rare
sm12-159,CEC,SM,159,Drampa,https://assets.tcgdex.net/en/sm/sm12/159/high.png,0,Rare
sm12-160,CEC,SM,160,Jangmo-o,https://assets.tcgdex.net/en/sm/sm12/160/high.png,0,Common
sm12-161,CEC,SM,161,Jangmo-o,https://assets.tcgdex.net/en/sm/sm12/161/high.png,0,Common
sm12-162,CEC,SM,162,Hakamo-o,https://assets.tcgdex.net/en/sm/sm12/162/high.png,0,Uncommon
sm12-163,CEC,SM,163,Kommo-o,https://assets.tcgdex.net/en/sm/sm12/163/high.png,0,Rare
sm12-164,CEC,SM,164,Ultra Necrozma,https://assets.tcgdex.net/en/sm/sm12/164/high.png,0,Rare
sm12-165,CEC,SM,165,Mega Lopunny & Jigglypuff GX,https://assets.tcgdex.net/en/sm/sm12/165/high.png,0,Ultra Rare
sm12-166,CEC,SM,166,Eevee,https://assets.tcgdex.net/en/sm/sm12/166/high.png,0,Common
sm12-167,CEC,SM,167,Eevee,https://assets.tcgdex.net/en/sm/sm12/167/high.png,0,Common
sm12-168,CEC,SM,168,Igglybuff,https://assets.tcgdex.net/en/sm/sm12/168/high.png,0,Uncommon
sm12-169,CEC,SM,169,Aipom,https://assets.tcgdex.net/en/sm/sm12/169/high.png,0,Common
sm12-170,CEC,SM,170,Ambipom,https://assets.tcgdex.net/en/sm/sm12/170/high.png,0,Uncommon
sm12-171,CEC,SM,171,Teddiursa,https://assets.tcgdex.net/en/sm/sm12/171/high.png,0,Common
sm12-172,CEC,SM,172,Ursaring,https://assets.tcgdex.net/en/sm/sm12/172/high.png,0,Rare
sm12-173,CEC,SM,173,Zangoose,https://assets.tcgdex.net/en/sm/sm12/173/high.png,0,Uncommon
sm12-174,CEC,SM,174,Lillipup,https://assets.tcgdex.net/en/sm/sm12/174/high.png,0,Common
sm12-175,CEC,SM,175,Herdier,https://assets.tcgdex.net/en/sm/sm12/175/high.png,0,Uncommon
sm12-176,CEC,SM,176,Stoutland,https://assets.tcgdex.net/en/sm/sm12/176/high.png,0,Rare
sm12-177,CEC,SM,177,Rufflet,https://assets.tcgdex.net/en/sm/sm12/177/high.png,0,Common
sm12-178,CEC,SM,178,Braviary,https://assets.tcgdex.net/en/sm/sm12/178/high.png,0,Rare
sm12-179,CEC,SM,179,Helioptile,https://assets.tcgdex.net/en/sm/sm12/179/high.png,0,Common
sm12-180,CEC,SM,180,Heliolisk,https://assets.tcgdex.net/en/sm/sm12/180/high.png,0,Rare
sm12-181,CEC,SM,181,Stufful,https://assets.tcgdex.net/en/sm/sm12/181/high.png,0,Common
sm12-182,CEC,SM,182,Bewear,https://assets.tcgdex.net/en/sm/sm12/182/high.png,0,Rare
sm12-183,CEC,SM,183,Type: Null,https://assets.tcgdex.net/en/sm/sm12/183/high.png,0,Uncommon
sm12-184,CEC,SM,184,Silvally GX,https://assets.tcgdex.net/en/sm/sm12/184/high.png,0,Ultra Rare
sm12-210,CEC,SM,210,Venusaur & Snivy GX,https://assets.tcgdex.net/en/sm/sm12/210/high.png,0,Ultra Rare
sm12-211,CEC,SM,211,Vileplume GX,https://assets.tcgdex.net/en/sm/sm12/211/high.png,0,Ultra Rare
sm12-212,CEC,SM,212,Charizard & Braixen GX,https://assets.tcgdex.net/en/sm/sm12/212/high.png,0,Ultra Rare
sm12-213,CEC,SM,213,Volcarona GX,https://assets.tcgdex.net/en/sm/sm12/213/high.png,0,Ultra Rare
sm12-214,CEC,SM,214,Blastoise & Piplup GX,https://assets.tcgdex.net/en/sm/sm12/214/high.png,0,Ultra Rare
sm12-215,CEC,SM,215,Blastoise & Piplup GX,https://assets.tcgdex.net/en/sm/sm12/215/high.png,0,Ultra Rare
sm12-216,CEC,SM,216,Solgaleo & Lunala GX,https://assets.tcgdex.net/en/sm/sm12/216/high.png,0,Ultra Rare
sm12-217,CEC,SM,217,Oricorio GX,https://assets.tcgdex.net/en/sm/sm12/217/high.png,0,Ultra Rare
sm12-218,CEC,SM,218,Flygon GX,https://assets.tcgdex.net/en/sm/sm12/218/high.png,0,Ultra Rare
sm12-219,CEC,SM,219,Alolan Persian GX,https://assets.tcgdex.net/en/sm/sm12/219/high.png,0,Ultra Rare
sm12-220,CEC,SM,220,Arceus & Dialga & Palkia GX,https://assets.tcgdex.net/en/sm/sm12/220/high.png,0,Ultra Rare
sm12-221,CEC,SM,221,Arceus & Dialga & Palkia GX,https://assets.tcgdex.net/en/sm/sm12/221/high.png,0,Ultra Rare
sm12-222,CEC,SM,222,Reshiram & Zekrom GX,https://assets.tcgdex.net/en/sm/sm12/222/high.png,0,Ultra Rare
sm12-223,CEC,SM,223,Naganadel & Guzzlord GX,https://assets.tcgdex.net/en/sm/sm12/223/high.png,0,Ultra Rare
sm12-224,CEC,SM,224,Naganadel & Guzzlord GX,https://assets.tcgdex.net/en/sm/sm12/224/high.png,0,Ultra Rare
sm12-225,CEC,SM,225,Mega Lopunny & Jigglypuff GX,https://assets.tcgdex.net/en/sm/sm12/225/high.png,0,Ultra Rare
sm12-226,CEC,SM,226,Mega Lopunny & Jigglypuff GX,https://assets.tcgdex.net/en/sm/sm12/226/high.png,0,Ultra Rare
sm12-227,CEC,SM,227,Silvally GX,https://assets.tcgdex.net/en/sm/sm12/227/high.png,0,Ultra Rare
sm12-237,CEC,SM,237,Torkoal,https://assets.tcgdex.net/en/sm/sm12/237/high.png,0,Secret Rare
sm12-238,CEC,SM,238,Weavile,https://assets.tcgdex.net/en/sm/sm12/238/high.png,0,Secret Rare
sm12-239,CEC,SM,239,Piplup,https://assets.tcgdex.net/en/sm/sm12/239/high.png,0,Secret Rare
sm12-240,CEC,SM,240,Wishiwashi,https://assets.tcgdex.net/en/sm/sm12/240/high.png,0,Secret Rare
sm12-241,CEC,SM,241,Pikachu,https://assets.tcgdex.net/en/sm/sm12/241/high.png,0,Secret Rare
sm12-242,CEC,SM,242,Magnemite,https://assets.tcgdex.net/en/sm/sm12/242/high.png,0,Secret Rare
sm12-243,CEC,SM,243,Koffing,https://assets.tcgdex.net/en/sm/sm12/243/high.png,0,Secret Rare
sm12-244,CEC,SM,244,Gallade,https://assets.tcgdex.net/en/sm/sm12/244/high.png,0,Secret Rare
sm12-245,CEC,SM,245,Mimikyu,https://assets.tcgdex.net/en/sm/sm12/245/high.png,0,Secret Rare
sm12-246,CEC,SM,246,Excadrill,https://assets.tcgdex.net/en/sm/sm12/246/high.png,0,Secret Rare
sm12-247,CEC,SM,247,Steelix,https://assets.tcgdex.net/en/sm/sm12/247/high.png,0,Secret Rare
sm12-248,CEC,SM,248,Stoutland,https://assets.tcgdex.net/en/sm/sm12/248/high.png,0,Secret Rare
sm12-249,CEC,SM,249,Venusaur & Snivy GX,https://assets.tcgdex.net/en/sm/sm12/249/high.png,0,Secret Rare
sm12-250,CEC,SM,250,Vileplume GX,https://assets.tcgdex.net/en/sm/sm12/250/high.png,0,Secret Rare
sm12-251,CEC,SM,251,Charizard & Braixen GX,https://assets.tcgdex.net/en/sm/sm12/251/high.png,0,Secret Rare
sm12-252,CEC,SM,252,Volcarona GX,https://assets.tcgdex.net/en/sm/sm12/252/high.png,0,Secret Rare
sm12-253,CEC,SM,253,Blastoise & Piplup GX,https://assets.tcgdex.net/en/sm/sm12/253/high.png,0,Secret Rare
sm12-254,CEC,SM,254,Solgaleo & Lunala GX,https://assets.tcgdex.net/en/sm/sm12/254/high.png,0,Secret Rare
sm12-255,CEC,SM,255,Oricorio GX,https://assets.tcgdex.net/en/sm/sm12/255/high.png,0,Secret Rare
sm12-256,CEC,SM,256,Flygon GX,https://assets.tcgdex.net/en/sm/sm12/256/high.png,0,Secret Rare
sm12-257,CEC,SM,257,Alolan Persian GX,https://assets.tcgdex.net/en/sm/sm12/257/high.png,0,Secret Rare
sm12-258,CEC,SM,258,Arceus & Dialga & Palkia GX,https://assets.tcgdex.net/en/sm/sm12/258/high.png,0,Secret Rare
sm12-259,CEC,SM,259,Reshiram & Zekrom GX,https://assets.tcgdex.net/en/sm/sm12/259/high.png,0,Secret Rare
sm12-260,CEC,SM,260,Naganadel & Guzzlord GX,https://assets.tcgdex.net/en/sm/sm12/260/high.png,0,Secret Rare
sm12-261,CEC,SM,261,Mega Lopunny & Jigglypuff GX,https://assets.tcgdex.net/en/sm/sm12/261/high.png,0,Secret Rare
sm12-262,CEC,SM,262,Silvally GX,https://assets.tcgdex.net/en/sm/sm12/262/high.png,0,Secret Rare
sm8-1,LOT,SM,1,Tangela,https://assets.tcgdex.net/en/sm/sm8/1/high.png,0,Common
sm8-2,LOT,SM,2,Tangrowth,https://assets.tcgdex.net/en/sm/sm8/2/high.png,0,Rare
sm8-3,LOT,SM,3,Scyther,https://assets.tcgdex.net/en/sm/sm8/3/high.png,0,Common
sm8-4,LOT,SM,4,Pinsir,https://assets.tcgdex.net/en/sm/sm8/4/high.png,0,Uncommon
sm8-5,LOT,SM,5,Chikorita,https://assets.tcgdex.net/en/sm/sm8/5/high.png,0,Common
sm8-6,LOT,SM,6,Chikorita,https://assets.tcgdex.net/en/sm/sm8/6/high.png,0,Common
sm8-7,LOT,SM,7,Bayleef,https://assets.tcgdex.net/en/sm/sm8/7/high.png,0,Uncommon
sm8-8,LOT,SM,8,Meganium,https://assets.tcgdex.net/en/sm/sm8/8/high.png,0,Rare
sm8-9,LOT,SM,9,Spinarak,https://assets.tcgdex.net/en/sm/sm8/9/high.png,0,Common
sm8-10,LOT,SM,10,Ariados,https://assets.tcgdex.net/en/sm/sm8/10/high.png,0,Uncommon
sm8-11,LOT,SM,11,Hoppip,https://assets.tcgdex.net/en/sm/sm8/11/high.png,0,Common
sm8-12,LOT,SM,12,Hoppip,https://assets.tcgdex.net/en/sm/sm8/12/high.png,0,Common
sm8-13,LOT,SM,13,Skiploom,https://assets.tcgdex.net/en/sm/sm8/13/high.png,0,Uncommon
sm8-14,LOT,SM,14,Jumpluff,https://assets.tcgdex.net/en/sm/sm8/14/high.png,0,Rare
sm8-15,LOT,SM,15,Pineco,https://assets.tcgdex.net/en/sm/sm8/15/high.png,0,Common
sm8-16,LOT,SM,16,Shuckle,https://assets.tcgdex.net/en/sm/sm8/16/high.png,0,Uncommon
sm8-17,LOT,SM,17,Shuckle GX,https://assets.tcgdex.net/en/sm/sm8/17/high.png,0,Ultra Rare
sm8-18,LOT,SM,18,Heracross,https://assets.tcgdex.net/en/sm/sm8/18/high.png,0,Uncommon
sm8-19,LOT,SM,19,Celebi ◇,https://assets.tcgdex.net/en/sm/sm8/19/high.png,0,Rare
sm8-20,LOT,SM,20,Treecko,https://assets.tcgdex.net/en/sm/sm8/20/high.png,0,Common
sm8-21,LOT,SM,21,Grovyle,https://assets.tcgdex.net/en/sm/sm8/21/high.png,0,Uncommon
sm8-22,LOT,SM,22,Sceptile GX,https://assets.tcgdex.net/en/sm/sm8/22/high.png,0,Ultra Rare
sm8-23,LOT,SM,23,Wurmple,https://assets.tcgdex.net/en/sm/sm8/23/high.png,0,Common
sm8-24,LOT,SM,24,Wurmple,https://assets.tcgdex.net/en/sm/sm8/24/high.png,0,Common
sm8-25,LOT,SM,25,Silcoon,https://assets.tcgdex.net/en/sm/sm8/25/high.png,0,Uncommon
sm8-26,LOT,SM,26,Beautifly,https://assets.tcgdex.net/en/sm/sm8/26/high.png,0,Rare
sm8-27,LOT,SM,27,Cascoon,https://assets.tcgdex.net/en/sm/sm8/27/high.png,0,Uncommon
sm8-28,LOT,SM,28,Dustox,https://assets.tcgdex.net/en/sm/sm8/28/high.png,0,Rare
sm8-29,LOT,SM,29,Nincada,https://assets.tcgdex.net/en/sm/sm8/29/high.png,0,Common
sm8-30,LOT,SM,30,Ninjask,https://assets.tcgdex.net/en/sm/sm8/30/high.png,0,Uncommon
sm8-31,LOT,SM,31,Combee,https://assets.tcgdex.net/en/sm/sm8/31/high.png,0,Common
sm8-32,LOT,SM,32,Vespiquen,https://assets.tcgdex.net/en/sm/sm8/32/high.png,0,Uncommon
sm8-33,LOT,SM,33,Shaymin,https://assets.tcgdex.net/en/sm/sm8/33/high.png,0,Rare
sm8-34,LOT,SM,34,Virizion GX,https://assets.tcgdex.net/en/sm/sm8/34/high.png,0,Ultra Rare
sm8-35,LOT,SM,35,Skiddo,https://assets.tcgdex.net/en/sm/sm8/35/high.png,0,Common
sm8-36,LOT,SM,36,Gogoat,https://assets.tcgdex.net/en/sm/sm8/36/high.png,0,Uncommon
sm8-37,LOT,SM,37,Tapu Bulu,https://assets.tcgdex.net/en/sm/sm8/37/high.png,0,Rare
sm8-38,LOT,SM,38,Moltres,https://assets.tcgdex.net/en/sm/sm8/38/high.png,0,Rare
sm8-39,LOT,SM,39,Cyndaquil,https://assets.tcgdex.net/en/sm/sm8/39/high.png,0,Common
sm8-40,LOT,SM,40,Cyndaquil,https://assets.tcgdex.net/en/sm/sm8/40/high.png,0,Common
sm8-41,LOT,SM,41,Quilava,https://assets.tcgdex.net/en/sm/sm8/41/high.png,0,Uncommon
sm8-42,LOT,SM,42,Typhlosion,https://assets.tcgdex.net/en/sm/sm8/42/high.png,0,Rare
sm8-43,LOT,SM,43,Slugma,https://assets.tcgdex.net/en/sm/sm8/43/high.png,0,Common
sm8-44,LOT,SM,44,Magcargo GX,https://assets.tcgdex.net/en/sm/sm8/44/high.png,0,Ultra Rare
sm8-45,LOT,SM,45,Houndour,https://assets.tcgdex.net/en/sm/sm8/45/high.png,0,Common
sm8-46,LOT,SM,46,Houndoom,https://assets.tcgdex.net/en/sm/sm8/46/high.png,0,Rare
sm8-47,LOT,SM,47,Entei,https://assets.tcgdex.net/en/sm/sm8/47/high.png,0,Rare
sm8-48,LOT,SM,48,Heatran,https://assets.tcgdex.net/en/sm/sm8/48/high.png,0,Rare
sm8-49,LOT,SM,49,Victini,https://assets.tcgdex.net/en/sm/sm8/49/high.png,0,Rare
sm8-50,LOT,SM,50,Litleo,https://assets.tcgdex.net/en/sm/sm8/50/high.png,0,Common
sm8-51,LOT,SM,51,Pyroar,https://assets.tcgdex.net/en/sm/sm8/51/high.png,0,Rare
sm8-52,LOT,SM,52,Blacephalon GX,https://assets.tcgdex.net/en/sm/sm8/52/high.png,0,Ultra Rare
sm8-53,LOT,SM,53,Alolan Vulpix,https://assets.tcgdex.net/en/sm/sm8/53/high.png,0,Common
sm8-54,LOT,SM,54,Slowpoke,https://assets.tcgdex.net/en/sm/sm8/54/high.png,0,Common
sm8-55,LOT,SM,55,Slowking,https://assets.tcgdex.net/en/sm/sm8/55/high.png,0,Rare
sm8-56,LOT,SM,56,Lapras,https://assets.tcgdex.net/en/sm/sm8/56/high.png,0,Rare
sm8-57,LOT,SM,57,Delibird,https://assets.tcgdex.net/en/sm/sm8/57/high.png,0,Uncommon
sm8-58,LOT,SM,58,Mantine,https://assets.tcgdex.net/en/sm/sm8/58/high.png,0,Uncommon
sm8-59,LOT,SM,59,Suicune,https://assets.tcgdex.net/en/sm/sm8/59/high.png,0,Rare
sm8-60,LOT,SM,60,Suicune GX,https://assets.tcgdex.net/en/sm/sm8/60/high.png,0,Ultra Rare
sm8-61,LOT,SM,61,Cubchoo,https://assets.tcgdex.net/en/sm/sm8/61/high.png,0,Common
sm8-62,LOT,SM,62,Beartic,https://assets.tcgdex.net/en/sm/sm8/62/high.png,0,Rare
sm8-63,LOT,SM,63,White Kyurem,https://assets.tcgdex.net/en/sm/sm8/63/high.png,0,Rare
sm8-64,LOT,SM,64,Popplio,https://assets.tcgdex.net/en/sm/sm8/64/high.png,0,Common
sm8-65,LOT,SM,65,Popplio,https://assets.tcgdex.net/en/sm/sm8/65/high.png,0,Common
sm8-66,LOT,SM,66,Brionne,https://assets.tcgdex.net/en/sm/sm8/66/high.png,0,Uncommon
sm8-67,LOT,SM,67,Primarina,https://assets.tcgdex.net/en/sm/sm8/67/high.png,0,Rare
sm8-68,LOT,SM,68,Mareanie,https://assets.tcgdex.net/en/sm/sm8/68/high.png,0,Common
sm8-69,LOT,SM,69,Toxapex,https://assets.tcgdex.net/en/sm/sm8/69/high.png,0,Rare
sm8-70,LOT,SM,70,Bruxish,https://assets.tcgdex.net/en/sm/sm8/70/high.png,0,Common
sm8-71,LOT,SM,71,Electabuzz,https://assets.tcgdex.net/en/sm/sm8/71/high.png,0,Uncommon
sm8-72,LOT,SM,72,Electivire,https://assets.tcgdex.net/en/sm/sm8/72/high.png,0,Rare
sm8-73,LOT,SM,73,Chinchou,https://assets.tcgdex.net/en/sm/sm8/73/high.png,0,Common
sm8-74,LOT,SM,74,Lanturn,https://assets.tcgdex.net/en/sm/sm8/74/high.png,0,Rare
sm8-75,LOT,SM,75,Mareep,https://assets.tcgdex.net/en/sm/sm8/75/high.png,0,Common
sm8-76,LOT,SM,76,Mareep,https://assets.tcgdex.net/en/sm/sm8/76/high.png,0,Common
sm8-77,LOT,SM,77,Flaaffy,https://assets.tcgdex.net/en/sm/sm8/77/high.png,0,Uncommon
sm8-78,LOT,SM,78,Ampharos,https://assets.tcgdex.net/en/sm/sm8/78/high.png,0,Rare
sm8-79,LOT,SM,79,Raikou,https://assets.tcgdex.net/en/sm/sm8/79/high.png,0,Rare
sm8-80,LOT,SM,80,Pachirisu,https://assets.tcgdex.net/en/sm/sm8/80/high.png,0,Common
sm8-81,LOT,SM,81,Blitzle,https://assets.tcgdex.net/en/sm/sm8/81/high.png,0,Common
sm8-82,LOT,SM,82,Zebstrika,https://assets.tcgdex.net/en/sm/sm8/82/high.png,0,Rare
sm8-83,LOT,SM,83,Stunfisk,https://assets.tcgdex.net/en/sm/sm8/83/high.png,0,Common
sm8-84,LOT,SM,84,Dedenne,https://assets.tcgdex.net/en/sm/sm8/84/high.png,0,Common
sm8-85,LOT,SM,85,Tapu Koko,https://assets.tcgdex.net/en/sm/sm8/85/high.png,0,Rare
sm8-86,LOT,SM,86,Zeraora GX,https://assets.tcgdex.net/en/sm/sm8/86/high.png,0,Ultra Rare
sm8-87,LOT,SM,87,Natu,https://assets.tcgdex.net/en/sm/sm8/87/high.png,0,Common
sm8-88,LOT,SM,88,Xatu,https://assets.tcgdex.net/en/sm/sm8/88/high.png,0,Uncommon
sm8-89,LOT,SM,89,Espeon,https://assets.tcgdex.net/en/sm/sm8/89/high.png,0,Rare
sm8-90,LOT,SM,90,Unown,https://assets.tcgdex.net/en/sm/sm8/90/high.png,0,Rare
sm8-91,LOT,SM,91,Unown,https://assets.tcgdex.net/en/sm/sm8/91/high.png,0,Rare
sm8-92,LOT,SM,92,Unown,https://assets.tcgdex.net/en/sm/sm8/92/high.png,0,Rare
sm8-93,LOT,SM,93,Wobbuffet,https://assets.tcgdex.net/en/sm/sm8/93/high.png,0,Rare
sm8-94,LOT,SM,94,Girafarig,https://assets.tcgdex.net/en/sm/sm8/94/high.png,0,Uncommon
sm8-95,LOT,SM,95,Shedinja,https://assets.tcgdex.net/en/sm/sm8/95/high.png,0,Rare
sm8-96,LOT,SM,96,Sableye,https://assets.tcgdex.net/en/sm/sm8/96/high.png,0,Uncommon
sm8-97,LOT,SM,97,Giratina,https://assets.tcgdex.net/en/sm/sm8/97/high.png,0,Rare
sm8-98,LOT,SM,98,Sigilyph GX,https://assets.tcgdex.net/en/sm/sm8/98/high.png,0,Ultra Rare
sm8-99,LOT,SM,99,Yamask,https://assets.tcgdex.net/en/sm/sm8/99/high.png,0,Common
sm8-100,LOT,SM,100,Cofagrigus,https://assets.tcgdex.net/en/sm/sm8/100/high.png,0,Rare
sm8-101,LOT,SM,101,Litwick,https://assets.tcgdex.net/en/sm/sm8/101/high.png,0,Common
sm8-102,LOT,SM,102,Lampent,https://assets.tcgdex.net/en/sm/sm8/102/high.png,0,Uncommon
sm8-103,LOT,SM,103,Chandelure,https://assets.tcgdex.net/en/sm/sm8/103/high.png,0,Rare
sm8-104,LOT,SM,104,Meloetta,https://assets.tcgdex.net/en/sm/sm8/104/high.png,0,Rare
sm8-105,LOT,SM,105,Mareanie,https://assets.tcgdex.net/en/sm/sm8/105/high.png,0,Common
sm8-106,LOT,SM,106,Nihilego,https://assets.tcgdex.net/en/sm/sm8/106/high.png,0,Rare
sm8-107,LOT,SM,107,Poipole,https://assets.tcgdex.net/en/sm/sm8/107/high.png,0,Common
sm8-108,LOT,SM,108,Naganadel,https://assets.tcgdex.net/en/sm/sm8/108/high.png,0,Rare
sm8-109,LOT,SM,109,Onix,https://assets.tcgdex.net/en/sm/sm8/109/high.png,0,Common
sm8-110,LOT,SM,110,Sudowoodo,https://assets.tcgdex.net/en/sm/sm8/110/high.png,0,Uncommon
sm8-111,LOT,SM,111,Phanpy,https://assets.tcgdex.net/en/sm/sm8/111/high.png,0,Common
sm8-112,LOT,SM,112,Donphan,https://assets.tcgdex.net/en/sm/sm8/112/high.png,0,Rare
sm8-113,LOT,SM,113,Hitmontop,https://assets.tcgdex.net/en/sm/sm8/113/high.png,0,Uncommon
sm8-114,LOT,SM,114,Larvitar,https://assets.tcgdex.net/en/sm/sm8/114/high.png,0,Common
sm8-115,LOT,SM,115,Larvitar,https://assets.tcgdex.net/en/sm/sm8/115/high.png,0,Common
sm8-116,LOT,SM,116,Pupitar,https://assets.tcgdex.net/en/sm/sm8/116/high.png,0,Uncommon
sm8-117,LOT,SM,117,Carbink,https://assets.tcgdex.net/en/sm/sm8/117/high.png,0,Common
sm8-118,LOT,SM,118,Alolan Meowth,https://assets.tcgdex.net/en/sm/sm8/118/high.png,0,Common
sm8-119,LOT,SM,119,Alolan Persian,https://assets.tcgdex.net/en/sm/sm8/119/high.png,0,Rare
sm8-120,LOT,SM,120,Umbreon,https://assets.tcgdex.net/en/sm/sm8/120/high.png,0,Rare
sm8-121,LOT,SM,121,Tyranitar GX,https://assets.tcgdex.net/en/sm/sm8/121/high.png,0,Ultra Rare
sm8-122,LOT,SM,122,Alolan Diglett,https://assets.tcgdex.net/en/sm/sm8/122/high.png,0,Common
sm8-123,LOT,SM,123,Alolan Dugtrio,https://assets.tcgdex.net/en/sm/sm8/123/high.png,0,Uncommon
sm8-124,LOT,SM,124,Forretress,https://assets.tcgdex.net/en/sm/sm8/124/high.png,0,Rare
sm8-125,LOT,SM,125,Steelix,https://assets.tcgdex.net/en/sm/sm8/125/high.png,0,Rare
sm8-126,LOT,SM,126,Scizor,https://assets.tcgdex.net/en/sm/sm8/126/high.png,0,Rare
sm8-127,LOT,SM,127,Dialga,https://assets.tcgdex.net/en/sm/sm8/127/high.png,0,Rare
sm8-128,LOT,SM,128,Durant,https://assets.tcgdex.net/en/sm/sm8/128/high.png,0,Common
sm8-129,LOT,SM,129,Cobalion,https://assets.tcgdex.net/en/sm/sm8/129/high.png,0,Rare
sm8-130,LOT,SM,130,Genesect GX,https://assets.tcgdex.net/en/sm/sm8/130/high.png,0,Ultra Rare
sm8-131,LOT,SM,131,Magearna,https://assets.tcgdex.net/en/sm/sm8/131/high.png,0,Uncommon
sm8-132,LOT,SM,132,Alolan Ninetales GX,https://assets.tcgdex.net/en/sm/sm8/132/high.png,0,Ultra Rare
sm8-133,LOT,SM,133,Jigglypuff,https://assets.tcgdex.net/en/sm/sm8/133/high.png,0,Common
sm8-134,LOT,SM,134,Wigglytuff,https://assets.tcgdex.net/en/sm/sm8/134/high.png,0,Rare
sm8-135,LOT,SM,135,Marill,https://assets.tcgdex.net/en/sm/sm8/135/high.png,0,Common
sm8-136,LOT,SM,136,Azumarill,https://assets.tcgdex.net/en/sm/sm8/136/high.png,0,Rare
sm8-137,LOT,SM,137,Snubbull,https://assets.tcgdex.net/en/sm/sm8/137/high.png,0,Common
sm8-138,LOT,SM,138,Granbull,https://assets.tcgdex.net/en/sm/sm8/138/high.png,0,Rare
sm8-139,LOT,SM,139,Ralts,https://assets.tcgdex.net/en/sm/sm8/139/high.png,0,Common
sm8-140,LOT,SM,140,Kirlia,https://assets.tcgdex.net/en/sm/sm8/140/high.png,0,Uncommon
sm8-141,LOT,SM,141,Gardevoir,https://assets.tcgdex.net/en/sm/sm8/141/high.png,0,Rare
sm8-142,LOT,SM,142,Dedenne,https://assets.tcgdex.net/en/sm/sm8/142/high.png,0,Uncommon
sm8-143,LOT,SM,143,Carbink,https://assets.tcgdex.net/en/sm/sm8/143/high.png,0,Uncommon
sm8-144,LOT,SM,144,Xerneas ◇,https://assets.tcgdex.net/en/sm/sm8/144/high.png,0,Rare
sm8-145,LOT,SM,145,Cutiefly,https://assets.tcgdex.net/en/sm/sm8/145/high.png,0,Common
sm8-146,LOT,SM,146,Ribombee,https://assets.tcgdex.net/en/sm/sm8/146/high.png,0,Rare
sm8-147,LOT,SM,147,Morelull,https://assets.tcgdex.net/en/sm/sm8/147/high.png,0,Common
sm8-148,LOT,SM,148,Shiinotic,https://assets.tcgdex.net/en/sm/sm8/148/high.png,0,Uncommon
sm8-149,LOT,SM,149,Mimikyu GX,https://assets.tcgdex.net/en/sm/sm8/149/high.png,0,Ultra Rare
sm8-150,LOT,SM,150,Tapu Lele,https://assets.tcgdex.net/en/sm/sm8/150/high.png,0,Rare
sm8-151,LOT,SM,151,Tapu Fini,https://assets.tcgdex.net/en/sm/sm8/151/high.png,0,Rare
sm8-152,LOT,SM,152,Chansey,https://assets.tcgdex.net/en/sm/sm8/152/high.png,0,Common
sm8-153,LOT,SM,153,Blissey,https://assets.tcgdex.net/en/sm/sm8/153/high.png,0,Rare
sm8-154,LOT,SM,154,Ditto ◇,https://assets.tcgdex.net/en/sm/sm8/154/high.png,0,Rare
sm8-155,LOT,SM,155,Eevee,https://assets.tcgdex.net/en/sm/sm8/155/high.png,0,Common
sm8-156,LOT,SM,156,Stantler,https://assets.tcgdex.net/en/sm/sm8/156/high.png,0,Uncommon
sm8-157,LOT,SM,157,Smeargle,https://assets.tcgdex.net/en/sm/sm8/157/high.png,0,Rare
sm8-158,LOT,SM,158,Miltank,https://assets.tcgdex.net/en/sm/sm8/158/high.png,0,Rare
sm8-159,LOT,SM,159,Lugia GX,https://assets.tcgdex.net/en/sm/sm8/159/high.png,0,Ultra Rare
sm8-160,LOT,SM,160,Ho-Oh,https://assets.tcgdex.net/en/sm/sm8/160/high.png,0,Rare
sm8-161,LOT,SM,161,Kecleon,https://assets.tcgdex.net/en/sm/sm8/161/high.png,0,Uncommon
sm8-162,LOT,SM,162,Kecleon,https://assets.tcgdex.net/en/sm/sm8/162/high.png,0,Uncommon
sm8-163,LOT,SM,163,Pikipek,https://assets.tcgdex.net/en/sm/sm8/163/high.png,0,Common
sm8-164,LOT,SM,164,Pikipek,https://assets.tcgdex.net/en/sm/sm8/164/high.png,0,Common
sm8-165,LOT,SM,165,Trumbeak,https://assets.tcgdex.net/en/sm/sm8/165/high.png,0,Uncommon
sm8-166,LOT,SM,166,Toucannon,https://assets.tcgdex.net/en/sm/sm8/166/high.png,0,Rare
sm8-195,LOT,SM,195,Shuckle GX,https://assets.tcgdex.net/en/sm/sm8/195/high.png,0,Ultra Rare
sm8-196,LOT,SM,196,Sceptile GX,https://assets.tcgdex.net/en/sm/sm8/196/high.png,0,Ultra Rare
sm8-197,LOT,SM,197,Virizion GX,https://assets.tcgdex.net/en/sm/sm8/197/high.png,0,Ultra Rare
sm8-198,LOT,SM,198,Magcargo GX,https://assets.tcgdex.net/en/sm/sm8/198/high.png,0,Ultra Rare
sm8-199,LOT,SM,199,Blacephalon GX,https://assets.tcgdex.net/en/sm/sm8/199/high.png,0,Ultra Rare
sm8-200,LOT,SM,200,Suicune GX,https://assets.tcgdex.net/en/sm/sm8/200/high.png,0,Ultra Rare
sm8-201,LOT,SM,201,Zeraora GX,https://assets.tcgdex.net/en/sm/sm8/201/high.png,0,Ultra Rare
sm8-202,LOT,SM,202,Sigilyph GX,https://assets.tcgdex.net/en/sm/sm8/202/high.png,0,Ultra Rare
sm8-203,LOT,SM,203,Tyranitar GX,https://assets.tcgdex.net/en/sm/sm8/203/high.png,0,Ultra Rare
sm8-204,LOT,SM,204,Genesect GX,https://assets.tcgdex.net/en/sm/sm8/204/high.png,0,Ultra Rare
sm8-205,LOT,SM,205,Alolan Ninetales GX,https://assets.tcgdex.net/en/sm/sm8/205/high.png,0,Ultra Rare
sm8-206,LOT,SM,206,Mimikyu GX,https://assets.tcgdex.net/en/sm/sm8/206/high.png,0,Ultra Rare
sm8-207,LOT,SM,207,Lugia GX,https://assets.tcgdex.net/en/sm/sm8/207/high.png,0,Ultra Rare
sm8-215,LOT,SM,215,Shuckle GX,https://assets.tcgdex.net/en/sm/sm8/215/high.png,0,Secret Rare
sm8-216,LOT,SM,216,Sceptile GX,https://assets.tcgdex.net/en/sm/sm8/216/high.png,0,Secret Rare
sm8-217,LOT,SM,217,Virizion GX,https://assets.tcgdex.net/en/sm/sm8/217/high.png,0,Secret Rare
sm8-218,LOT,SM,218,Magcargo GX,https://assets.tcgdex.net/en/sm/sm8/218/high.png,0,Secret Rare
sm8-219,LOT,SM,219,Blacephalon GX,https://assets.tcgdex.net/en/sm/sm8/219/high.png,0,Secret Rare
sm8-220,LOT,SM,220,Suicune GX,https://assets.tcgdex.net/en/sm/sm8/220/high.png,0,Secret Rare
sm8-221,LOT,SM,221,Zeraora GX,https://assets.tcgdex.net/en/sm/sm8/221/high.png,0,Secret Rare
sm8-222,LOT,SM,222,Sigilyph GX,https://assets.tcgdex.net/en/sm/sm8/222/high.png,0,Secret Rare
sm8-223,LOT,SM,223,Tyranitar GX,https://assets.tcgdex.net/en/sm/sm8/223/high.png,0,Secret Rare
sm8-224,LOT,SM,224,Genesect GX,https://assets.tcgdex.net/en/sm/sm8/224/high.png,0,Secret Rare
sm8-225,LOT,SM,225,Alolan Ninetales GX,https://assets.tcgdex.net/en/sm/sm8/225/high.png,0,Secret Rare
sm8-226,LOT,SM,226,Mimikyu GX,https://assets.tcgdex.net/en/sm/sm8/226/high.png,0,Secret Rare
sm8-227,LOT,SM,227,Lugia GX,https://assets.tcgdex.net/en/sm/sm8/227/high.png,0,Secret Rare
sm9-1,TEU,SM,1,Celebi & Venusaur GX,https://assets.tcgdex.net/en/sm/sm9/1/high.png,0,Ultra Rare
sm9-2,TEU,SM,2,Weedle,https://assets.tcgdex.net/en/sm/sm9/2/high.png,0,Common
sm9-3,TEU,SM,3,Weedle,https://assets.tcgdex.net/en/sm/sm9/3/high.png,0,Common
sm9-4,TEU,SM,4,Kakuna,https://assets.tcgdex.net/en/sm/sm9/4/high.png,0,Uncommon
sm9-5,TEU,SM,5,Beedrill,https://assets.tcgdex.net/en/sm/sm9/5/high.png,0,Rare
sm9-6,TEU,SM,6,Paras,https://assets.tcgdex.net/en/sm/sm9/6/high.png,0,Common
sm9-7,TEU,SM,7,Parasect,https://assets.tcgdex.net/en/sm/sm9/7/high.png,0,Rare
sm9-8,TEU,SM,8,Exeggcute,https://assets.tcgdex.net/en/sm/sm9/8/high.png,0,Common
sm9-9,TEU,SM,9,Pinsir,https://assets.tcgdex.net/en/sm/sm9/9/high.png,0,Rare
sm9-10,TEU,SM,10,Shaymin ◇,https://assets.tcgdex.net/en/sm/sm9/10/high.png,0,Rare
sm9-11,TEU,SM,11,Charmander,https://assets.tcgdex.net/en/sm/sm9/11/high.png,0,Common
sm9-12,TEU,SM,12,Charmander,https://assets.tcgdex.net/en/sm/sm9/12/high.png,0,Common
sm9-13,TEU,SM,13,Charmeleon,https://assets.tcgdex.net/en/sm/sm9/13/high.png,0,Uncommon
sm9-14,TEU,SM,14,Charizard,https://assets.tcgdex.net/en/sm/sm9/14/high.png,0,Rare
sm9-15,TEU,SM,15,Vulpix,https://assets.tcgdex.net/en/sm/sm9/15/high.png,0,Common
sm9-16,TEU,SM,16,Ninetales,https://assets.tcgdex.net/en/sm/sm9/16/high.png,0,Rare
sm9-17,TEU,SM,17,Ponyta,https://assets.tcgdex.net/en/sm/sm9/17/high.png,0,Common
sm9-18,TEU,SM,18,Rapidash,https://assets.tcgdex.net/en/sm/sm9/18/high.png,0,Uncommon
sm9-19,TEU,SM,19,Moltres,https://assets.tcgdex.net/en/sm/sm9/19/high.png,0,Rare
sm9-20,TEU,SM,20,Litten,https://assets.tcgdex.net/en/sm/sm9/20/high.png,0,Common
sm9-21,TEU,SM,21,Torracat,https://assets.tcgdex.net/en/sm/sm9/21/high.png,0,Uncommon
sm9-22,TEU,SM,22,Squirtle,https://assets.tcgdex.net/en/sm/sm9/22/high.png,0,Common
sm9-23,TEU,SM,23,Squirtle,https://assets.tcgdex.net/en/sm/sm9/23/high.png,0,Common
sm9-24,TEU,SM,24,Wartortle,https://assets.tcgdex.net/en/sm/sm9/24/high.png,0,Uncommon
sm9-25,TEU,SM,25,Blastoise,https://assets.tcgdex.net/en/sm/sm9/25/high.png,0,Rare
sm9-26,TEU,SM,26,Psyduck,https://assets.tcgdex.net/en/sm/sm9/26/high.png,0,Common
sm9-27,TEU,SM,27,Golduck,https://assets.tcgdex.net/en/sm/sm9/27/high.png,0,Uncommon
sm9-28,TEU,SM,28,Staryu,https://assets.tcgdex.net/en/sm/sm9/28/high.png,0,Common
sm9-29,TEU,SM,29,Magikarp,https://assets.tcgdex.net/en/sm/sm9/29/high.png,0,Common
sm9-30,TEU,SM,30,Gyarados,https://assets.tcgdex.net/en/sm/sm9/30/high.png,0,Rare
sm9-31,TEU,SM,31,Lapras,https://assets.tcgdex.net/en/sm/sm9/31/high.png,0,Rare
sm9-32,TEU,SM,32,Articuno,https://assets.tcgdex.net/en/sm/sm9/32/high.png,0,Rare
sm9-33,TEU,SM,33,Pikachu & Zekrom GX,https://assets.tcgdex.net/en/sm/sm9/33/high.png,0,Ultra Rare
sm9-34,TEU,SM,34,Alolan Geodude,https://assets.tcgdex.net/en/sm/sm9/34/high.png,0,Common
sm9-35,TEU,SM,35,Alolan Geodude,https://assets.tcgdex.net/en/sm/sm9/35/high.png,0,Common
sm9-36,TEU,SM,36,Alolan Graveler,https://assets.tcgdex.net/en/sm/sm9/36/high.png,0,Uncommon
sm9-37,TEU,SM,37,Alolan Golem,https://assets.tcgdex.net/en/sm/sm9/37/high.png,0,Rare
sm9-38,TEU,SM,38,Voltorb,https://assets.tcgdex.net/en/sm/sm9/38/high.png,0,Common
sm9-39,TEU,SM,39,Electrode,https://assets.tcgdex.net/en/sm/sm9/39/high.png,0,Rare
sm9-40,TEU,SM,40,Zapdos,https://assets.tcgdex.net/en/sm/sm9/40/high.png,0,Rare
sm9-41,TEU,SM,41,Mareep,https://assets.tcgdex.net/en/sm/sm9/41/high.png,0,Common
sm9-42,TEU,SM,42,Flaaffy,https://assets.tcgdex.net/en/sm/sm9/42/high.png,0,Uncommon
sm9-43,TEU,SM,43,Ampharos GX,https://assets.tcgdex.net/en/sm/sm9/43/high.png,0,Ultra Rare
sm9-44,TEU,SM,44,Blitzle,https://assets.tcgdex.net/en/sm/sm9/44/high.png,0,Common
sm9-45,TEU,SM,45,Zebstrika,https://assets.tcgdex.net/en/sm/sm9/45/high.png,0,Rare
sm9-46,TEU,SM,46,Emolga,https://assets.tcgdex.net/en/sm/sm9/46/high.png,0,Common
sm9-47,TEU,SM,47,Joltik,https://assets.tcgdex.net/en/sm/sm9/47/high.png,0,Common
sm9-48,TEU,SM,48,Galvantula,https://assets.tcgdex.net/en/sm/sm9/48/high.png,0,Rare
sm9-49,TEU,SM,49,Helioptile,https://assets.tcgdex.net/en/sm/sm9/49/high.png,0,Common
sm9-50,TEU,SM,50,Heliolisk,https://assets.tcgdex.net/en/sm/sm9/50/high.png,0,Uncommon
sm9-51,TEU,SM,51,Tapu Koko ◇,https://assets.tcgdex.net/en/sm/sm9/51/high.png,0,Rare
sm9-52,TEU,SM,52,Zeraora,https://assets.tcgdex.net/en/sm/sm9/52/high.png,0,Rare
sm9-53,TEU,SM,53,Gengar & Mimikyu GX,https://assets.tcgdex.net/en/sm/sm9/53/high.png,0,Ultra Rare
sm9-54,TEU,SM,54,Nidoran♀,https://assets.tcgdex.net/en/sm/sm9/54/high.png,0,Common
sm9-55,TEU,SM,55,Nidorina,https://assets.tcgdex.net/en/sm/sm9/55/high.png,0,Uncommon
sm9-56,TEU,SM,56,Nidoqueen,https://assets.tcgdex.net/en/sm/sm9/56/high.png,0,Rare
sm9-57,TEU,SM,57,Nidoran♂,https://assets.tcgdex.net/en/sm/sm9/57/high.png,0,Common
sm9-58,TEU,SM,58,Nidorino,https://assets.tcgdex.net/en/sm/sm9/58/high.png,0,Uncommon
sm9-59,TEU,SM,59,Nidoking,https://assets.tcgdex.net/en/sm/sm9/59/high.png,0,Rare
sm9-60,TEU,SM,60,Tentacool,https://assets.tcgdex.net/en/sm/sm9/60/high.png,0,Common
sm9-61,TEU,SM,61,Tentacruel,https://assets.tcgdex.net/en/sm/sm9/61/high.png,0,Uncommon
sm9-62,TEU,SM,62,Grimer,https://assets.tcgdex.net/en/sm/sm9/62/high.png,0,Common
sm9-63,TEU,SM,63,Muk,https://assets.tcgdex.net/en/sm/sm9/63/high.png,0,Rare
sm9-64,TEU,SM,64,Alolan Marowak,https://assets.tcgdex.net/en/sm/sm9/64/high.png,0,Rare
sm9-65,TEU,SM,65,Starmie,https://assets.tcgdex.net/en/sm/sm9/65/high.png,0,Rare
sm9-66,TEU,SM,66,Mr. Mime,https://assets.tcgdex.net/en/sm/sm9/66/high.png,0,Rare
sm9-67,TEU,SM,67,Mr. Mime GX,https://assets.tcgdex.net/en/sm/sm9/67/high.png,0,Ultra Rare
sm9-68,TEU,SM,68,Jynx,https://assets.tcgdex.net/en/sm/sm9/68/high.png,0,Uncommon
sm9-69,TEU,SM,69,Cosmog,https://assets.tcgdex.net/en/sm/sm9/69/high.png,0,Common
sm9-70,TEU,SM,70,Cosmoem,https://assets.tcgdex.net/en/sm/sm9/70/high.png,0,Uncommon
sm9-71,TEU,SM,71,Mankey,https://assets.tcgdex.net/en/sm/sm9/71/high.png,0,Common
sm9-72,TEU,SM,72,Primeape,https://assets.tcgdex.net/en/sm/sm9/72/high.png,0,Rare
sm9-73,TEU,SM,73,Hitmonlee,https://assets.tcgdex.net/en/sm/sm9/73/high.png,0,Uncommon
sm9-74,TEU,SM,74,Hitmonchan,https://assets.tcgdex.net/en/sm/sm9/74/high.png,0,Uncommon
sm9-75,TEU,SM,75,Omanyte,https://assets.tcgdex.net/en/sm/sm9/75/high.png,0,Uncommon
sm9-76,TEU,SM,76,Omastar,https://assets.tcgdex.net/en/sm/sm9/76/high.png,0,Rare
sm9-77,TEU,SM,77,Kabuto,https://assets.tcgdex.net/en/sm/sm9/77/high.png,0,Uncommon
sm9-78,TEU,SM,78,Kabutops,https://assets.tcgdex.net/en/sm/sm9/78/high.png,0,Rare
sm9-79,TEU,SM,79,Larvitar,https://assets.tcgdex.net/en/sm/sm9/79/high.png,0,Common
sm9-80,TEU,SM,80,Pupitar,https://assets.tcgdex.net/en/sm/sm9/80/high.png,0,Uncommon
sm9-81,TEU,SM,81,Pancham,https://assets.tcgdex.net/en/sm/sm9/81/high.png,0,Common
sm9-82,TEU,SM,82,Lycanroc GX,https://assets.tcgdex.net/en/sm/sm9/82/high.png,0,Ultra Rare
sm9-83,TEU,SM,83,Alolan Grimer,https://assets.tcgdex.net/en/sm/sm9/83/high.png,0,Common
sm9-84,TEU,SM,84,Alolan Muk,https://assets.tcgdex.net/en/sm/sm9/84/high.png,0,Rare
sm9-85,TEU,SM,85,Tyranitar,https://assets.tcgdex.net/en/sm/sm9/85/high.png,0,Rare
sm9-86,TEU,SM,86,Poochyena,https://assets.tcgdex.net/en/sm/sm9/86/high.png,0,Common
sm9-87,TEU,SM,87,Mightyena,https://assets.tcgdex.net/en/sm/sm9/87/high.png,0,Rare
sm9-88,TEU,SM,88,Absol,https://assets.tcgdex.net/en/sm/sm9/88/high.png,0,Rare
sm9-89,TEU,SM,89,Spiritomb,https://assets.tcgdex.net/en/sm/sm9/89/high.png,0,Uncommon
sm9-90,TEU,SM,90,Zorua,https://assets.tcgdex.net/en/sm/sm9/90/high.png,0,Common
sm9-91,TEU,SM,91,Zoroark,https://assets.tcgdex.net/en/sm/sm9/91/high.png,0,Rare
sm9-92,TEU,SM,92,Vullaby,https://assets.tcgdex.net/en/sm/sm9/92/high.png,0,Common
sm9-93,TEU,SM,93,Mandibuzz,https://assets.tcgdex.net/en/sm/sm9/93/high.png,0,Rare
sm9-94,TEU,SM,94,Pangoro,https://assets.tcgdex.net/en/sm/sm9/94/high.png,0,Rare
sm9-95,TEU,SM,95,Yveltal,https://assets.tcgdex.net/en/sm/sm9/95/high.png,0,Rare
sm9-96,TEU,SM,96,Hoopa GX,https://assets.tcgdex.net/en/sm/sm9/96/high.png,0,Ultra Rare
sm9-97,TEU,SM,97,Incineroar GX,https://assets.tcgdex.net/en/sm/sm9/97/high.png,0,Ultra Rare
sm9-98,TEU,SM,98,Skarmory,https://assets.tcgdex.net/en/sm/sm9/98/high.png,0,Rare
sm9-99,TEU,SM,99,Jirachi,https://assets.tcgdex.net/en/sm/sm9/99/high.png,0,Rare
sm9-100,TEU,SM,100,Bronzor,https://assets.tcgdex.net/en/sm/sm9/100/high.png,0,Common
sm9-101,TEU,SM,101,Bronzong,https://assets.tcgdex.net/en/sm/sm9/101/high.png,0,Rare
sm9-102,TEU,SM,102,Ferroseed,https://assets.tcgdex.net/en/sm/sm9/102/high.png,0,Common
sm9-103,TEU,SM,103,Ferrothorn,https://assets.tcgdex.net/en/sm/sm9/103/high.png,0,Rare
sm9-104,TEU,SM,104,Pawniard,https://assets.tcgdex.net/en/sm/sm9/104/high.png,0,Common
sm9-105,TEU,SM,105,Bisharp,https://assets.tcgdex.net/en/sm/sm9/105/high.png,0,Rare
sm9-106,TEU,SM,106,Cobalion GX,https://assets.tcgdex.net/en/sm/sm9/106/high.png,0,Ultra Rare
sm9-107,TEU,SM,107,Honedge,https://assets.tcgdex.net/en/sm/sm9/107/high.png,0,Common
sm9-108,TEU,SM,108,Doublade,https://assets.tcgdex.net/en/sm/sm9/108/high.png,0,Uncommon
sm9-109,TEU,SM,109,Aegislash,https://assets.tcgdex.net/en/sm/sm9/109/high.png,0,Rare
sm9-110,TEU,SM,110,Klefki,https://assets.tcgdex.net/en/sm/sm9/110/high.png,0,Common
sm9-111,TEU,SM,111,Alolan Ninetales,https://assets.tcgdex.net/en/sm/sm9/111/high.png,0,Rare
sm9-112,TEU,SM,112,Mimikyu,https://assets.tcgdex.net/en/sm/sm9/112/high.png,0,Rare
sm9-113,TEU,SM,113,Latias & Latios GX,https://assets.tcgdex.net/en/sm/sm9/113/high.png,0,Ultra Rare
sm9-114,TEU,SM,114,Alolan Exeggutor,https://assets.tcgdex.net/en/sm/sm9/114/high.png,0,Rare
sm9-115,TEU,SM,115,Alolan Exeggutor,https://assets.tcgdex.net/en/sm/sm9/115/high.png,0,Rare
sm9-116,TEU,SM,116,Dratini,https://assets.tcgdex.net/en/sm/sm9/116/high.png,0,Common
sm9-117,TEU,SM,117,Dratini,https://assets.tcgdex.net/en/sm/sm9/117/high.png,0,Common
sm9-118,TEU,SM,118,Dragonair,https://assets.tcgdex.net/en/sm/sm9/118/high.png,0,Uncommon
sm9-119,TEU,SM,119,Dragonite,https://assets.tcgdex.net/en/sm/sm9/119/high.png,0,Rare
sm9-120,TEU,SM,120,Eevee & Snorlax GX,https://assets.tcgdex.net/en/sm/sm9/120/high.png,0,Ultra Rare
sm9-121,TEU,SM,121,Pidgey,https://assets.tcgdex.net/en/sm/sm9/121/high.png,0,Common
sm9-122,TEU,SM,122,Pidgey,https://assets.tcgdex.net/en/sm/sm9/122/high.png,0,Common
sm9-123,TEU,SM,123,Pidgeotto,https://assets.tcgdex.net/en/sm/sm9/123/high.png,0,Common
sm9-124,TEU,SM,124,Pidgeot,https://assets.tcgdex.net/en/sm/sm9/124/high.png,0,Rare
sm9-125,TEU,SM,125,Meowth,https://assets.tcgdex.net/en/sm/sm9/125/high.png,0,Common
sm9-126,TEU,SM,126,Persian,https://assets.tcgdex.net/en/sm/sm9/126/high.png,0,Uncommon
sm9-127,TEU,SM,127,Farfetch’d,https://assets.tcgdex.net/en/sm/sm9/127/high.png,0,Uncommon
sm9-128,TEU,SM,128,Kangaskhan,https://assets.tcgdex.net/en/sm/sm9/128/high.png,0,Uncommon
sm9-129,TEU,SM,129,Tauros,https://assets.tcgdex.net/en/sm/sm9/129/high.png,0,Uncommon
sm9-130,TEU,SM,130,Aerodactyl,https://assets.tcgdex.net/en/sm/sm9/130/high.png,0,Rare
sm9-131,TEU,SM,131,Lugia,https://assets.tcgdex.net/en/sm/sm9/131/high.png,0,Rare
sm9-132,TEU,SM,132,Zangoose,https://assets.tcgdex.net/en/sm/sm9/132/high.png,0,Rare
sm9-159,TEU,SM,159,Celebi & Venusaur GX,https://assets.tcgdex.net/en/sm/sm9/159/high.png,0,Ultra Rare
sm9-160,TEU,SM,160,Magikarp & Wailord GX,https://assets.tcgdex.net/en/sm/sm9/160/high.png,0,Ultra Rare
sm9-161,TEU,SM,161,Magikarp & Wailord GX,https://assets.tcgdex.net/en/sm/sm9/161/high.png,0,Ultra Rare
sm9-162,TEU,SM,162,Pikachu & Zekrom GX,https://assets.tcgdex.net/en/sm/sm9/162/high.png,0,Ultra Rare
sm9-163,TEU,SM,163,Ampharos GX,https://assets.tcgdex.net/en/sm/sm9/163/high.png,0,Ultra Rare
sm9-164,TEU,SM,164,Gengar & Mimikyu GX,https://assets.tcgdex.net/en/sm/sm9/164/high.png,0,Ultra Rare
sm9-165,TEU,SM,165,Gengar & Mimikyu GX,https://assets.tcgdex.net/en/sm/sm9/165/high.png,0,Ultra Rare
sm9-166,TEU,SM,166,Hoopa GX,https://assets.tcgdex.net/en/sm/sm9/166/high.png,0,Ultra Rare
sm9-167,TEU,SM,167,Incineroar GX,https://assets.tcgdex.net/en/sm/sm9/167/high.png,0,Ultra Rare
sm9-168,TEU,SM,168,Cobalion GX,https://assets.tcgdex.net/en/sm/sm9/168/high.png,0,Ultra Rare
sm9-169,TEU,SM,169,Latias & Latios GX,https://assets.tcgdex.net/en/sm/sm9/169/high.png,0,Ultra Rare
sm9-170,TEU,SM,170,Latias & Latios GX,https://assets.tcgdex.net/en/sm/sm9/170/high.png,0,Ultra Rare
sm9-171,TEU,SM,171,Eevee & Snorlax GX,https://assets.tcgdex.net/en/sm/sm9/171/high.png,0,Ultra Rare
sm9-182,TEU,SM,182,Celebi & Venusaur GX,https://assets.tcgdex.net/en/sm/sm9/182/high.png,0,Secret Rare
sm9-183,TEU,SM,183,Magikarp & Wailord GX,https://assets.tcgdex.net/en/sm/sm9/183/high.png,0,Secret Rare
sm9-184,TEU,SM,184,Pikachu & Zekrom GX,https://assets.tcgdex.net/en/sm/sm9/184/high.png,0,Secret Rare
sm9-185,TEU,SM,185,Ampharos GX,https://assets.tcgdex.net/en/sm/sm9/185/high.png,0,Secret Rare
sm9-186,TEU,SM,186,Gengar & Mimikyu GX,https://assets.tcgdex.net/en/sm/sm9/186/high.png,0,Secret Rare
sm9-187,TEU,SM,187,Hoopa GX,https://assets.tcgdex.net/en/sm/sm9/187/high.png,0,Secret Rare
sm9-188,TEU,SM,188,Incineroar GX,https://assets.tcgdex.net/en/sm/sm9/188/high.png,0,Secret Rare
sm9-189,TEU,SM,189,Cobalion GX,https://assets.tcgdex.net/en/sm/sm9/189/high.png,0,Secret Rare
sm9-190,TEU,SM,190,Latias & Latios GX,https://assets.tcgdex.net/en/sm/sm9/190/high.png,0,Secret Rare
sm9-191,TEU,SM,191,Eevee & Snorlax GX,https://assets.tcgdex.net/en/sm/sm9/191/high.png,0,Secret Rare
xy2-1,FLF,XY,1,Caterpie,https://assets.tcgdex.net/en/xy/xy2/1/high.png,0,Common
xy2-2,FLF,XY,2,Metapod,https://assets.tcgdex.net/en/xy/xy2/2/high.png,0,Uncommon
xy2-3,FLF,XY,3,Butterfree,https://assets.tcgdex.net/en/xy/xy2/3/high.png,0,Rare
xy2-4,FLF,XY,4,Pineco,https://assets.tcgdex.net/en/xy/xy2/4/high.png,0,Common
xy2-5,FLF,XY,5,Seedot,https://assets.tcgdex.net/en/xy/xy2/5/high.png,0,Common
xy2-6,FLF,XY,6,Nuzleaf,https://assets.tcgdex.net/en/xy/xy2/6/high.png,0,Uncommon
xy2-7,FLF,XY,7,Shiftry,https://assets.tcgdex.net/en/xy/xy2/7/high.png,0,Rare
xy2-8,FLF,XY,8,Roselia,https://assets.tcgdex.net/en/xy/xy2/8/high.png,0,Common
xy2-9,FLF,XY,9,Roserade,https://assets.tcgdex.net/en/xy/xy2/9/high.png,0,Uncommon
xy2-10,FLF,XY,10,Maractus,https://assets.tcgdex.net/en/xy/xy2/10/high.png,0,Uncommon
xy2-11,FLF,XY,11,Charizard EX,https://assets.tcgdex.net/en/xy/xy2/11/high.png,0,Ultra Rare
xy2-12,FLF,XY,12,Charizard EX,https://assets.tcgdex.net/en/xy/xy2/12/high.png,0,Ultra Rare
xy2-13,FLF,XY,13,M Charizard EX,https://assets.tcgdex.net/en/xy/xy2/13/high.png,0,Ultra Rare
xy2-14,FLF,XY,14,Ponyta,https://assets.tcgdex.net/en/xy/xy2/14/high.png,0,Common
xy2-15,FLF,XY,15,Rapidash,https://assets.tcgdex.net/en/xy/xy2/15/high.png,0,Uncommon
xy2-16,FLF,XY,16,Torkoal,https://assets.tcgdex.net/en/xy/xy2/16/high.png,0,Uncommon
xy2-17,FLF,XY,17,Fletchinder,https://assets.tcgdex.net/en/xy/xy2/17/high.png,0,Uncommon
xy2-18,FLF,XY,18,Litleo,https://assets.tcgdex.net/en/xy/xy2/18/high.png,0,Common
xy2-19,FLF,XY,19,Litleo,https://assets.tcgdex.net/en/xy/xy2/19/high.png,0,Common
xy2-20,FLF,XY,20,Pyroar,https://assets.tcgdex.net/en/xy/xy2/20/high.png,0,Rare
xy2-21,FLF,XY,21,Qwilfish,https://assets.tcgdex.net/en/xy/xy2/21/high.png,0,Rare
xy2-22,FLF,XY,22,Feebas,https://assets.tcgdex.net/en/xy/xy2/22/high.png,0,Common
xy2-23,FLF,XY,23,Milotic,https://assets.tcgdex.net/en/xy/xy2/23/high.png,0,Rare
xy2-24,FLF,XY,24,Spheal,https://assets.tcgdex.net/en/xy/xy2/24/high.png,0,Common
xy2-25,FLF,XY,25,Sealeo,https://assets.tcgdex.net/en/xy/xy2/25/high.png,0,Uncommon
xy2-26,FLF,XY,26,Walrein,https://assets.tcgdex.net/en/xy/xy2/26/high.png,0,Rare
xy2-27,FLF,XY,27,Luvdisc,https://assets.tcgdex.net/en/xy/xy2/27/high.png,0,Uncommon
xy2-28,FLF,XY,28,Buizel,https://assets.tcgdex.net/en/xy/xy2/28/high.png,0,Common
xy2-29,FLF,XY,29,Floatzel,https://assets.tcgdex.net/en/xy/xy2/29/high.png,0,Rare
xy2-30,FLF,XY,30,Bergmite,https://assets.tcgdex.net/en/xy/xy2/30/high.png,0,Common
xy2-31,FLF,XY,31,Avalugg,https://assets.tcgdex.net/en/xy/xy2/31/high.png,0,Uncommon
xy2-32,FLF,XY,32,Shinx,https://assets.tcgdex.net/en/xy/xy2/32/high.png,0,Common
xy2-33,FLF,XY,33,Luxio,https://assets.tcgdex.net/en/xy/xy2/33/high.png,0,Uncommon
xy2-34,FLF,XY,34,Luxray,https://assets.tcgdex.net/en/xy/xy2/34/high.png,0,Rare
xy2-35,FLF,XY,35,Magnezone EX,https://assets.tcgdex.net/en/xy/xy2/35/high.png,0,Ultra Rare
xy2-36,FLF,XY,36,Helioptile,https://assets.tcgdex.net/en/xy/xy2/36/high.png,0,Common
xy2-37,FLF,XY,37,Heliolisk,https://assets.tcgdex.net/en/xy/xy2/37/high.png,0,Rare
xy2-38,FLF,XY,38,Duskull,https://assets.tcgdex.net/en/xy/xy2/38/high.png,0,Common
xy2-39,FLF,XY,39,Dusclops,https://assets.tcgdex.net/en/xy/xy2/39/high.png,0,Uncommon
xy2-40,FLF,XY,40,Dusknoir,https://assets.tcgdex.net/en/xy/xy2/40/high.png,0,Rare
xy2-41,FLF,XY,41,Toxicroak EX,https://assets.tcgdex.net/en/xy/xy2/41/high.png,0,Ultra Rare
xy2-42,FLF,XY,42,Espurr,https://assets.tcgdex.net/en/xy/xy2/42/high.png,0,Common
xy2-43,FLF,XY,43,Meowstic,https://assets.tcgdex.net/en/xy/xy2/43/high.png,0,Rare
xy2-44,FLF,XY,44,Skrelp,https://assets.tcgdex.net/en/xy/xy2/44/high.png,0,Common
xy2-45,FLF,XY,45,Geodude,https://assets.tcgdex.net/en/xy/xy2/45/high.png,0,Common
xy2-46,FLF,XY,46,Graveler,https://assets.tcgdex.net/en/xy/xy2/46/high.png,0,Uncommon
xy2-47,FLF,XY,47,Golem,https://assets.tcgdex.net/en/xy/xy2/47/high.png,0,Rare
xy2-48,FLF,XY,48,Binacle,https://assets.tcgdex.net/en/xy/xy2/48/high.png,0,Common
xy2-49,FLF,XY,49,Barbaracle,https://assets.tcgdex.net/en/xy/xy2/49/high.png,0,Rare
xy2-50,FLF,XY,50,Sneasel,https://assets.tcgdex.net/en/xy/xy2/50/high.png,0,Uncommon
xy2-51,FLF,XY,51,Sneasel,https://assets.tcgdex.net/en/xy/xy2/51/high.png,0,Common
xy2-52,FLF,XY,52,Weavile,https://assets.tcgdex.net/en/xy/xy2/52/high.png,0,Rare
xy2-53,FLF,XY,53,Stunky,https://assets.tcgdex.net/en/xy/xy2/53/high.png,0,Common
xy2-54,FLF,XY,54,Stunky,https://assets.tcgdex.net/en/xy/xy2/54/high.png,0,Common
xy2-55,FLF,XY,55,Skuntank,https://assets.tcgdex.net/en/xy/xy2/55/high.png,0,Rare
xy2-56,FLF,XY,56,Sandile,https://assets.tcgdex.net/en/xy/xy2/56/high.png,0,Common
xy2-57,FLF,XY,57,Krokorok,https://assets.tcgdex.net/en/xy/xy2/57/high.png,0,Uncommon
xy2-58,FLF,XY,58,Scraggy,https://assets.tcgdex.net/en/xy/xy2/58/high.png,0,Common
xy2-59,FLF,XY,59,Scrafty,https://assets.tcgdex.net/en/xy/xy2/59/high.png,0,Rare
xy2-60,FLF,XY,60,Forretress,https://assets.tcgdex.net/en/xy/xy2/60/high.png,0,Rare
xy2-61,FLF,XY,61,Durant,https://assets.tcgdex.net/en/xy/xy2/61/high.png,0,Rare
xy2-62,FLF,XY,62,Flabébé,https://assets.tcgdex.net/en/xy/xy2/62/high.png,0,Common
xy2-63,FLF,XY,63,Flabébé,https://assets.tcgdex.net/en/xy/xy2/63/high.png,0,Common
xy2-64,FLF,XY,64,Floette,https://assets.tcgdex.net/en/xy/xy2/64/high.png,0,Rare
xy2-65,FLF,XY,65,Floette,https://assets.tcgdex.net/en/xy/xy2/65/high.png,0,Uncommon
xy2-66,FLF,XY,66,Florges,https://assets.tcgdex.net/en/xy/xy2/66/high.png,0,Rare
xy2-67,FLF,XY,67,Spritzee,https://assets.tcgdex.net/en/xy/xy2/67/high.png,0,Common
xy2-68,FLF,XY,68,Carbink,https://assets.tcgdex.net/en/xy/xy2/68/high.png,0,Rare
xy2-69,FLF,XY,69,M Charizard EX,https://assets.tcgdex.net/en/xy/xy2/69/high.png,0,Ultra Rare
xy2-70,FLF,XY,70,Druddigon,https://assets.tcgdex.net/en/xy/xy2/70/high.png,0,Rare
xy2-71,FLF,XY,71,Dragalge,https://assets.tcgdex.net/en/xy/xy2/71/high.png,0,Rare
xy2-72,FLF,XY,72,Goomy,https://assets.tcgdex.net/en/xy/xy2/72/high.png,0,Common
xy2-73,FLF,XY,73,Sliggoo,https://assets.tcgdex.net/en/xy/xy2/73/high.png,0,Uncommon
xy2-74,FLF,XY,74,Goodra,https://assets.tcgdex.net/en/xy/xy2/74/high.png,0,Rare
xy2-75,FLF,XY,75,Pidgey,https://assets.tcgdex.net/en/xy/xy2/75/high.png,0,Common
xy2-76,FLF,XY,76,Pidgeotto,https://assets.tcgdex.net/en/xy/xy2/76/high.png,0,Uncommon
xy2-77,FLF,XY,77,Pidgeot,https://assets.tcgdex.net/en/xy/xy2/77/high.png,0,Rare
xy2-78,FLF,XY,78,Kangaskhan EX,https://assets.tcgdex.net/en/xy/xy2/78/high.png,0,Ultra Rare
xy2-79,FLF,XY,79,M Kangaskhan EX,https://assets.tcgdex.net/en/xy/xy2/79/high.png,0,Ultra Rare
xy2-80,FLF,XY,80,Snorlax,https://assets.tcgdex.net/en/xy/xy2/80/high.png,0,Rare
xy2-81,FLF,XY,81,Sentret,https://assets.tcgdex.net/en/xy/xy2/81/high.png,0,Common
xy2-82,FLF,XY,82,Furret,https://assets.tcgdex.net/en/xy/xy2/82/high.png,0,Rare
xy2-83,FLF,XY,83,Miltank,https://assets.tcgdex.net/en/xy/xy2/83/high.png,0,Uncommon
xy2-84,FLF,XY,84,Buneary,https://assets.tcgdex.net/en/xy/xy2/84/high.png,0,Common
xy2-85,FLF,XY,85,Lopunny,https://assets.tcgdex.net/en/xy/xy2/85/high.png,0,Rare
xy2-86,FLF,XY,86,Fletchling,https://assets.tcgdex.net/en/xy/xy2/86/high.png,0,Common
xy2-87,FLF,XY,87,Furfrou,https://assets.tcgdex.net/en/xy/xy2/87/high.png,0,Uncommon
xy2-100,FLF,XY,100,Charizard EX,https://assets.tcgdex.net/en/xy/xy2/100/high.png,0,Ultra Rare
xy2-101,FLF,XY,101,Magnezone EX,https://assets.tcgdex.net/en/xy/xy2/101/high.png,0,Ultra Rare
xy2-102,FLF,XY,102,Toxicroak EX,https://assets.tcgdex.net/en/xy/xy2/102/high.png,0,Ultra Rare
xy2-103,FLF,XY,103,Kangaskhan EX,https://assets.tcgdex.net/en/xy/xy2/103/high.png,0,Ultra Rare
xy2-107,FLF,XY,107,M Charizard EX,https://assets.tcgdex.net/en/xy/xy2/107/high.png,0,Secret Rare
xy2-108,FLF,XY,108,M Charizard EX,https://assets.tcgdex.net/en/xy/xy2/108/high.png,0,Secret Rare
xy2-109,FLF,XY,109,M Kangaskhan EX,https://assets.tcgdex.net/en/xy/xy2/109/high.png,0,Secret Rare
xy6-1,ROS,XY,1,Exeggcute,https://assets.tcgdex.net/en/xy/xy6/1/high.png,0,Common
xy6-2,ROS,XY,2,Exeggutor,https://assets.tcgdex.net/en/xy/xy6/2/high.png,0,Uncommon
xy6-3,ROS,XY,3,Wurmple,https://assets.tcgdex.net/en/xy/xy6/3/high.png,0,Common
xy6-4,ROS,XY,4,Silcoon,https://assets.tcgdex.net/en/xy/xy6/4/high.png,0,Uncommon
xy6-5,ROS,XY,5,Beautifly,https://assets.tcgdex.net/en/xy/xy6/5/high.png,0,Rare
xy6-6,ROS,XY,6,Cascoon,https://assets.tcgdex.net/en/xy/xy6/6/high.png,0,Common
xy6-7,ROS,XY,7,Dustox,https://assets.tcgdex.net/en/xy/xy6/7/high.png,0,Uncommon
xy6-8,ROS,XY,8,Dustox,https://assets.tcgdex.net/en/xy/xy6/8/high.png,0,Rare
xy6-9,ROS,XY,9,Nincada,https://assets.tcgdex.net/en/xy/xy6/9/high.png,0,Common
xy6-10,ROS,XY,10,Ninjask,https://assets.tcgdex.net/en/xy/xy6/10/high.png,0,Uncommon
xy6-11,ROS,XY,11,Shedinja,https://assets.tcgdex.net/en/xy/xy6/11/high.png,0,Rare
xy6-12,ROS,XY,12,Tropius,https://assets.tcgdex.net/en/xy/xy6/12/high.png,0,Uncommon
xy6-13,ROS,XY,13,Victini,https://assets.tcgdex.net/en/xy/xy6/13/high.png,0,Rare
xy6-14,ROS,XY,14,Fletchinder,https://assets.tcgdex.net/en/xy/xy6/14/high.png,0,Uncommon
xy6-15,ROS,XY,15,Talonflame,https://assets.tcgdex.net/en/xy/xy6/15/high.png,0,Rare
xy6-16,ROS,XY,16,Articuno,https://assets.tcgdex.net/en/xy/xy6/16/high.png,0,Rare
xy6-17,ROS,XY,17,Articuno,https://assets.tcgdex.net/en/xy/xy6/17/high.png,0,Rare
xy6-18,ROS,XY,18,Wingull,https://assets.tcgdex.net/en/xy/xy6/18/high.png,0,Common
xy6-19,ROS,XY,19,Pelipper,https://assets.tcgdex.net/en/xy/xy6/19/high.png,0,Uncommon
xy6-20,ROS,XY,20,Pikachu,https://assets.tcgdex.net/en/xy/xy6/20/high.png,0,Common
xy6-21,ROS,XY,21,Voltorb,https://assets.tcgdex.net/en/xy/xy6/21/high.png,0,Common
xy6-22,ROS,XY,22,Electrode,https://assets.tcgdex.net/en/xy/xy6/22/high.png,0,Uncommon
xy6-23,ROS,XY,23,Zapdos,https://assets.tcgdex.net/en/xy/xy6/23/high.png,0,Rare
xy6-24,ROS,XY,24,Electrike,https://assets.tcgdex.net/en/xy/xy6/24/high.png,0,Common
xy6-25,ROS,XY,25,Manectric,https://assets.tcgdex.net/en/xy/xy6/25/high.png,0,Uncommon
xy6-26,ROS,XY,26,Thundurus EX,https://assets.tcgdex.net/en/xy/xy6/26/high.png,0,Ultra Rare
xy6-27,ROS,XY,27,Natu,https://assets.tcgdex.net/en/xy/xy6/27/high.png,0,Common
xy6-28,ROS,XY,28,Natu,https://assets.tcgdex.net/en/xy/xy6/28/high.png,0,Common
xy6-29,ROS,XY,29,Xatu,https://assets.tcgdex.net/en/xy/xy6/29/high.png,0,Rare
xy6-30,ROS,XY,30,Shuppet,https://assets.tcgdex.net/en/xy/xy6/30/high.png,0,Common
xy6-31,ROS,XY,31,Banette,https://assets.tcgdex.net/en/xy/xy6/31/high.png,0,Rare
xy6-32,ROS,XY,32,Banette,https://assets.tcgdex.net/en/xy/xy6/32/high.png,0,Rare
xy6-33,ROS,XY,33,Deoxys,https://assets.tcgdex.net/en/xy/xy6/33/high.png,0,Rare
xy6-34,ROS,XY,34,Gallade EX,https://assets.tcgdex.net/en/xy/xy6/34/high.png,0,Ultra Rare
xy6-35,ROS,XY,35,M Gallade EX,https://assets.tcgdex.net/en/xy/xy6/35/high.png,0,Ultra Rare
xy6-36,ROS,XY,36,Gligar,https://assets.tcgdex.net/en/xy/xy6/36/high.png,0,Common
xy6-37,ROS,XY,37,Gliscor,https://assets.tcgdex.net/en/xy/xy6/37/high.png,0,Uncommon
xy6-38,ROS,XY,38,Binacle,https://assets.tcgdex.net/en/xy/xy6/38/high.png,0,Common
xy6-39,ROS,XY,39,Hawlucha,https://assets.tcgdex.net/en/xy/xy6/39/high.png,0,Common
xy6-40,ROS,XY,40,Absol,https://assets.tcgdex.net/en/xy/xy6/40/high.png,0,Rare
xy6-41,ROS,XY,41,Inkay,https://assets.tcgdex.net/en/xy/xy6/41/high.png,0,Common
xy6-42,ROS,XY,42,Jirachi,https://assets.tcgdex.net/en/xy/xy6/42/high.png,0,Rare
xy6-43,ROS,XY,43,Togepi,https://assets.tcgdex.net/en/xy/xy6/43/high.png,0,Common
xy6-44,ROS,XY,44,Togetic,https://assets.tcgdex.net/en/xy/xy6/44/high.png,0,Uncommon
xy6-45,ROS,XY,45,Togekiss,https://assets.tcgdex.net/en/xy/xy6/45/high.png,0,Rare
xy6-46,ROS,XY,46,Togekiss,https://assets.tcgdex.net/en/xy/xy6/46/high.png,0,Rare
xy6-47,ROS,XY,47,Carbink,https://assets.tcgdex.net/en/xy/xy6/47/high.png,0,Rare
xy6-48,ROS,XY,48,Klefki,https://assets.tcgdex.net/en/xy/xy6/48/high.png,0,Rare
xy6-49,ROS,XY,49,Dratini,https://assets.tcgdex.net/en/xy/xy6/49/high.png,0,Common
xy6-50,ROS,XY,50,Dragonair,https://assets.tcgdex.net/en/xy/xy6/50/high.png,0,Uncommon
xy6-51,ROS,XY,51,Dragonite,https://assets.tcgdex.net/en/xy/xy6/51/high.png,0,Rare
xy6-52,ROS,XY,52,Dragonite,https://assets.tcgdex.net/en/xy/xy6/52/high.png,0,Rare
xy6-53,ROS,XY,53,Altaria,https://assets.tcgdex.net/en/xy/xy6/53/high.png,0,Uncommon
xy6-54,ROS,XY,54,Bagon,https://assets.tcgdex.net/en/xy/xy6/54/high.png,0,Common
xy6-55,ROS,XY,55,Bagon,https://assets.tcgdex.net/en/xy/xy6/55/high.png,0,Common
xy6-56,ROS,XY,56,Shelgon,https://assets.tcgdex.net/en/xy/xy6/56/high.png,0,Uncommon
xy6-57,ROS,XY,57,Salamence,https://assets.tcgdex.net/en/xy/xy6/57/high.png,0,Rare
xy6-58,ROS,XY,58,Latios EX,https://assets.tcgdex.net/en/xy/xy6/58/high.png,0,Ultra Rare
xy6-59,ROS,XY,59,M Latios EX,https://assets.tcgdex.net/en/xy/xy6/59/high.png,0,Ultra Rare
xy6-60,ROS,XY,60,Rayquaza EX,https://assets.tcgdex.net/en/xy/xy6/60/high.png,0,Ultra Rare
xy6-61,ROS,XY,61,M Rayquaza EX,https://assets.tcgdex.net/en/xy/xy6/61/high.png,0,Ultra Rare
xy6-62,ROS,XY,62,Hydreigon EX,https://assets.tcgdex.net/en/xy/xy6/62/high.png,0,Ultra Rare
xy6-63,ROS,XY,63,Reshiram,https://assets.tcgdex.net/en/xy/xy6/63/high.png,0,Rare
xy6-64,ROS,XY,64,Zekrom,https://assets.tcgdex.net/en/xy/xy6/64/high.png,0,Rare
xy6-65,ROS,XY,65,Spearow,https://assets.tcgdex.net/en/xy/xy6/65/high.png,0,Common
xy6-66,ROS,XY,66,Fearow,https://assets.tcgdex.net/en/xy/xy6/66/high.png,0,Uncommon
xy6-67,ROS,XY,67,Meowth,https://assets.tcgdex.net/en/xy/xy6/67/high.png,0,Common
xy6-68,ROS,XY,68,Dunsparce,https://assets.tcgdex.net/en/xy/xy6/68/high.png,0,Common
xy6-69,ROS,XY,69,Skarmory,https://assets.tcgdex.net/en/xy/xy6/69/high.png,0,Rare
xy6-70,ROS,XY,70,Taillow,https://assets.tcgdex.net/en/xy/xy6/70/high.png,0,Common
xy6-71,ROS,XY,71,Swellow,https://assets.tcgdex.net/en/xy/xy6/71/high.png,0,Rare
xy6-72,ROS,XY,72,Swellow,https://assets.tcgdex.net/en/xy/xy6/72/high.png,0,Rare
xy6-73,ROS,XY,73,Swablu,https://assets.tcgdex.net/en/xy/xy6/73/high.png,0,Common
xy6-74,ROS,XY,74,Altaria,https://assets.tcgdex.net/en/xy/xy6/74/high.png,0,Rare
xy6-75,ROS,XY,75,Rayquaza EX,https://assets.tcgdex.net/en/xy/xy6/75/high.png,0,Ultra Rare
xy6-76,ROS,XY,76,M Rayquaza EX,https://assets.tcgdex.net/en/xy/xy6/76/high.png,0,Ultra Rare
xy6-77,ROS,XY,77,Shaymin EX,https://assets.tcgdex.net/en/xy/xy6/77/high.png,0,Ultra Rare
xy6-77a,ROS,XY,77a,Shaymin EX,https://assets.tcgdex.net/en/xy/xy6/77a/high.png,0,Rare
xy6-78,ROS,XY,78,Pidove,https://assets.tcgdex.net/en/xy/xy6/78/high.png,0,Common
xy6-79,ROS,XY,79,Tranquill,https://assets.tcgdex.net/en/xy/xy6/79/high.png,0,Uncommon
xy6-80,ROS,XY,80,Unfezant,https://assets.tcgdex.net/en/xy/xy6/80/high.png,0,Uncommon
xy6-81,ROS,XY,81,Unfezant,https://assets.tcgdex.net/en/xy/xy6/81/high.png,0,Rare
xy6-82,ROS,XY,82,Fletchling,https://assets.tcgdex.net/en/xy/xy6/82/high.png,0,Common
xy6-98,ROS,XY,98,Thundurus EX,https://assets.tcgdex.net/en/xy/xy6/98/high.png,0,Ultra Rare
xy6-99,ROS,XY,99,Gallade EX,https://assets.tcgdex.net/en/xy/xy6/99/high.png,0,Ultra Rare
xy6-100,ROS,XY,100,M Gallade EX,https://assets.tcgdex.net/en/xy/xy6/100/high.png,0,Ultra Rare
xy6-101,ROS,XY,101,Latios EX,https://assets.tcgdex.net/en/xy/xy6/101/high.png,0,Ultra Rare
xy6-102,ROS,XY,102,M Latios EX,https://assets.tcgdex.net/en/xy/xy6/102/high.png,0,Ultra Rare
xy6-103,ROS,XY,103,Hydreigon EX,https://assets.tcgdex.net/en/xy/xy6/103/high.png,0,Ultra Rare
xy6-104,ROS,XY,104,Rayquaza EX,https://assets.tcgdex.net/en/xy/xy6/104/high.png,0,Ultra Rare
xy6-105,ROS,XY,105,M Rayquaza EX,https://assets.tcgdex.net/en/xy/xy6/105/high.png,0,Ultra Rare
xy6-106,ROS,XY,106,Shaymin EX,https://assets.tcgdex.net/en/xy/xy6/106/high.png,0,Ultra Rare
xy7-1,AOR,XY,1,Oddish,https://assets.tcgdex.net/en/xy/xy7/1/high.png,0,Common
xy7-2,AOR,XY,2,Gloom,https://assets.tcgdex.net/en/xy/xy7/2/high.png,0,Uncommon
xy7-3,AOR,XY,3,Vileplume,https://assets.tcgdex.net/en/xy/xy7/3/high.png,0,Rare
xy7-4,AOR,XY,4,Bellossom,https://assets.tcgdex.net/en/xy/xy7/4/high.png,0,Uncommon
xy7-5,AOR,XY,5,Spinarak,https://assets.tcgdex.net/en/xy/xy7/5/high.png,0,Common
xy7-6,AOR,XY,6,Ariados,https://assets.tcgdex.net/en/xy/xy7/6/high.png,0,Uncommon
xy7-7,AOR,XY,7,Sceptile EX,https://assets.tcgdex.net/en/xy/xy7/7/high.png,0,Ultra Rare
xy7-8,AOR,XY,8,M Sceptile EX,https://assets.tcgdex.net/en/xy/xy7/8/high.png,0,Ultra Rare
xy7-9,AOR,XY,9,Combee,https://assets.tcgdex.net/en/xy/xy7/9/high.png,0,Common
xy7-10,AOR,XY,10,Vespiquen,https://assets.tcgdex.net/en/xy/xy7/10/high.png,0,Uncommon
xy7-11,AOR,XY,11,Vespiquen,https://assets.tcgdex.net/en/xy/xy7/11/high.png,0,Rare
xy7-12,AOR,XY,12,Virizion,https://assets.tcgdex.net/en/xy/xy7/12/high.png,0,Rare
xy7-13,AOR,XY,13,Flareon,https://assets.tcgdex.net/en/xy/xy7/13/high.png,0,Uncommon
xy7-14,AOR,XY,14,Entei,https://assets.tcgdex.net/en/xy/xy7/14/high.png,0,Rare
xy7-15,AOR,XY,15,Entei,https://assets.tcgdex.net/en/xy/xy7/15/high.png,0,Rare
xy7-16,AOR,XY,16,Larvesta,https://assets.tcgdex.net/en/xy/xy7/16/high.png,0,Common
xy7-17,AOR,XY,17,Volcarona,https://assets.tcgdex.net/en/xy/xy7/17/high.png,0,Rare
xy7-18,AOR,XY,18,Volcarona,https://assets.tcgdex.net/en/xy/xy7/18/high.png,0,Rare
xy7-19,AOR,XY,19,Magikarp,https://assets.tcgdex.net/en/xy/xy7/19/high.png,0,Common
xy7-20,AOR,XY,20,Gyarados,https://assets.tcgdex.net/en/xy/xy7/20/high.png,0,Rare
xy7-21,AOR,XY,21,Gyarados,https://assets.tcgdex.net/en/xy/xy7/21/high.png,0,Rare
xy7-22,AOR,XY,22,Vaporeon,https://assets.tcgdex.net/en/xy/xy7/22/high.png,0,Uncommon
xy7-23,AOR,XY,23,Relicanth,https://assets.tcgdex.net/en/xy/xy7/23/high.png,0,Common
xy7-24,AOR,XY,24,Regice,https://assets.tcgdex.net/en/xy/xy7/24/high.png,0,Rare
xy7-25,AOR,XY,25,Kyurem EX,https://assets.tcgdex.net/en/xy/xy7/25/high.png,0,Ultra Rare
xy7-26,AOR,XY,26,Jolteon,https://assets.tcgdex.net/en/xy/xy7/26/high.png,0,Rare
xy7-27,AOR,XY,27,Ampharos EX,https://assets.tcgdex.net/en/xy/xy7/27/high.png,0,Ultra Rare
xy7-28,AOR,XY,28,M Ampharos EX,https://assets.tcgdex.net/en/xy/xy7/28/high.png,0,Ultra Rare
xy7-29,AOR,XY,29,Rotom,https://assets.tcgdex.net/en/xy/xy7/29/high.png,0,Uncommon
xy7-30,AOR,XY,30,Unown,https://assets.tcgdex.net/en/xy/xy7/30/high.png,0,Common
xy7-31,AOR,XY,31,Baltoy,https://assets.tcgdex.net/en/xy/xy7/31/high.png,0,Common
xy7-32,AOR,XY,32,Baltoy,https://assets.tcgdex.net/en/xy/xy7/32/high.png,0,Common
xy7-33,AOR,XY,33,Claydol,https://assets.tcgdex.net/en/xy/xy7/33/high.png,0,Rare
xy7-34,AOR,XY,34,Golett,https://assets.tcgdex.net/en/xy/xy7/34/high.png,0,Common
xy7-35,AOR,XY,35,Golurk,https://assets.tcgdex.net/en/xy/xy7/35/high.png,0,Rare
xy7-36,AOR,XY,36,Hoopa EX,https://assets.tcgdex.net/en/xy/xy7/36/high.png,0,Ultra Rare
xy7-37,AOR,XY,37,Machamp EX,https://assets.tcgdex.net/en/xy/xy7/37/high.png,0,Ultra Rare
xy7-38,AOR,XY,38,Wooper,https://assets.tcgdex.net/en/xy/xy7/38/high.png,0,Common
xy7-39,AOR,XY,39,Quagsire,https://assets.tcgdex.net/en/xy/xy7/39/high.png,0,Common
xy7-40,AOR,XY,40,Regirock,https://assets.tcgdex.net/en/xy/xy7/40/high.png,0,Rare
xy7-41,AOR,XY,41,Golurk,https://assets.tcgdex.net/en/xy/xy7/41/high.png,0,Common
xy7-42,AOR,XY,42,Tyranitar EX,https://assets.tcgdex.net/en/xy/xy7/42/high.png,0,Ultra Rare
xy7-43,AOR,XY,43,M Tyranitar EX,https://assets.tcgdex.net/en/xy/xy7/43/high.png,0,Ultra Rare
xy7-44,AOR,XY,44,Sableye,https://assets.tcgdex.net/en/xy/xy7/44/high.png,0,Uncommon
xy7-45,AOR,XY,45,Inkay,https://assets.tcgdex.net/en/xy/xy7/45/high.png,0,Common
xy7-46,AOR,XY,46,Malamar,https://assets.tcgdex.net/en/xy/xy7/46/high.png,0,Common
xy7-47,AOR,XY,47,Beldum,https://assets.tcgdex.net/en/xy/xy7/47/high.png,0,Common
xy7-48,AOR,XY,48,Metang,https://assets.tcgdex.net/en/xy/xy7/48/high.png,0,Uncommon
xy7-49,AOR,XY,49,Metagross,https://assets.tcgdex.net/en/xy/xy7/49/high.png,0,Rare
xy7-50,AOR,XY,50,Metagross,https://assets.tcgdex.net/en/xy/xy7/50/high.png,0,Rare
xy7-51,AOR,XY,51,Registeel,https://assets.tcgdex.net/en/xy/xy7/51/high.png,0,Rare
xy7-52,AOR,XY,52,Ralts,https://assets.tcgdex.net/en/xy/xy7/52/high.png,0,Common
xy7-53,AOR,XY,53,Kirlia,https://assets.tcgdex.net/en/xy/xy7/53/high.png,0,Uncommon
xy7-54,AOR,XY,54,Gardevoir,https://assets.tcgdex.net/en/xy/xy7/54/high.png,0,Rare
xy7-55,AOR,XY,55,Cottonee,https://assets.tcgdex.net/en/xy/xy7/55/high.png,0,Common
xy7-56,AOR,XY,56,Whimsicott,https://assets.tcgdex.net/en/xy/xy7/56/high.png,0,Uncommon
xy7-57,AOR,XY,57,Giratina EX,https://assets.tcgdex.net/en/xy/xy7/57/high.png,0,Ultra Rare
xy7-58,AOR,XY,58,Goomy,https://assets.tcgdex.net/en/xy/xy7/58/high.png,0,Common
xy7-59,AOR,XY,59,Sliggoo,https://assets.tcgdex.net/en/xy/xy7/59/high.png,0,Uncommon
xy7-60,AOR,XY,60,Goodra,https://assets.tcgdex.net/en/xy/xy7/60/high.png,0,Rare
xy7-61,AOR,XY,61,Meowth,https://assets.tcgdex.net/en/xy/xy7/61/high.png,0,Common
xy7-62,AOR,XY,62,Persian,https://assets.tcgdex.net/en/xy/xy7/62/high.png,0,Common
xy7-63,AOR,XY,63,Eevee,https://assets.tcgdex.net/en/xy/xy7/63/high.png,0,Common
xy7-64,AOR,XY,64,Porygon,https://assets.tcgdex.net/en/xy/xy7/64/high.png,0,Common
xy7-65,AOR,XY,65,Porygon2,https://assets.tcgdex.net/en/xy/xy7/65/high.png,0,Uncommon
xy7-66,AOR,XY,66,Porygon-Z,https://assets.tcgdex.net/en/xy/xy7/66/high.png,0,Rare
xy7-67,AOR,XY,67,Porygon-Z,https://assets.tcgdex.net/en/xy/xy7/67/high.png,0,Rare
xy7-68,AOR,XY,68,Lugia EX,https://assets.tcgdex.net/en/xy/xy7/68/high.png,0,Ultra Rare
xy7-84,AOR,XY,84,Sceptile EX,https://assets.tcgdex.net/en/xy/xy7/84/high.png,0,Ultra Rare
xy7-85,AOR,XY,85,M Sceptile EX,https://assets.tcgdex.net/en/xy/xy7/85/high.png,0,Ultra Rare
xy7-86,AOR,XY,86,Kyurem EX,https://assets.tcgdex.net/en/xy/xy7/86/high.png,0,Ultra Rare
xy7-87,AOR,XY,87,Ampharos EX,https://assets.tcgdex.net/en/xy/xy7/87/high.png,0,Ultra Rare
xy7-88,AOR,XY,88,M Ampharos EX,https://assets.tcgdex.net/en/xy/xy7/88/high.png,0,Ultra Rare
xy7-89,AOR,XY,89,Hoopa EX,https://assets.tcgdex.net/en/xy/xy7/89/high.png,0,Ultra Rare
xy7-90,AOR,XY,90,Machamp EX,https://assets.tcgdex.net/en/xy/xy7/90/high.png,0,Ultra Rare
xy7-91,AOR,XY,91,Tyranitar EX,https://assets.tcgdex.net/en/xy/xy7/91/high.png,0,Ultra Rare
xy7-92,AOR,XY,92,M Tyranitar EX,https://assets.tcgdex.net/en/xy/xy7/92/high.png,0,Ultra Rare
xy7-93,AOR,XY,93,Giratina EX,https://assets.tcgdex.net/en/xy/xy7/93/high.png,0,Ultra Rare
xy7-94,AOR,XY,94,Lugia EX,https://assets.tcgdex.net/en/xy/xy7/94/high.png,0,Ultra Rare
xy7-96,AOR,XY,96,Primal Kyogre EX,https://assets.tcgdex.net/en/xy/xy7/96/high.png,0,Secret Rare
xy7-97,AOR,XY,97,Primal Groudon EX,https://assets.tcgdex.net/en/xy/xy7/97/high.png,0,Secret Rare
xy7-98,AOR,XY,98,M Rayquaza EX,https://assets.tcgdex.net/en/xy/xy7/98/high.png,0,Secret Rare
xy8-1,BKT,XY,1,Paras,https://assets.tcgdex.net/en/xy/xy8/1/high.png,0,Common
xy8-2,BKT,XY,2,Parasect,https://assets.tcgdex.net/en/xy/xy8/2/high.png,0,Rare
xy8-3,BKT,XY,3,Pinsir,https://assets.tcgdex.net/en/xy/xy8/3/high.png,0,Uncommon
xy8-4,BKT,XY,4,Cacnea,https://assets.tcgdex.net/en/xy/xy8/4/high.png,0,Common
xy8-5,BKT,XY,5,Pansage,https://assets.tcgdex.net/en/xy/xy8/5/high.png,0,Common
xy8-6,BKT,XY,6,Simisage,https://assets.tcgdex.net/en/xy/xy8/6/high.png,0,Rare
xy8-7,BKT,XY,7,Chespin,https://assets.tcgdex.net/en/xy/xy8/7/high.png,0,Common
xy8-8,BKT,XY,8,Chespin,https://assets.tcgdex.net/en/xy/xy8/8/high.png,0,Common
xy8-9,BKT,XY,9,Chespin,https://assets.tcgdex.net/en/xy/xy8/9/high.png,0,Common
xy8-10,BKT,XY,10,Quilladin,https://assets.tcgdex.net/en/xy/xy8/10/high.png,0,Uncommon
xy8-11,BKT,XY,11,Chesnaught,https://assets.tcgdex.net/en/xy/xy8/11/high.png,0,Rare
xy8-12,BKT,XY,12,Chesnaught BREAK,https://assets.tcgdex.net/en/xy/xy8/12/high.png,0,Ultra Rare
xy8-13,BKT,XY,13,Scatterbug,https://assets.tcgdex.net/en/xy/xy8/13/high.png,0,Common
xy8-14,BKT,XY,14,Spewpa,https://assets.tcgdex.net/en/xy/xy8/14/high.png,0,Uncommon
xy8-15,BKT,XY,15,Vivillon,https://assets.tcgdex.net/en/xy/xy8/15/high.png,0,Rare
xy8-16,BKT,XY,16,Skiddo,https://assets.tcgdex.net/en/xy/xy8/16/high.png,0,Common
xy8-17,BKT,XY,17,Gogoat,https://assets.tcgdex.net/en/xy/xy8/17/high.png,0,Uncommon
xy8-18,BKT,XY,18,Cyndaquil,https://assets.tcgdex.net/en/xy/xy8/18/high.png,0,Common
xy8-19,BKT,XY,19,Quilava,https://assets.tcgdex.net/en/xy/xy8/19/high.png,0,Uncommon
xy8-20,BKT,XY,20,Typhlosion,https://assets.tcgdex.net/en/xy/xy8/20/high.png,0,Rare
xy8-21,BKT,XY,21,Houndoom EX,https://assets.tcgdex.net/en/xy/xy8/21/high.png,0,Ultra Rare
xy8-22,BKT,XY,22,M Houndoom EX,https://assets.tcgdex.net/en/xy/xy8/22/high.png,0,Ultra Rare
xy8-23,BKT,XY,23,Pansear,https://assets.tcgdex.net/en/xy/xy8/23/high.png,0,Common
xy8-24,BKT,XY,24,Simisear,https://assets.tcgdex.net/en/xy/xy8/24/high.png,0,Rare
xy8-25,BKT,XY,25,Fennekin,https://assets.tcgdex.net/en/xy/xy8/25/high.png,0,Common
xy8-26,BKT,XY,26,Braixen,https://assets.tcgdex.net/en/xy/xy8/26/high.png,0,Uncommon
xy8-27,BKT,XY,27,Goldeen,https://assets.tcgdex.net/en/xy/xy8/27/high.png,0,Common
xy8-28,BKT,XY,28,Seaking,https://assets.tcgdex.net/en/xy/xy8/28/high.png,0,Uncommon
xy8-29,BKT,XY,29,Staryu,https://assets.tcgdex.net/en/xy/xy8/29/high.png,0,Common
xy8-30,BKT,XY,30,Starmie,https://assets.tcgdex.net/en/xy/xy8/30/high.png,0,Uncommon
xy8-31,BKT,XY,31,Remoraid,https://assets.tcgdex.net/en/xy/xy8/31/high.png,0,Common
xy8-32,BKT,XY,32,Remoraid,https://assets.tcgdex.net/en/xy/xy8/32/high.png,0,Common
xy8-33,BKT,XY,33,Octillery,https://assets.tcgdex.net/en/xy/xy8/33/high.png,0,Rare
xy8-34,BKT,XY,34,Glalie EX,https://assets.tcgdex.net/en/xy/xy8/34/high.png,0,Ultra Rare
xy8-35,BKT,XY,35,M Glalie EX,https://assets.tcgdex.net/en/xy/xy8/35/high.png,0,Ultra Rare
xy8-36,BKT,XY,36,Piplup,https://assets.tcgdex.net/en/xy/xy8/36/high.png,0,Common
xy8-37,BKT,XY,37,Prinplup,https://assets.tcgdex.net/en/xy/xy8/37/high.png,0,Uncommon
xy8-38,BKT,XY,38,Empoleon,https://assets.tcgdex.net/en/xy/xy8/38/high.png,0,Rare
xy8-39,BKT,XY,39,Snover,https://assets.tcgdex.net/en/xy/xy8/39/high.png,0,Common
xy8-40,BKT,XY,40,Abomasnow,https://assets.tcgdex.net/en/xy/xy8/40/high.png,0,Rare
xy8-41,BKT,XY,41,Panpour,https://assets.tcgdex.net/en/xy/xy8/41/high.png,0,Common
xy8-42,BKT,XY,42,Simipour,https://assets.tcgdex.net/en/xy/xy8/42/high.png,0,Rare
xy8-43,BKT,XY,43,Vanillite,https://assets.tcgdex.net/en/xy/xy8/43/high.png,0,Common
xy8-44,BKT,XY,44,Vanillish,https://assets.tcgdex.net/en/xy/xy8/44/high.png,0,Uncommon
xy8-45,BKT,XY,45,Vanilluxe,https://assets.tcgdex.net/en/xy/xy8/45/high.png,0,Rare
xy8-46,BKT,XY,46,Froakie,https://assets.tcgdex.net/en/xy/xy8/46/high.png,0,Common
xy8-47,BKT,XY,47,Frogadier,https://assets.tcgdex.net/en/xy/xy8/47/high.png,0,Uncommon
xy8-48,BKT,XY,48,Pikachu,https://assets.tcgdex.net/en/xy/xy8/48/high.png,0,Common
xy8-49,BKT,XY,49,Raichu,https://assets.tcgdex.net/en/xy/xy8/49/high.png,0,Rare
xy8-50,BKT,XY,50,Raichu BREAK,https://assets.tcgdex.net/en/xy/xy8/50/high.png,0,Ultra Rare
xy8-51,BKT,XY,51,Magnemite,https://assets.tcgdex.net/en/xy/xy8/51/high.png,0,Common
xy8-52,BKT,XY,52,Magnemite,https://assets.tcgdex.net/en/xy/xy8/52/high.png,0,Common
xy8-53,BKT,XY,53,Magneton,https://assets.tcgdex.net/en/xy/xy8/53/high.png,0,Uncommon
xy8-54,BKT,XY,54,Magnezone,https://assets.tcgdex.net/en/xy/xy8/54/high.png,0,Rare
xy8-55,BKT,XY,55,Raikou,https://assets.tcgdex.net/en/xy/xy8/55/high.png,0,Rare
xy8-56,BKT,XY,56,Stunfisk,https://assets.tcgdex.net/en/xy/xy8/56/high.png,0,Uncommon
xy8-57,BKT,XY,57,Dedenne,https://assets.tcgdex.net/en/xy/xy8/57/high.png,0,Uncommon
xy8-58,BKT,XY,58,Gastly,https://assets.tcgdex.net/en/xy/xy8/58/high.png,0,Common
xy8-59,BKT,XY,59,Haunter,https://assets.tcgdex.net/en/xy/xy8/59/high.png,0,Uncommon
xy8-60,BKT,XY,60,Gengar,https://assets.tcgdex.net/en/xy/xy8/60/high.png,0,Rare
xy8-61,BKT,XY,61,Mewtwo EX,https://assets.tcgdex.net/en/xy/xy8/61/high.png,0,Ultra Rare
xy8-62,BKT,XY,62,Mewtwo EX,https://assets.tcgdex.net/en/xy/xy8/62/high.png,0,Ultra Rare
xy8-63,BKT,XY,63,M Mewtwo EX,https://assets.tcgdex.net/en/xy/xy8/63/high.png,0,Ultra Rare
xy8-64,BKT,XY,64,M Mewtwo EX,https://assets.tcgdex.net/en/xy/xy8/64/high.png,0,Ultra Rare
xy8-65,BKT,XY,65,Misdreavus,https://assets.tcgdex.net/en/xy/xy8/65/high.png,0,Common
xy8-66,BKT,XY,66,Mismagius,https://assets.tcgdex.net/en/xy/xy8/66/high.png,0,Rare
xy8-67,BKT,XY,67,Wobbuffet,https://assets.tcgdex.net/en/xy/xy8/67/high.png,0,Uncommon
xy8-68,BKT,XY,68,Ralts,https://assets.tcgdex.net/en/xy/xy8/68/high.png,0,Common
xy8-69,BKT,XY,69,Kirlia,https://assets.tcgdex.net/en/xy/xy8/69/high.png,0,Uncommon
xy8-70,BKT,XY,70,Cresselia,https://assets.tcgdex.net/en/xy/xy8/70/high.png,0,Rare
xy8-71,BKT,XY,71,Woobat,https://assets.tcgdex.net/en/xy/xy8/71/high.png,0,Common
xy8-72,BKT,XY,72,Swoobat,https://assets.tcgdex.net/en/xy/xy8/72/high.png,0,Uncommon
xy8-73,BKT,XY,73,Elgyem,https://assets.tcgdex.net/en/xy/xy8/73/high.png,0,Common
xy8-74,BKT,XY,74,Beheeyem,https://assets.tcgdex.net/en/xy/xy8/74/high.png,0,Uncommon
xy8-75,BKT,XY,75,Sandshrew,https://assets.tcgdex.net/en/xy/xy8/75/high.png,0,Common
xy8-76,BKT,XY,76,Sandslash,https://assets.tcgdex.net/en/xy/xy8/76/high.png,0,Uncommon
xy8-77,BKT,XY,77,Cubone,https://assets.tcgdex.net/en/xy/xy8/77/high.png,0,Common
xy8-78,BKT,XY,78,Marowak,https://assets.tcgdex.net/en/xy/xy8/78/high.png,0,Rare
xy8-79,BKT,XY,79,Marowak BREAK,https://assets.tcgdex.net/en/xy/xy8/79/high.png,0,Ultra Rare
xy8-80,BKT,XY,80,Swinub,https://assets.tcgdex.net/en/xy/xy8/80/high.png,0,Common
xy8-81,BKT,XY,81,Piloswine,https://assets.tcgdex.net/en/xy/xy8/81/high.png,0,Uncommon
xy8-82,BKT,XY,82,Mamoswine,https://assets.tcgdex.net/en/xy/xy8/82/high.png,0,Rare
xy8-83,BKT,XY,83,Hippopotas,https://assets.tcgdex.net/en/xy/xy8/83/high.png,0,Common
xy8-84,BKT,XY,84,Gallade,https://assets.tcgdex.net/en/xy/xy8/84/high.png,0,Rare
xy8-85,BKT,XY,85,Meloetta,https://assets.tcgdex.net/en/xy/xy8/85/high.png,0,Rare
xy8-86,BKT,XY,86,Pancham,https://assets.tcgdex.net/en/xy/xy8/86/high.png,0,Common
xy8-87,BKT,XY,87,Hawlucha,https://assets.tcgdex.net/en/xy/xy8/87/high.png,0,Rare
xy8-88,BKT,XY,88,Cacturne,https://assets.tcgdex.net/en/xy/xy8/88/high.png,0,Uncommon
xy8-89,BKT,XY,89,Zorua,https://assets.tcgdex.net/en/xy/xy8/89/high.png,0,Common
xy8-90,BKT,XY,90,Zorua,https://assets.tcgdex.net/en/xy/xy8/90/high.png,0,Common
xy8-91,BKT,XY,91,Zoroark,https://assets.tcgdex.net/en/xy/xy8/91/high.png,0,Rare
xy8-92,BKT,XY,92,Zoroark BREAK,https://assets.tcgdex.net/en/xy/xy8/92/high.png,0,Ultra Rare
xy8-93,BKT,XY,93,Inkay,https://assets.tcgdex.net/en/xy/xy8/93/high.png,0,Common
xy8-94,BKT,XY,94,Yveltal,https://assets.tcgdex.net/en/xy/xy8/94/high.png,0,Rare
xy8-95,BKT,XY,95,Bronzor,https://assets.tcgdex.net/en/xy/xy8/95/high.png,0,Common
xy8-96,BKT,XY,96,Bronzong,https://assets.tcgdex.net/en/xy/xy8/96/high.png,0,Rare
xy8-97,BKT,XY,97,Mr. Mime,https://assets.tcgdex.net/en/xy/xy8/97/high.png,0,Rare
xy8-98,BKT,XY,98,Snubbull,https://assets.tcgdex.net/en/xy/xy8/98/high.png,0,Common
xy8-99,BKT,XY,99,Granbull,https://assets.tcgdex.net/en/xy/xy8/99/high.png,0,Uncommon
xy8-100,BKT,XY,100,Ralts,https://assets.tcgdex.net/en/xy/xy8/100/high.png,0,Common
xy8-101,BKT,XY,101,Flabébé,https://assets.tcgdex.net/en/xy/xy8/101/high.png,0,Common
xy8-102,BKT,XY,102,Floette,https://assets.tcgdex.net/en/xy/xy8/102/high.png,0,Uncommon
xy8-103,BKT,XY,103,Florges,https://assets.tcgdex.net/en/xy/xy8/103/high.png,0,Rare
xy8-104,BKT,XY,104,Florges BREAK,https://assets.tcgdex.net/en/xy/xy8/104/high.png,0,Ultra Rare
xy8-105,BKT,XY,105,Spritzee,https://assets.tcgdex.net/en/xy/xy8/105/high.png,0,Common
xy8-106,BKT,XY,106,Aromatisse,https://assets.tcgdex.net/en/xy/xy8/106/high.png,0,Rare
xy8-107,BKT,XY,107,Xerneas,https://assets.tcgdex.net/en/xy/xy8/107/high.png,0,Rare
xy8-108,BKT,XY,108,Axew,https://assets.tcgdex.net/en/xy/xy8/108/high.png,0,Common
xy8-109,BKT,XY,109,Axew,https://assets.tcgdex.net/en/xy/xy8/109/high.png,0,Common
xy8-110,BKT,XY,110,Fraxure,https://assets.tcgdex.net/en/xy/xy8/110/high.png,0,Uncommon
xy8-111,BKT,XY,111,Haxorus,https://assets.tcgdex.net/en/xy/xy8/111/high.png,0,Rare
xy8-112,BKT,XY,112,Noivern,https://assets.tcgdex.net/en/xy/xy8/112/high.png,0,Rare
xy8-113,BKT,XY,113,Noivern BREAK,https://assets.tcgdex.net/en/xy/xy8/113/high.png,0,Ultra Rare
xy8-114,BKT,XY,114,Meowth,https://assets.tcgdex.net/en/xy/xy8/114/high.png,0,Common
xy8-115,BKT,XY,115,Doduo,https://assets.tcgdex.net/en/xy/xy8/115/high.png,0,Common
xy8-116,BKT,XY,116,Doduo,https://assets.tcgdex.net/en/xy/xy8/116/high.png,0,Common
xy8-117,BKT,XY,117,Dodrio,https://assets.tcgdex.net/en/xy/xy8/117/high.png,0,Rare
xy8-118,BKT,XY,118,Snorlax,https://assets.tcgdex.net/en/xy/xy8/118/high.png,0,Uncommon
xy8-119,BKT,XY,119,Hoothoot,https://assets.tcgdex.net/en/xy/xy8/119/high.png,0,Common
xy8-120,BKT,XY,120,Noctowl,https://assets.tcgdex.net/en/xy/xy8/120/high.png,0,Rare
xy8-121,BKT,XY,121,Teddiursa,https://assets.tcgdex.net/en/xy/xy8/121/high.png,0,Common
xy8-122,BKT,XY,122,Ursaring,https://assets.tcgdex.net/en/xy/xy8/122/high.png,0,Uncommon
xy8-123,BKT,XY,123,Smeargle,https://assets.tcgdex.net/en/xy/xy8/123/high.png,0,Rare
xy8-124,BKT,XY,124,Swablu,https://assets.tcgdex.net/en/xy/xy8/124/high.png,0,Common
xy8-125,BKT,XY,125,Starly,https://assets.tcgdex.net/en/xy/xy8/125/high.png,0,Common
xy8-126,BKT,XY,126,Staravia,https://assets.tcgdex.net/en/xy/xy8/126/high.png,0,Uncommon
xy8-127,BKT,XY,127,Staraptor,https://assets.tcgdex.net/en/xy/xy8/127/high.png,0,Rare
xy8-128,BKT,XY,128,Chatot,https://assets.tcgdex.net/en/xy/xy8/128/high.png,0,Rare
xy8-129,BKT,XY,129,Rufflet,https://assets.tcgdex.net/en/xy/xy8/129/high.png,0,Common
xy8-130,BKT,XY,130,Braviary,https://assets.tcgdex.net/en/xy/xy8/130/high.png,0,Rare
xy8-131,BKT,XY,131,Noibat,https://assets.tcgdex.net/en/xy/xy8/131/high.png,0,Common
xy8-132,BKT,XY,132,Noibat,https://assets.tcgdex.net/en/xy/xy8/132/high.png,0,Common
xy8-153,BKT,XY,153,Houndoom EX,https://assets.tcgdex.net/en/xy/xy8/153/high.png,0,Ultra Rare
xy8-154,BKT,XY,154,M Houndoom EX,https://assets.tcgdex.net/en/xy/xy8/154/high.png,0,Ultra Rare
xy8-155,BKT,XY,155,Glalie EX,https://assets.tcgdex.net/en/xy/xy8/155/high.png,0,Ultra Rare
xy8-156,BKT,XY,156,M Glalie EX,https://assets.tcgdex.net/en/xy/xy8/156/high.png,0,Ultra Rare
xy8-157,BKT,XY,157,Mewtwo EX,https://assets.tcgdex.net/en/xy/xy8/157/high.png,0,Ultra Rare
xy8-158,BKT,XY,158,Mewtwo EX,https://assets.tcgdex.net/en/xy/xy8/158/high.png,0,Ultra Rare
xy8-159,BKT,XY,159,M Mewtwo EX,https://assets.tcgdex.net/en/xy/xy8/159/high.png,0,Ultra Rare
xy8-160,BKT,XY,160,M Mewtwo EX,https://assets.tcgdex.net/en/xy/xy8/160/high.png,0,Ultra Rare
xy8-163,BKT,XY,163,Mewtwo EX,https://assets.tcgdex.net/en/xy/xy8/163/high.png,0,Secret Rare
xy8-164,BKT,XY,164,Mewtwo EX,https://assets.tcgdex.net/en/xy/xy8/164/high.png,0,Secret Rare
xy11-1,STS,XY,1,Tangela,https://assets.tcgdex.net/en/xy/xy11/1/high.png,0,Common
xy11-2,STS,XY,2,Tangrowth,https://assets.tcgdex.net/en/xy/xy11/2/high.png,0,Uncommon
xy11-3,STS,XY,3,Hoppip,https://assets.tcgdex.net/en/xy/xy11/3/high.png,0,Common
xy11-4,STS,XY,4,Skiploom,https://assets.tcgdex.net/en/xy/xy11/4/high.png,0,Uncommon
xy11-5,STS,XY,5,Jumpluff,https://assets.tcgdex.net/en/xy/xy11/5/high.png,0,Rare
xy11-6,STS,XY,6,Yanma,https://assets.tcgdex.net/en/xy/xy11/6/high.png,0,Common
xy11-7,STS,XY,7,Yanmega,https://assets.tcgdex.net/en/xy/xy11/7/high.png,0,Rare
xy11-8,STS,XY,8,Yanmega BREAK,https://assets.tcgdex.net/en/xy/xy11/8/high.png,0,Ultra Rare
xy11-9,STS,XY,9,Seedot,https://assets.tcgdex.net/en/xy/xy11/9/high.png,0,Common
xy11-10,STS,XY,10,Nuzleaf,https://assets.tcgdex.net/en/xy/xy11/10/high.png,0,Uncommon
xy11-11,STS,XY,11,Shiftry,https://assets.tcgdex.net/en/xy/xy11/11/high.png,0,Rare
xy11-12,STS,XY,12,Foongus,https://assets.tcgdex.net/en/xy/xy11/12/high.png,0,Common
xy11-13,STS,XY,13,Amoonguss,https://assets.tcgdex.net/en/xy/xy11/13/high.png,0,Rare
xy11-14,STS,XY,14,Larvesta,https://assets.tcgdex.net/en/xy/xy11/14/high.png,0,Common
xy11-15,STS,XY,15,Volcarona,https://assets.tcgdex.net/en/xy/xy11/15/high.png,0,Rare
xy11-16,STS,XY,16,Ponyta,https://assets.tcgdex.net/en/xy/xy11/16/high.png,0,Common
xy11-17,STS,XY,17,Rapidash,https://assets.tcgdex.net/en/xy/xy11/17/high.png,0,Uncommon
xy11-18,STS,XY,18,Chimchar,https://assets.tcgdex.net/en/xy/xy11/18/high.png,0,Common
xy11-19,STS,XY,19,Monferno,https://assets.tcgdex.net/en/xy/xy11/19/high.png,0,Uncommon
xy11-20,STS,XY,20,Infernape,https://assets.tcgdex.net/en/xy/xy11/20/high.png,0,Rare
xy11-21,STS,XY,21,Talonflame BREAK,https://assets.tcgdex.net/en/xy/xy11/21/high.png,0,Ultra Rare
xy11-22,STS,XY,22,Litleo,https://assets.tcgdex.net/en/xy/xy11/22/high.png,0,Common
xy11-23,STS,XY,23,Pyroar,https://assets.tcgdex.net/en/xy/xy11/23/high.png,0,Rare
xy11-24,STS,XY,24,Pyroar BREAK,https://assets.tcgdex.net/en/xy/xy11/24/high.png,0,Ultra Rare
xy11-25,STS,XY,25,Volcanion,https://assets.tcgdex.net/en/xy/xy11/25/high.png,0,Rare
xy11-26,STS,XY,26,Volcanion EX,https://assets.tcgdex.net/en/xy/xy11/26/high.png,0,Ultra Rare
xy11-27,STS,XY,27,Mantine,https://assets.tcgdex.net/en/xy/xy11/27/high.png,0,Common
xy11-28,STS,XY,28,Shellos,https://assets.tcgdex.net/en/xy/xy11/28/high.png,0,Common
xy11-29,STS,XY,29,Gastrodon,https://assets.tcgdex.net/en/xy/xy11/29/high.png,0,Rare
xy11-30,STS,XY,30,Oshawott,https://assets.tcgdex.net/en/xy/xy11/30/high.png,0,Common
xy11-31,STS,XY,31,Dewott,https://assets.tcgdex.net/en/xy/xy11/31/high.png,0,Uncommon
xy11-32,STS,XY,32,Samurott,https://assets.tcgdex.net/en/xy/xy11/32/high.png,0,Rare
xy11-33,STS,XY,33,Clauncher,https://assets.tcgdex.net/en/xy/xy11/33/high.png,0,Common
xy11-34,STS,XY,34,Clawitzer,https://assets.tcgdex.net/en/xy/xy11/34/high.png,0,Rare
xy11-35,STS,XY,35,Clawitzer BREAK,https://assets.tcgdex.net/en/xy/xy11/35/high.png,0,Ultra Rare
xy11-36,STS,XY,36,Bergmite,https://assets.tcgdex.net/en/xy/xy11/36/high.png,0,Common
xy11-37,STS,XY,37,Avalugg,https://assets.tcgdex.net/en/xy/xy11/37/high.png,0,Rare
xy11-38,STS,XY,38,Mareep,https://assets.tcgdex.net/en/xy/xy11/38/high.png,0,Common
xy11-39,STS,XY,39,Flaaffy,https://assets.tcgdex.net/en/xy/xy11/39/high.png,0,Uncommon
xy11-40,STS,XY,40,Ampharos,https://assets.tcgdex.net/en/xy/xy11/40/high.png,0,Rare
xy11-41,STS,XY,41,Joltik,https://assets.tcgdex.net/en/xy/xy11/41/high.png,0,Common
xy11-42,STS,XY,42,Galvantula,https://assets.tcgdex.net/en/xy/xy11/42/high.png,0,Rare
xy11-43,STS,XY,43,Nidoran♂,https://assets.tcgdex.net/en/xy/xy11/43/high.png,0,Common
xy11-44,STS,XY,44,Nidorino,https://assets.tcgdex.net/en/xy/xy11/44/high.png,0,Uncommon
xy11-45,STS,XY,45,Nidoking,https://assets.tcgdex.net/en/xy/xy11/45/high.png,0,Rare
xy11-46,STS,XY,46,Drifloon,https://assets.tcgdex.net/en/xy/xy11/46/high.png,0,Common
xy11-47,STS,XY,47,Drifblim,https://assets.tcgdex.net/en/xy/xy11/47/high.png,0,Uncommon
xy11-48,STS,XY,48,Litwick,https://assets.tcgdex.net/en/xy/xy11/48/high.png,0,Common
xy11-49,STS,XY,49,Lampent,https://assets.tcgdex.net/en/xy/xy11/49/high.png,0,Uncommon
xy11-50,STS,XY,50,Chandelure,https://assets.tcgdex.net/en/xy/xy11/50/high.png,0,Rare
xy11-51,STS,XY,51,Hoopa,https://assets.tcgdex.net/en/xy/xy11/51/high.png,0,Rare
xy11-52,STS,XY,52,Mankey,https://assets.tcgdex.net/en/xy/xy11/52/high.png,0,Common
xy11-53,STS,XY,53,Primeape,https://assets.tcgdex.net/en/xy/xy11/53/high.png,0,Rare
xy11-54,STS,XY,54,Nosepass,https://assets.tcgdex.net/en/xy/xy11/54/high.png,0,Common
xy11-55,STS,XY,55,Probopass,https://assets.tcgdex.net/en/xy/xy11/55/high.png,0,Rare
xy11-56,STS,XY,56,Anorith,https://assets.tcgdex.net/en/xy/xy11/56/high.png,0,Uncommon
xy11-57,STS,XY,57,Armaldo,https://assets.tcgdex.net/en/xy/xy11/57/high.png,0,Rare
xy11-58,STS,XY,58,Croagunk,https://assets.tcgdex.net/en/xy/xy11/58/high.png,0,Common
xy11-59,STS,XY,59,Toxicroak,https://assets.tcgdex.net/en/xy/xy11/59/high.png,0,Rare
xy11-60,STS,XY,60,Sneasel,https://assets.tcgdex.net/en/xy/xy11/60/high.png,0,Common
xy11-61,STS,XY,61,Weavile,https://assets.tcgdex.net/en/xy/xy11/61/high.png,0,Rare
xy11-62,STS,XY,62,Spiritomb,https://assets.tcgdex.net/en/xy/xy11/62/high.png,0,Rare
xy11-63,STS,XY,63,Pawniard,https://assets.tcgdex.net/en/xy/xy11/63/high.png,0,Common
xy11-64,STS,XY,64,Bisharp,https://assets.tcgdex.net/en/xy/xy11/64/high.png,0,Rare
xy11-65,STS,XY,65,Yveltal,https://assets.tcgdex.net/en/xy/xy11/65/high.png,0,Rare
xy11-66,STS,XY,66,Yveltal BREAK,https://assets.tcgdex.net/en/xy/xy11/66/high.png,0,Ultra Rare
xy11-67,STS,XY,67,Steelix EX,https://assets.tcgdex.net/en/xy/xy11/67/high.png,0,Ultra Rare
xy11-68,STS,XY,68,M Steelix EX,https://assets.tcgdex.net/en/xy/xy11/68/high.png,0,Ultra Rare
xy11-69,STS,XY,69,Shieldon,https://assets.tcgdex.net/en/xy/xy11/69/high.png,0,Uncommon
xy11-70,STS,XY,70,Bastiodon,https://assets.tcgdex.net/en/xy/xy11/70/high.png,0,Rare
xy11-71,STS,XY,71,Klink,https://assets.tcgdex.net/en/xy/xy11/71/high.png,0,Common
xy11-72,STS,XY,72,Klang,https://assets.tcgdex.net/en/xy/xy11/72/high.png,0,Uncommon
xy11-73,STS,XY,73,Klinklang,https://assets.tcgdex.net/en/xy/xy11/73/high.png,0,Rare
xy11-74,STS,XY,74,Cobalion,https://assets.tcgdex.net/en/xy/xy11/74/high.png,0,Rare
xy11-75,STS,XY,75,Magearna EX,https://assets.tcgdex.net/en/xy/xy11/75/high.png,0,Ultra Rare
xy11-76,STS,XY,76,Marill,https://assets.tcgdex.net/en/xy/xy11/76/high.png,0,Common
xy11-77,STS,XY,77,Azumarill,https://assets.tcgdex.net/en/xy/xy11/77/high.png,0,Uncommon
xy11-78,STS,XY,78,Gardevoir EX,https://assets.tcgdex.net/en/xy/xy11/78/high.png,0,Ultra Rare
xy11-79,STS,XY,79,M Gardevoir EX,https://assets.tcgdex.net/en/xy/xy11/79/high.png,0,Ultra Rare
xy11-80,STS,XY,80,Klefki,https://assets.tcgdex.net/en/xy/xy11/80/high.png,0,Uncommon
xy11-81,STS,XY,81,Xerneas,https://assets.tcgdex.net/en/xy/xy11/81/high.png,0,Rare
xy11-82,STS,XY,82,Xerneas BREAK,https://assets.tcgdex.net/en/xy/xy11/82/high.png,0,Ultra Rare
xy11-83,STS,XY,83,Druddigon,https://assets.tcgdex.net/en/xy/xy11/83/high.png,0,Rare
xy11-84,STS,XY,84,Deino,https://assets.tcgdex.net/en/xy/xy11/84/high.png,0,Common
xy11-85,STS,XY,85,Zweilous,https://assets.tcgdex.net/en/xy/xy11/85/high.png,0,Uncommon
xy11-86,STS,XY,86,Hydreigon,https://assets.tcgdex.net/en/xy/xy11/86/high.png,0,Rare
xy11-87,STS,XY,87,Hydreigon BREAK,https://assets.tcgdex.net/en/xy/xy11/87/high.png,0,Ultra Rare
xy11-88,STS,XY,88,Meowth,https://assets.tcgdex.net/en/xy/xy11/88/high.png,0,Common
xy11-89,STS,XY,89,Persian,https://assets.tcgdex.net/en/xy/xy11/89/high.png,0,Uncommon
xy11-90,STS,XY,90,Aipom,https://assets.tcgdex.net/en/xy/xy11/90/high.png,0,Common
xy11-91,STS,XY,91,Ambipom,https://assets.tcgdex.net/en/xy/xy11/91/high.png,0,Uncommon
xy11-92,STS,XY,92,Rufflet,https://assets.tcgdex.net/en/xy/xy11/92/high.png,0,Common
xy11-93,STS,XY,93,Braviary,https://assets.tcgdex.net/en/xy/xy11/93/high.png,0,Uncommon
xy11-94,STS,XY,94,Fletchling,https://assets.tcgdex.net/en/xy/xy11/94/high.png,0,Common
xy11-95,STS,XY,95,Fletchinder,https://assets.tcgdex.net/en/xy/xy11/95/high.png,0,Uncommon
xy11-96,STS,XY,96,Talonflame,https://assets.tcgdex.net/en/xy/xy11/96/high.png,0,Rare
xy11-97,STS,XY,97,Hawlucha,https://assets.tcgdex.net/en/xy/xy11/97/high.png,0,Uncommon
xy11-107,STS,XY,107,Volcanion EX,https://assets.tcgdex.net/en/xy/xy11/107/high.png,0,Ultra Rare
xy11-108,STS,XY,108,Steelix EX,https://assets.tcgdex.net/en/xy/xy11/108/high.png,0,Ultra Rare
xy11-109,STS,XY,109,M Steelix EX,https://assets.tcgdex.net/en/xy/xy11/109/high.png,0,Ultra Rare
xy11-110,STS,XY,110,Magearna EX,https://assets.tcgdex.net/en/xy/xy11/110/high.png,0,Ultra Rare
xy11-111,STS,XY,111,Gardevoir EX,https://assets.tcgdex.net/en/xy/xy11/111/high.png,0,Ultra Rare
xy11-112,STS,XY,112,M Gardevoir EX,https://assets.tcgdex.net/en/xy/xy11/112/high.png,0,Ultra Rare
xy11-115,STS,XY,115,Volcanion EX,https://assets.tcgdex.net/en/xy/xy11/115/high.png,0,Secret Rare
xy11-116,STS,XY,116,Gardevoir EX,https://assets.tcgdex.net/en/xy/xy11/116/high.png,0,Secret Rare
xy5-1,PRC,XY,1,Weedle,https://assets.tcgdex.net/en/xy/xy5/1/high.png,0,Common
xy5-2,PRC,XY,2,Kakuna,https://assets.tcgdex.net/en/xy/xy5/2/high.png,0,Uncommon
xy5-3,PRC,XY,3,Beedrill,https://assets.tcgdex.net/en/xy/xy5/3/high.png,0,Rare
xy5-4,PRC,XY,4,Tangela,https://assets.tcgdex.net/en/xy/xy5/4/high.png,0,Common
xy5-5,PRC,XY,5,Tangrowth,https://assets.tcgdex.net/en/xy/xy5/5/high.png,0,Rare
xy5-6,PRC,XY,6,Treecko,https://assets.tcgdex.net/en/xy/xy5/6/high.png,0,Common
xy5-7,PRC,XY,7,Grovyle,https://assets.tcgdex.net/en/xy/xy5/7/high.png,0,Uncommon
xy5-8,PRC,XY,8,Sceptile,https://assets.tcgdex.net/en/xy/xy5/8/high.png,0,Rare
xy5-9,PRC,XY,9,Sceptile,https://assets.tcgdex.net/en/xy/xy5/9/high.png,0,Rare
xy5-10,PRC,XY,10,Lotad,https://assets.tcgdex.net/en/xy/xy5/10/high.png,0,Common
xy5-11,PRC,XY,11,Lombre,https://assets.tcgdex.net/en/xy/xy5/11/high.png,0,Uncommon
xy5-12,PRC,XY,12,Ludicolo,https://assets.tcgdex.net/en/xy/xy5/12/high.png,0,Rare
xy5-13,PRC,XY,13,Surskit,https://assets.tcgdex.net/en/xy/xy5/13/high.png,0,Common
xy5-14,PRC,XY,14,Masquerain,https://assets.tcgdex.net/en/xy/xy5/14/high.png,0,Uncommon
xy5-15,PRC,XY,15,Shroomish,https://assets.tcgdex.net/en/xy/xy5/15/high.png,0,Common
xy5-16,PRC,XY,16,Breloom,https://assets.tcgdex.net/en/xy/xy5/16/high.png,0,Rare
xy5-17,PRC,XY,17,Volbeat,https://assets.tcgdex.net/en/xy/xy5/17/high.png,0,Common
xy5-18,PRC,XY,18,Illumise,https://assets.tcgdex.net/en/xy/xy5/18/high.png,0,Common
xy5-19,PRC,XY,19,Trevenant EX,https://assets.tcgdex.net/en/xy/xy5/19/high.png,0,Ultra Rare
xy5-20,PRC,XY,20,Vulpix,https://assets.tcgdex.net/en/xy/xy5/20/high.png,0,Common
xy5-21,PRC,XY,21,Ninetales,https://assets.tcgdex.net/en/xy/xy5/21/high.png,0,Rare
xy5-22,PRC,XY,22,Slugma,https://assets.tcgdex.net/en/xy/xy5/22/high.png,0,Common
xy5-23,PRC,XY,23,Magcargo,https://assets.tcgdex.net/en/xy/xy5/23/high.png,0,Uncommon
xy5-24,PRC,XY,24,Magcargo,https://assets.tcgdex.net/en/xy/xy5/24/high.png,0,Rare
xy5-25,PRC,XY,25,Torchic,https://assets.tcgdex.net/en/xy/xy5/25/high.png,0,Common
xy5-26,PRC,XY,26,Torchic,https://assets.tcgdex.net/en/xy/xy5/26/high.png,0,Uncommon
xy5-27,PRC,XY,27,Combusken,https://assets.tcgdex.net/en/xy/xy5/27/high.png,0,Uncommon
xy5-28,PRC,XY,28,Blaziken,https://assets.tcgdex.net/en/xy/xy5/28/high.png,0,Rare
xy5-29,PRC,XY,29,Camerupt EX,https://assets.tcgdex.net/en/xy/xy5/29/high.png,0,Ultra Rare
xy5-30,PRC,XY,30,Horsea,https://assets.tcgdex.net/en/xy/xy5/30/high.png,0,Common
xy5-31,PRC,XY,31,Seadra,https://assets.tcgdex.net/en/xy/xy5/31/high.png,0,Uncommon
xy5-32,PRC,XY,32,Staryu,https://assets.tcgdex.net/en/xy/xy5/32/high.png,0,Common
xy5-33,PRC,XY,33,Mudkip,https://assets.tcgdex.net/en/xy/xy5/33/high.png,0,Common
xy5-34,PRC,XY,34,Marshtomp,https://assets.tcgdex.net/en/xy/xy5/34/high.png,0,Uncommon
xy5-35,PRC,XY,35,Swampert,https://assets.tcgdex.net/en/xy/xy5/35/high.png,0,Rare
xy5-36,PRC,XY,36,Swampert,https://assets.tcgdex.net/en/xy/xy5/36/high.png,0,Rare
xy5-37,PRC,XY,37,Ludicolo,https://assets.tcgdex.net/en/xy/xy5/37/high.png,0,Rare
xy5-38,PRC,XY,38,Wailord EX,https://assets.tcgdex.net/en/xy/xy5/38/high.png,0,Ultra Rare
xy5-39,PRC,XY,39,Barboach,https://assets.tcgdex.net/en/xy/xy5/39/high.png,0,Common
xy5-40,PRC,XY,40,Whiscash,https://assets.tcgdex.net/en/xy/xy5/40/high.png,0,Uncommon
xy5-41,PRC,XY,41,Whiscash,https://assets.tcgdex.net/en/xy/xy5/41/high.png,0,Rare
xy5-42,PRC,XY,42,Corphish,https://assets.tcgdex.net/en/xy/xy5/42/high.png,0,Common
xy5-43,PRC,XY,43,Feebas,https://assets.tcgdex.net/en/xy/xy5/43/high.png,0,Common
xy5-44,PRC,XY,44,Milotic,https://assets.tcgdex.net/en/xy/xy5/44/high.png,0,Rare
xy5-45,PRC,XY,45,Spheal,https://assets.tcgdex.net/en/xy/xy5/45/high.png,0,Common
xy5-46,PRC,XY,46,Spheal,https://assets.tcgdex.net/en/xy/xy5/46/high.png,0,Common
xy5-47,PRC,XY,47,Sealeo,https://assets.tcgdex.net/en/xy/xy5/47/high.png,0,Uncommon
xy5-48,PRC,XY,48,Walrein,https://assets.tcgdex.net/en/xy/xy5/48/high.png,0,Rare
xy5-49,PRC,XY,49,Clamperl,https://assets.tcgdex.net/en/xy/xy5/49/high.png,0,Common
xy5-50,PRC,XY,50,Huntail,https://assets.tcgdex.net/en/xy/xy5/50/high.png,0,Rare
xy5-51,PRC,XY,51,Gorebyss,https://assets.tcgdex.net/en/xy/xy5/51/high.png,0,Uncommon
xy5-52,PRC,XY,52,Gorebyss,https://assets.tcgdex.net/en/xy/xy5/52/high.png,0,Rare
xy5-53,PRC,XY,53,Kyogre,https://assets.tcgdex.net/en/xy/xy5/53/high.png,0,Rare
xy5-54,PRC,XY,54,Kyogre EX,https://assets.tcgdex.net/en/xy/xy5/54/high.png,0,Ultra Rare
xy5-55,PRC,XY,55,Primal Kyogre EX,https://assets.tcgdex.net/en/xy/xy5/55/high.png,0,Ultra Rare
xy5-56,PRC,XY,56,Manaphy,https://assets.tcgdex.net/en/xy/xy5/56/high.png,0,Rare
xy5-57,PRC,XY,57,Chinchou,https://assets.tcgdex.net/en/xy/xy5/57/high.png,0,Common
xy5-58,PRC,XY,58,Lanturn,https://assets.tcgdex.net/en/xy/xy5/58/high.png,0,Uncommon
xy5-59,PRC,XY,59,Electrike,https://assets.tcgdex.net/en/xy/xy5/59/high.png,0,Common
xy5-60,PRC,XY,60,Electrike,https://assets.tcgdex.net/en/xy/xy5/60/high.png,0,Uncommon
xy5-61,PRC,XY,61,Manectric,https://assets.tcgdex.net/en/xy/xy5/61/high.png,0,Rare
xy5-62,PRC,XY,62,Tynamo,https://assets.tcgdex.net/en/xy/xy5/62/high.png,0,Common
xy5-63,PRC,XY,63,Eelektrik,https://assets.tcgdex.net/en/xy/xy5/63/high.png,0,Uncommon
xy5-64,PRC,XY,64,Eelektrik,https://assets.tcgdex.net/en/xy/xy5/64/high.png,0,Rare
xy5-65,PRC,XY,65,Eelektross,https://assets.tcgdex.net/en/xy/xy5/65/high.png,0,Rare
xy5-66,PRC,XY,66,Nidoran♀,https://assets.tcgdex.net/en/xy/xy5/66/high.png,0,Common
xy5-67,PRC,XY,67,Nidorina,https://assets.tcgdex.net/en/xy/xy5/67/high.png,0,Uncommon
xy5-68,PRC,XY,68,Nidoqueen,https://assets.tcgdex.net/en/xy/xy5/68/high.png,0,Uncommon
xy5-69,PRC,XY,69,Nidoqueen,https://assets.tcgdex.net/en/xy/xy5/69/high.png,0,Rare
xy5-70,PRC,XY,70,Tentacool,https://assets.tcgdex.net/en/xy/xy5/70/high.png,0,Common
xy5-71,PRC,XY,71,Tentacool,https://assets.tcgdex.net/en/xy/xy5/71/high.png,0,Uncommon
xy5-72,PRC,XY,72,Tentacruel,https://assets.tcgdex.net/en/xy/xy5/72/high.png,0,Rare
xy5-73,PRC,XY,73,Starmie,https://assets.tcgdex.net/en/xy/xy5/73/high.png,0,Rare
xy5-74,PRC,XY,74,Rhyhorn,https://assets.tcgdex.net/en/xy/xy5/74/high.png,0,Common
xy5-75,PRC,XY,75,Rhydon,https://assets.tcgdex.net/en/xy/xy5/75/high.png,0,Uncommon
xy5-76,PRC,XY,76,Rhyperior,https://assets.tcgdex.net/en/xy/xy5/76/high.png,0,Rare
xy5-77,PRC,XY,77,Rhyperior,https://assets.tcgdex.net/en/xy/xy5/77/high.png,0,Rare
xy5-78,PRC,XY,78,Nosepass,https://assets.tcgdex.net/en/xy/xy5/78/high.png,0,Common
xy5-79,PRC,XY,79,Meditite,https://assets.tcgdex.net/en/xy/xy5/79/high.png,0,Common
xy5-80,PRC,XY,80,Medicham,https://assets.tcgdex.net/en/xy/xy5/80/high.png,0,Rare
xy5-81,PRC,XY,81,Medicham,https://assets.tcgdex.net/en/xy/xy5/81/high.png,0,Rare
xy5-82,PRC,XY,82,Trapinch,https://assets.tcgdex.net/en/xy/xy5/82/high.png,0,Common
xy5-83,PRC,XY,83,Solrock,https://assets.tcgdex.net/en/xy/xy5/83/high.png,0,Common
xy5-84,PRC,XY,84,Groudon,https://assets.tcgdex.net/en/xy/xy5/84/high.png,0,Rare
xy5-85,PRC,XY,85,Groudon EX,https://assets.tcgdex.net/en/xy/xy5/85/high.png,0,Ultra Rare
xy5-86,PRC,XY,86,Primal Groudon EX,https://assets.tcgdex.net/en/xy/xy5/86/high.png,0,Ultra Rare
xy5-87,PRC,XY,87,Hippopotas,https://assets.tcgdex.net/en/xy/xy5/87/high.png,0,Common
xy5-88,PRC,XY,88,Hippowdon,https://assets.tcgdex.net/en/xy/xy5/88/high.png,0,Rare
xy5-89,PRC,XY,89,Drilbur,https://assets.tcgdex.net/en/xy/xy5/89/high.png,0,Common
xy5-90,PRC,XY,90,Diggersby,https://assets.tcgdex.net/en/xy/xy5/90/high.png,0,Rare
xy5-91,PRC,XY,91,Sharpedo EX,https://assets.tcgdex.net/en/xy/xy5/91/high.png,0,Ultra Rare
xy5-92,PRC,XY,92,Crawdaunt,https://assets.tcgdex.net/en/xy/xy5/92/high.png,0,Rare
xy5-93,PRC,XY,93,Aggron EX,https://assets.tcgdex.net/en/xy/xy5/93/high.png,0,Ultra Rare
xy5-94,PRC,XY,94,M Aggron EX,https://assets.tcgdex.net/en/xy/xy5/94/high.png,0,Ultra Rare
xy5-95,PRC,XY,95,Probopass,https://assets.tcgdex.net/en/xy/xy5/95/high.png,0,Rare
xy5-96,PRC,XY,96,Excadrill,https://assets.tcgdex.net/en/xy/xy5/96/high.png,0,Rare
xy5-97,PRC,XY,97,Excadrill,https://assets.tcgdex.net/en/xy/xy5/97/high.png,0,Rare
xy5-98,PRC,XY,98,Honedge,https://assets.tcgdex.net/en/xy/xy5/98/high.png,0,Common
xy5-99,PRC,XY,99,Doublade,https://assets.tcgdex.net/en/xy/xy5/99/high.png,0,Uncommon
xy5-100,PRC,XY,100,Aegislash,https://assets.tcgdex.net/en/xy/xy5/100/high.png,0,Rare
xy5-101,PRC,XY,101,Mr. Mime,https://assets.tcgdex.net/en/xy/xy5/101/high.png,0,Uncommon
xy5-102,PRC,XY,102,Marill,https://assets.tcgdex.net/en/xy/xy5/102/high.png,0,Common
xy5-103,PRC,XY,103,Azumarill,https://assets.tcgdex.net/en/xy/xy5/103/high.png,0,Rare
xy5-104,PRC,XY,104,Azumarill,https://assets.tcgdex.net/en/xy/xy5/104/high.png,0,Rare
xy5-105,PRC,XY,105,Gardevoir EX,https://assets.tcgdex.net/en/xy/xy5/105/high.png,0,Ultra Rare
xy5-106,PRC,XY,106,M Gardevoir EX,https://assets.tcgdex.net/en/xy/xy5/106/high.png,0,Ultra Rare
xy5-107,PRC,XY,107,Kingdra,https://assets.tcgdex.net/en/xy/xy5/107/high.png,0,Rare
xy5-108,PRC,XY,108,Kingdra,https://assets.tcgdex.net/en/xy/xy5/108/high.png,0,Rare
xy5-109,PRC,XY,109,Vibrava,https://assets.tcgdex.net/en/xy/xy5/109/high.png,0,Uncommon
xy5-110,PRC,XY,110,Flygon,https://assets.tcgdex.net/en/xy/xy5/110/high.png,0,Rare
xy5-111,PRC,XY,111,Zigzagoon,https://assets.tcgdex.net/en/xy/xy5/111/high.png,0,Common
xy5-112,PRC,XY,112,Linoone,https://assets.tcgdex.net/en/xy/xy5/112/high.png,0,Uncommon
xy5-113,PRC,XY,113,Skitty,https://assets.tcgdex.net/en/xy/xy5/113/high.png,0,Common
xy5-114,PRC,XY,114,Delcatty,https://assets.tcgdex.net/en/xy/xy5/114/high.png,0,Rare
xy5-115,PRC,XY,115,Spinda,https://assets.tcgdex.net/en/xy/xy5/115/high.png,0,Common
xy5-116,PRC,XY,116,Bidoof,https://assets.tcgdex.net/en/xy/xy5/116/high.png,0,Common
xy5-117,PRC,XY,117,Bidoof,https://assets.tcgdex.net/en/xy/xy5/117/high.png,0,Uncommon
xy5-118,PRC,XY,118,Bibarel,https://assets.tcgdex.net/en/xy/xy5/118/high.png,0,Uncommon
xy5-119,PRC,XY,119,Bouffalant,https://assets.tcgdex.net/en/xy/xy5/119/high.png,0,Uncommon
xy5-120,PRC,XY,120,Bunnelby,https://assets.tcgdex.net/en/xy/xy5/120/high.png,0,Common
xy5-121,PRC,XY,121,Bunnelby,https://assets.tcgdex.net/en/xy/xy5/121/high.png,0,Uncommon
xy5-145,PRC,XY,145,Trevenant EX,https://assets.tcgdex.net/en/xy/xy5/145/high.png,0,Ultra Rare
xy5-146,PRC,XY,146,Camerupt EX,https://assets.tcgdex.net/en/xy/xy5/146/high.png,0,Ultra Rare
xy5-147,PRC,XY,147,Wailord EX,https://assets.tcgdex.net/en/xy/xy5/147/high.png,0,Ultra Rare
xy5-148,PRC,XY,148,Kyogre EX,https://assets.tcgdex.net/en/xy/xy5/148/high.png,0,Ultra Rare
xy5-149,PRC,XY,149,Primal Kyogre EX,https://assets.tcgdex.net/en/xy/xy5/149/high.png,0,Ultra Rare
xy5-150,PRC,XY,150,Groudon EX,https://assets.tcgdex.net/en/xy/xy5/150/high.png,0,Ultra Rare
xy5-151,PRC,XY,151,Primal Groudon EX,https://assets.tcgdex.net/en/xy/xy5/151/high.png,0,Ultra Rare
xy5-152,PRC,XY,152,Sharpedo EX,https://assets.tcgdex.net/en/xy/xy5/152/high.png,0,Ultra Rare
xy5-153,PRC,XY,153,Aggron EX,https://assets.tcgdex.net/en/xy/xy5/153/high.png,0,Ultra Rare
xy5-154,PRC,XY,154,M Aggron EX,https://assets.tcgdex.net/en/xy/xy5/154/high.png,0,Ultra Rare
xy5-155,PRC,XY,155,Gardevoir EX,https://assets.tcgdex.net/en/xy/xy5/155/high.png,0,Ultra Rare
xy5-156,PRC,XY,156,M Gardevoir EX,https://assets.tcgdex.net/en/xy/xy5/156/high.png,0,Ultra Rare
xy4-1,PHF,XY,1,Venonat,https://assets.tcgdex.net/en/xy/xy4/1/high.png,0,Common
xy4-2,PHF,XY,2,Venomoth,https://assets.tcgdex.net/en/xy/xy4/2/high.png,0,Rare
xy4-3,PHF,XY,3,Yanma,https://assets.tcgdex.net/en/xy/xy4/3/high.png,0,Common
xy4-4,PHF,XY,4,Yanmega,https://assets.tcgdex.net/en/xy/xy4/4/high.png,0,Rare
xy4-5,PHF,XY,5,Sewaddle,https://assets.tcgdex.net/en/xy/xy4/5/high.png,0,Common
xy4-6,PHF,XY,6,Swadloon,https://assets.tcgdex.net/en/xy/xy4/6/high.png,0,Uncommon
xy4-7,PHF,XY,7,Leavanny,https://assets.tcgdex.net/en/xy/xy4/7/high.png,0,Rare
xy4-8,PHF,XY,8,Karrablast,https://assets.tcgdex.net/en/xy/xy4/8/high.png,0,Common
xy4-9,PHF,XY,9,Fletchinder,https://assets.tcgdex.net/en/xy/xy4/9/high.png,0,Uncommon
xy4-10,PHF,XY,10,Talonflame,https://assets.tcgdex.net/en/xy/xy4/10/high.png,0,Rare
xy4-11,PHF,XY,11,Litleo,https://assets.tcgdex.net/en/xy/xy4/11/high.png,0,Common
xy4-12,PHF,XY,12,Pyroar,https://assets.tcgdex.net/en/xy/xy4/12/high.png,0,Rare
xy4-13,PHF,XY,13,Krabby,https://assets.tcgdex.net/en/xy/xy4/13/high.png,0,Common
xy4-14,PHF,XY,14,Kingler,https://assets.tcgdex.net/en/xy/xy4/14/high.png,0,Uncommon
xy4-15,PHF,XY,15,Totodile,https://assets.tcgdex.net/en/xy/xy4/15/high.png,0,Common
xy4-16,PHF,XY,16,Croconaw,https://assets.tcgdex.net/en/xy/xy4/16/high.png,0,Uncommon
xy4-17,PHF,XY,17,Feraligatr,https://assets.tcgdex.net/en/xy/xy4/17/high.png,0,Rare
xy4-18,PHF,XY,18,Finneon,https://assets.tcgdex.net/en/xy/xy4/18/high.png,0,Common
xy4-19,PHF,XY,19,Lumineon,https://assets.tcgdex.net/en/xy/xy4/19/high.png,0,Uncommon
xy4-20,PHF,XY,20,Frillish,https://assets.tcgdex.net/en/xy/xy4/20/high.png,0,Common
xy4-21,PHF,XY,21,Jellicent,https://assets.tcgdex.net/en/xy/xy4/21/high.png,0,Rare
xy4-22,PHF,XY,22,Alomomola,https://assets.tcgdex.net/en/xy/xy4/22/high.png,0,Common
xy4-23,PHF,XY,23,Manectric EX,https://assets.tcgdex.net/en/xy/xy4/23/high.png,0,Ultra Rare
xy4-24a,PHF,XY,24a,M Manectric EX,https://assets.tcgdex.net/en/xy/xy4/24a/high.png,0,Rare
xy4-24,PHF,XY,24,M Manectric EX,https://assets.tcgdex.net/en/xy/xy4/24/high.png,0,Ultra Rare
xy4-25,PHF,XY,25,Pachirisu,https://assets.tcgdex.net/en/xy/xy4/25/high.png,0,Rare
xy4-26,PHF,XY,26,Joltik,https://assets.tcgdex.net/en/xy/xy4/26/high.png,0,Common
xy4-27,PHF,XY,27,Galvantula,https://assets.tcgdex.net/en/xy/xy4/27/high.png,0,Rare
xy4-28,PHF,XY,28,Helioptile,https://assets.tcgdex.net/en/xy/xy4/28/high.png,0,Common
xy4-29,PHF,XY,29,Helioptile,https://assets.tcgdex.net/en/xy/xy4/29/high.png,0,Common
xy4-30,PHF,XY,30,Heliolisk,https://assets.tcgdex.net/en/xy/xy4/30/high.png,0,Rare
xy4-31,PHF,XY,31,Zubat,https://assets.tcgdex.net/en/xy/xy4/31/high.png,0,Common
xy4-32,PHF,XY,32,Golbat,https://assets.tcgdex.net/en/xy/xy4/32/high.png,0,Uncommon
xy4-33,PHF,XY,33,Crobat,https://assets.tcgdex.net/en/xy/xy4/33/high.png,0,Rare
xy4-34,PHF,XY,34,Gengar EX,https://assets.tcgdex.net/en/xy/xy4/34/high.png,0,Ultra Rare
xy4-35,PHF,XY,35,M Gengar EX,https://assets.tcgdex.net/en/xy/xy4/35/high.png,0,Ultra Rare
xy4-36,PHF,XY,36,Wobbuffet,https://assets.tcgdex.net/en/xy/xy4/36/high.png,0,Uncommon
xy4-37,PHF,XY,37,Gulpin,https://assets.tcgdex.net/en/xy/xy4/37/high.png,0,Common
xy4-38,PHF,XY,38,Swalot,https://assets.tcgdex.net/en/xy/xy4/38/high.png,0,Rare
xy4-39,PHF,XY,39,Munna,https://assets.tcgdex.net/en/xy/xy4/39/high.png,0,Common
xy4-40,PHF,XY,40,Musharna,https://assets.tcgdex.net/en/xy/xy4/40/high.png,0,Rare
xy4-41,PHF,XY,41,Litwick,https://assets.tcgdex.net/en/xy/xy4/41/high.png,0,Common
xy4-42,PHF,XY,42,Lampent,https://assets.tcgdex.net/en/xy/xy4/42/high.png,0,Uncommon
xy4-43,PHF,XY,43,Chandelure,https://assets.tcgdex.net/en/xy/xy4/43/high.png,0,Rare
xy4-44,PHF,XY,44,Pumpkaboo,https://assets.tcgdex.net/en/xy/xy4/44/high.png,0,Common
xy4-45,PHF,XY,45,Gourgeist,https://assets.tcgdex.net/en/xy/xy4/45/high.png,0,Rare
xy4-46,PHF,XY,46,Gligar,https://assets.tcgdex.net/en/xy/xy4/46/high.png,0,Common
xy4-47,PHF,XY,47,Gliscor,https://assets.tcgdex.net/en/xy/xy4/47/high.png,0,Rare
xy4-48,PHF,XY,48,Roggenrola,https://assets.tcgdex.net/en/xy/xy4/48/high.png,0,Common
xy4-49,PHF,XY,49,Boldore,https://assets.tcgdex.net/en/xy/xy4/49/high.png,0,Uncommon
xy4-50,PHF,XY,50,Gigalith,https://assets.tcgdex.net/en/xy/xy4/50/high.png,0,Rare
xy4-51,PHF,XY,51,Murkrow,https://assets.tcgdex.net/en/xy/xy4/51/high.png,0,Common
xy4-52,PHF,XY,52,Honchkrow,https://assets.tcgdex.net/en/xy/xy4/52/high.png,0,Rare
xy4-53,PHF,XY,53,Poochyena,https://assets.tcgdex.net/en/xy/xy4/53/high.png,0,Common
xy4-54,PHF,XY,54,Mightyena,https://assets.tcgdex.net/en/xy/xy4/54/high.png,0,Rare
xy4-55,PHF,XY,55,Spiritomb,https://assets.tcgdex.net/en/xy/xy4/55/high.png,0,Rare
xy4-56,PHF,XY,56,Purrloin,https://assets.tcgdex.net/en/xy/xy4/56/high.png,0,Common
xy4-57,PHF,XY,57,Liepard,https://assets.tcgdex.net/en/xy/xy4/57/high.png,0,Uncommon
xy4-58,PHF,XY,58,Malamar EX,https://assets.tcgdex.net/en/xy/xy4/58/high.png,0,Ultra Rare
xy4-59,PHF,XY,59,Skarmory,https://assets.tcgdex.net/en/xy/xy4/59/high.png,0,Common
xy4-60,PHF,XY,60,Bronzor,https://assets.tcgdex.net/en/xy/xy4/60/high.png,0,Common
xy4-61,PHF,XY,61,Bronzong,https://assets.tcgdex.net/en/xy/xy4/61/high.png,0,Rare
xy4-62,PHF,XY,62,Dialga EX,https://assets.tcgdex.net/en/xy/xy4/62/high.png,0,Ultra Rare
xy4-63,PHF,XY,63,Heatran,https://assets.tcgdex.net/en/xy/xy4/63/high.png,0,Rare
xy4-64,PHF,XY,64,Escavalier,https://assets.tcgdex.net/en/xy/xy4/64/high.png,0,Rare
xy4-65a,PHF,XY,65a,Aegislash EX,https://assets.tcgdex.net/en/xy/xy4/65a/high.png,0,Rare
xy4-65,PHF,XY,65,Aegislash EX,https://assets.tcgdex.net/en/xy/xy4/65/high.png,0,Ultra Rare
xy4-66,PHF,XY,66,Klefki,https://assets.tcgdex.net/en/xy/xy4/66/high.png,0,Uncommon
xy4-67,PHF,XY,67,Florges EX,https://assets.tcgdex.net/en/xy/xy4/67/high.png,0,Ultra Rare
xy4-68,PHF,XY,68,Swirlix,https://assets.tcgdex.net/en/xy/xy4/68/high.png,0,Common
xy4-69,PHF,XY,69,Slurpuff,https://assets.tcgdex.net/en/xy/xy4/69/high.png,0,Rare
xy4-70,PHF,XY,70,Dedenne,https://assets.tcgdex.net/en/xy/xy4/70/high.png,0,Common
xy4-71,PHF,XY,71,Diancie,https://assets.tcgdex.net/en/xy/xy4/71/high.png,0,Rare
xy4-72,PHF,XY,72,Deino,https://assets.tcgdex.net/en/xy/xy4/72/high.png,0,Common
xy4-73,PHF,XY,73,Zweilous,https://assets.tcgdex.net/en/xy/xy4/73/high.png,0,Uncommon
xy4-74,PHF,XY,74,Hydreigon,https://assets.tcgdex.net/en/xy/xy4/74/high.png,0,Rare
xy4-75,PHF,XY,75,Goomy,https://assets.tcgdex.net/en/xy/xy4/75/high.png,0,Common
xy4-76,PHF,XY,76,Sliggoo,https://assets.tcgdex.net/en/xy/xy4/76/high.png,0,Uncommon
xy4-77,PHF,XY,77,Goodra,https://assets.tcgdex.net/en/xy/xy4/77/high.png,0,Rare
xy4-78,PHF,XY,78,Spearow,https://assets.tcgdex.net/en/xy/xy4/78/high.png,0,Common
xy4-79,PHF,XY,79,Fearow,https://assets.tcgdex.net/en/xy/xy4/79/high.png,0,Uncommon
xy4-80,PHF,XY,80,Chansey,https://assets.tcgdex.net/en/xy/xy4/80/high.png,0,Common
xy4-81,PHF,XY,81,Blissey,https://assets.tcgdex.net/en/xy/xy4/81/high.png,0,Rare
xy4-82,PHF,XY,82,Girafarig,https://assets.tcgdex.net/en/xy/xy4/82/high.png,0,Uncommon
xy4-83,PHF,XY,83,Whismur,https://assets.tcgdex.net/en/xy/xy4/83/high.png,0,Common
xy4-84,PHF,XY,84,Loudred,https://assets.tcgdex.net/en/xy/xy4/84/high.png,0,Uncommon
xy4-85,PHF,XY,85,Exploud,https://assets.tcgdex.net/en/xy/xy4/85/high.png,0,Rare
xy4-86,PHF,XY,86,Regigigas,https://assets.tcgdex.net/en/xy/xy4/86/high.png,0,Rare
xy4-87,PHF,XY,87,Bunnelby,https://assets.tcgdex.net/en/xy/xy4/87/high.png,0,Common
xy4-88,PHF,XY,88,Diggersby,https://assets.tcgdex.net/en/xy/xy4/88/high.png,0,Rare
xy4-89,PHF,XY,89,Fletchling,https://assets.tcgdex.net/en/xy/xy4/89/high.png,0,Common
xy4-90,PHF,XY,90,Furfrou,https://assets.tcgdex.net/en/xy/xy4/90/high.png,0,Uncommon
xy4-113,PHF,XY,113,Manectric EX,https://assets.tcgdex.net/en/xy/xy4/113/high.png,0,Ultra Rare
xy4-114,PHF,XY,114,Gengar EX,https://assets.tcgdex.net/en/xy/xy4/114/high.png,0,Ultra Rare
xy4-115,PHF,XY,115,Malamar EX,https://assets.tcgdex.net/en/xy/xy4/115/high.png,0,Ultra Rare
xy4-116,PHF,XY,116,Florges EX,https://assets.tcgdex.net/en/xy/xy4/116/high.png,0,Ultra Rare
xy4-120,PHF,XY,120,M Manectric EX,https://assets.tcgdex.net/en/xy/xy4/120/high.png,0,Secret Rare
xy4-121,PHF,XY,121,M Gengar EX,https://assets.tcgdex.net/en/xy/xy4/121/high.png,0,Secret Rare
xy4-122,PHF,XY,122,Dialga EX,https://assets.tcgdex.net/en/xy/xy4/122/high.png,0,Secret Rare
bw3-1,NVI,BW,1,Sewaddle,https://assets.tcgdex.net/en/bw/bw3/1/high.png,0,Common
bw3-2,NVI,BW,2,Swadloon,https://assets.tcgdex.net/en/bw/bw3/2/high.png,0,Uncommon
bw3-3,NVI,BW,3,Leavanny,https://assets.tcgdex.net/en/bw/bw3/3/high.png,0,Rare
bw3-4,NVI,BW,4,Petilil,https://assets.tcgdex.net/en/bw/bw3/4/high.png,0,Common
bw3-5,NVI,BW,5,Lilligant,https://assets.tcgdex.net/en/bw/bw3/5/high.png,0,Rare
bw3-6,NVI,BW,6,Dwebble,https://assets.tcgdex.net/en/bw/bw3/6/high.png,0,Common
bw3-7,NVI,BW,7,Crustle,https://assets.tcgdex.net/en/bw/bw3/7/high.png,0,Uncommon
bw3-8,NVI,BW,8,Karrablast,https://assets.tcgdex.net/en/bw/bw3/8/high.png,0,Common
bw3-9,NVI,BW,9,Foongus,https://assets.tcgdex.net/en/bw/bw3/9/high.png,0,Common
bw3-10,NVI,BW,10,Amoonguss,https://assets.tcgdex.net/en/bw/bw3/10/high.png,0,Uncommon
bw3-11,NVI,BW,11,Shelmet,https://assets.tcgdex.net/en/bw/bw3/11/high.png,0,Common
bw3-12,NVI,BW,12,Accelgor,https://assets.tcgdex.net/en/bw/bw3/12/high.png,0,Rare
bw3-13,NVI,BW,13,Virizion,https://assets.tcgdex.net/en/bw/bw3/13/high.png,0,Rare
bw3-14,NVI,BW,14,Victini,https://assets.tcgdex.net/en/bw/bw3/14/high.png,0,Rare
bw3-15,NVI,BW,15,Victini,https://assets.tcgdex.net/en/bw/bw3/15/high.png,0,Rare
bw3-16,NVI,BW,16,Pansear,https://assets.tcgdex.net/en/bw/bw3/16/high.png,0,Common
bw3-17,NVI,BW,17,Simisear,https://assets.tcgdex.net/en/bw/bw3/17/high.png,0,Uncommon
bw3-18,NVI,BW,18,Heatmor,https://assets.tcgdex.net/en/bw/bw3/18/high.png,0,Uncommon
bw3-19,NVI,BW,19,Larvesta,https://assets.tcgdex.net/en/bw/bw3/19/high.png,0,Common
bw3-20,NVI,BW,20,Larvesta,https://assets.tcgdex.net/en/bw/bw3/20/high.png,0,Common
bw3-21,NVI,BW,21,Volcarona,https://assets.tcgdex.net/en/bw/bw3/21/high.png,0,Rare
bw3-22,NVI,BW,22,Tympole,https://assets.tcgdex.net/en/bw/bw3/22/high.png,0,Common
bw3-23,NVI,BW,23,Palpitoad,https://assets.tcgdex.net/en/bw/bw3/23/high.png,0,Uncommon
bw3-24,NVI,BW,24,Seismitoad,https://assets.tcgdex.net/en/bw/bw3/24/high.png,0,Rare
bw3-25,NVI,BW,25,Tirtouga,https://assets.tcgdex.net/en/bw/bw3/25/high.png,0,Uncommon
bw3-26,NVI,BW,26,Carracosta,https://assets.tcgdex.net/en/bw/bw3/26/high.png,0,Rare
bw3-27,NVI,BW,27,Vanillite,https://assets.tcgdex.net/en/bw/bw3/27/high.png,0,Common
bw3-28,NVI,BW,28,Vanillish,https://assets.tcgdex.net/en/bw/bw3/28/high.png,0,Uncommon
bw3-29,NVI,BW,29,Vanilluxe,https://assets.tcgdex.net/en/bw/bw3/29/high.png,0,Rare
bw3-30,NVI,BW,30,Frillish,https://assets.tcgdex.net/en/bw/bw3/30/high.png,0,Common
bw3-31,NVI,BW,31,Jellicent,https://assets.tcgdex.net/en/bw/bw3/31/high.png,0,Rare
bw3-32,NVI,BW,32,Cryogonal,https://assets.tcgdex.net/en/bw/bw3/32/high.png,0,Uncommon
bw3-33,NVI,BW,33,Cryogonal,https://assets.tcgdex.net/en/bw/bw3/33/high.png,0,Rare
bw3-34,NVI,BW,34,Kyurem,https://assets.tcgdex.net/en/bw/bw3/34/high.png,0,Rare
bw3-35,NVI,BW,35,Blitzle,https://assets.tcgdex.net/en/bw/bw3/35/high.png,0,Common
bw3-36,NVI,BW,36,Zebstrika,https://assets.tcgdex.net/en/bw/bw3/36/high.png,0,Rare
bw3-37,NVI,BW,37,Emolga,https://assets.tcgdex.net/en/bw/bw3/37/high.png,0,Uncommon
bw3-38,NVI,BW,38,Tynamo,https://assets.tcgdex.net/en/bw/bw3/38/high.png,0,Common
bw3-39,NVI,BW,39,Tynamo,https://assets.tcgdex.net/en/bw/bw3/39/high.png,0,Common
bw3-40,NVI,BW,40,Eelektrik,https://assets.tcgdex.net/en/bw/bw3/40/high.png,0,Uncommon
bw3-41,NVI,BW,41,Eelektross,https://assets.tcgdex.net/en/bw/bw3/41/high.png,0,Rare
bw3-42,NVI,BW,42,Stunfisk,https://assets.tcgdex.net/en/bw/bw3/42/high.png,0,Common
bw3-43,NVI,BW,43,Victini,https://assets.tcgdex.net/en/bw/bw3/43/high.png,0,Rare
bw3-44,NVI,BW,44,Yamask,https://assets.tcgdex.net/en/bw/bw3/44/high.png,0,Common
bw3-45,NVI,BW,45,Yamask,https://assets.tcgdex.net/en/bw/bw3/45/high.png,0,Common
bw3-46,NVI,BW,46,Cofagrigus,https://assets.tcgdex.net/en/bw/bw3/46/high.png,0,Rare
bw3-47,NVI,BW,47,Cofagrigus,https://assets.tcgdex.net/en/bw/bw3/47/high.png,0,Rare
bw3-48,NVI,BW,48,Trubbish,https://assets.tcgdex.net/en/bw/bw3/48/high.png,0,Common
bw3-49,NVI,BW,49,Garbodor,https://assets.tcgdex.net/en/bw/bw3/49/high.png,0,Uncommon
bw3-50,NVI,BW,50,Solosis,https://assets.tcgdex.net/en/bw/bw3/50/high.png,0,Common
bw3-51,NVI,BW,51,Duosion,https://assets.tcgdex.net/en/bw/bw3/51/high.png,0,Uncommon
bw3-52,NVI,BW,52,Reuniclus,https://assets.tcgdex.net/en/bw/bw3/52/high.png,0,Rare
bw3-53,NVI,BW,53,Reuniclus,https://assets.tcgdex.net/en/bw/bw3/53/high.png,0,Rare
bw3-54,NVI,BW,54,Elgyem,https://assets.tcgdex.net/en/bw/bw3/54/high.png,0,Common
bw3-55,NVI,BW,55,Elgyem,https://assets.tcgdex.net/en/bw/bw3/55/high.png,0,Common
bw3-56,NVI,BW,56,Beheeyem,https://assets.tcgdex.net/en/bw/bw3/56/high.png,0,Rare
bw3-57,NVI,BW,57,Litwick,https://assets.tcgdex.net/en/bw/bw3/57/high.png,0,Common
bw3-58,NVI,BW,58,Litwick,https://assets.tcgdex.net/en/bw/bw3/58/high.png,0,Common
bw3-59,NVI,BW,59,Lampent,https://assets.tcgdex.net/en/bw/bw3/59/high.png,0,Uncommon
bw3-60,NVI,BW,60,Chandelure,https://assets.tcgdex.net/en/bw/bw3/60/high.png,0,Rare
bw3-61,NVI,BW,61,Gigalith,https://assets.tcgdex.net/en/bw/bw3/61/high.png,0,Rare
bw3-62,NVI,BW,62,Timburr,https://assets.tcgdex.net/en/bw/bw3/62/high.png,0,Common
bw3-63,NVI,BW,63,Gurdurr,https://assets.tcgdex.net/en/bw/bw3/63/high.png,0,Uncommon
bw3-64,NVI,BW,64,Conkeldurr,https://assets.tcgdex.net/en/bw/bw3/64/high.png,0,Rare
bw3-65,NVI,BW,65,Conkeldurr,https://assets.tcgdex.net/en/bw/bw3/65/high.png,0,Rare
bw3-66,NVI,BW,66,Archen,https://assets.tcgdex.net/en/bw/bw3/66/high.png,0,Uncommon
bw3-67,NVI,BW,67,Archeops,https://assets.tcgdex.net/en/bw/bw3/67/high.png,0,Rare
bw3-68,NVI,BW,68,Stunfisk,https://assets.tcgdex.net/en/bw/bw3/68/high.png,0,Uncommon
bw3-69,NVI,BW,69,Mienfoo,https://assets.tcgdex.net/en/bw/bw3/69/high.png,0,Common
bw3-70,NVI,BW,70,Mienshao,https://assets.tcgdex.net/en/bw/bw3/70/high.png,0,Uncommon
bw3-71,NVI,BW,71,Golett,https://assets.tcgdex.net/en/bw/bw3/71/high.png,0,Common
bw3-72,NVI,BW,72,Golurk,https://assets.tcgdex.net/en/bw/bw3/72/high.png,0,Rare
bw3-73,NVI,BW,73,Terrakion,https://assets.tcgdex.net/en/bw/bw3/73/high.png,0,Rare
bw3-74,NVI,BW,74,Landorus,https://assets.tcgdex.net/en/bw/bw3/74/high.png,0,Rare
bw3-75,NVI,BW,75,Pawniard,https://assets.tcgdex.net/en/bw/bw3/75/high.png,0,Common
bw3-76,NVI,BW,76,Bisharp,https://assets.tcgdex.net/en/bw/bw3/76/high.png,0,Uncommon
bw3-77,NVI,BW,77,Deino,https://assets.tcgdex.net/en/bw/bw3/77/high.png,0,Common
bw3-78,NVI,BW,78,Zweilous,https://assets.tcgdex.net/en/bw/bw3/78/high.png,0,Uncommon
bw3-79,NVI,BW,79,Hydreigon,https://assets.tcgdex.net/en/bw/bw3/79/high.png,0,Rare
bw3-80,NVI,BW,80,Escavalier,https://assets.tcgdex.net/en/bw/bw3/80/high.png,0,Rare
bw3-81,NVI,BW,81,Pawniard,https://assets.tcgdex.net/en/bw/bw3/81/high.png,0,Common
bw3-82,NVI,BW,82,Bisharp,https://assets.tcgdex.net/en/bw/bw3/82/high.png,0,Rare
bw3-83,NVI,BW,83,Durant,https://assets.tcgdex.net/en/bw/bw3/83/high.png,0,Uncommon
bw3-84,NVI,BW,84,Cobalion,https://assets.tcgdex.net/en/bw/bw3/84/high.png,0,Rare
bw3-85,NVI,BW,85,Audino,https://assets.tcgdex.net/en/bw/bw3/85/high.png,0,Uncommon
bw3-86,NVI,BW,86,Axew,https://assets.tcgdex.net/en/bw/bw3/86/high.png,0,Common
bw3-87,NVI,BW,87,Fraxure,https://assets.tcgdex.net/en/bw/bw3/87/high.png,0,Uncommon
bw3-88,NVI,BW,88,Haxorus,https://assets.tcgdex.net/en/bw/bw3/88/high.png,0,Rare
bw3-89,NVI,BW,89,Druddigon,https://assets.tcgdex.net/en/bw/bw3/89/high.png,0,Rare
bw3-97,NVI,BW,97,Virizion,https://assets.tcgdex.net/en/bw/bw3/97/high.png,0,Ultra Rare
bw3-98,NVI,BW,98,Victini,https://assets.tcgdex.net/en/bw/bw3/98/high.png,0,Ultra Rare
bw3-99,NVI,BW,99,Terrakion,https://assets.tcgdex.net/en/bw/bw3/99/high.png,0,Ultra Rare
bw3-100,NVI,BW,100,Cobalion,https://assets.tcgdex.net/en/bw/bw3/100/high.png,0,Ultra Rare
bw3-102,NVI,BW,102,Meowth,https://assets.tcgdex.net/en/bw/bw3/102/high.png,0,Secret Rare
bw4-1,NXD,BW,1,Pinsir,https://assets.tcgdex.net/en/bw/bw4/1/high.png,0,Rare
bw4-2,NXD,BW,2,Seedot,https://assets.tcgdex.net/en/bw/bw4/2/high.png,0,Common
bw4-3,NXD,BW,3,Kricketot,https://assets.tcgdex.net/en/bw/bw4/3/high.png,0,Common
bw4-4,NXD,BW,4,Kricketune,https://assets.tcgdex.net/en/bw/bw4/4/high.png,0,Uncommon
bw4-5,NXD,BW,5,Shaymin-EX,https://assets.tcgdex.net/en/bw/bw4/5/high.png,0,Rare
bw4-6,NXD,BW,6,Pansage,https://assets.tcgdex.net/en/bw/bw4/6/high.png,0,Common
bw4-7,NXD,BW,7,Simisage,https://assets.tcgdex.net/en/bw/bw4/7/high.png,0,Rare
bw4-8,NXD,BW,8,Foongus,https://assets.tcgdex.net/en/bw/bw4/8/high.png,0,Common
bw4-9,NXD,BW,9,Amoonguss,https://assets.tcgdex.net/en/bw/bw4/9/high.png,0,Rare
bw4-10,NXD,BW,10,Growlithe,https://assets.tcgdex.net/en/bw/bw4/10/high.png,0,Common
bw4-11,NXD,BW,11,Growlithe,https://assets.tcgdex.net/en/bw/bw4/11/high.png,0,Common
bw4-12,NXD,BW,12,Arcanine,https://assets.tcgdex.net/en/bw/bw4/12/high.png,0,Rare
bw4-13,NXD,BW,13,Arcanine,https://assets.tcgdex.net/en/bw/bw4/13/high.png,0,Uncommon
bw4-14,NXD,BW,14,Moltres,https://assets.tcgdex.net/en/bw/bw4/14/high.png,0,Rare
bw4-15,NXD,BW,15,Pansear,https://assets.tcgdex.net/en/bw/bw4/15/high.png,0,Common
bw4-16,NXD,BW,16,Simisear,https://assets.tcgdex.net/en/bw/bw4/16/high.png,0,Rare
bw4-17,NXD,BW,17,Darumaka,https://assets.tcgdex.net/en/bw/bw4/17/high.png,0,Common
bw4-18,NXD,BW,18,Litwick,https://assets.tcgdex.net/en/bw/bw4/18/high.png,0,Common
bw4-19,NXD,BW,19,Lampent,https://assets.tcgdex.net/en/bw/bw4/19/high.png,0,Uncommon
bw4-20,NXD,BW,20,Chandelure,https://assets.tcgdex.net/en/bw/bw4/20/high.png,0,Rare
bw4-21,NXD,BW,21,Reshiram,https://assets.tcgdex.net/en/bw/bw4/21/high.png,0,Rare
bw4-22,NXD,BW,22,Reshiram-EX,https://assets.tcgdex.net/en/bw/bw4/22/high.png,0,Rare
bw4-23,NXD,BW,23,Staryu,https://assets.tcgdex.net/en/bw/bw4/23/high.png,0,Common
bw4-24,NXD,BW,24,Starmie,https://assets.tcgdex.net/en/bw/bw4/24/high.png,0,Uncommon
bw4-25,NXD,BW,25,Lapras,https://assets.tcgdex.net/en/bw/bw4/25/high.png,0,Rare
bw4-26,NXD,BW,26,Lapras,https://assets.tcgdex.net/en/bw/bw4/26/high.png,0,Uncommon
bw4-27,NXD,BW,27,Articuno,https://assets.tcgdex.net/en/bw/bw4/27/high.png,0,Rare
bw4-28,NXD,BW,28,Panpour,https://assets.tcgdex.net/en/bw/bw4/28/high.png,0,Common
bw4-29,NXD,BW,29,Simipour,https://assets.tcgdex.net/en/bw/bw4/29/high.png,0,Rare
bw4-30,NXD,BW,30,Basculin,https://assets.tcgdex.net/en/bw/bw4/30/high.png,0,Uncommon
bw4-31,NXD,BW,31,Vanillite,https://assets.tcgdex.net/en/bw/bw4/31/high.png,0,Common
bw4-32,NXD,BW,32,Vanillish,https://assets.tcgdex.net/en/bw/bw4/32/high.png,0,Uncommon
bw4-33,NXD,BW,33,Vanilluxe,https://assets.tcgdex.net/en/bw/bw4/33/high.png,0,Rare
bw4-34,NXD,BW,34,Frillish,https://assets.tcgdex.net/en/bw/bw4/34/high.png,0,Uncommon
bw4-35,NXD,BW,35,Jellicent,https://assets.tcgdex.net/en/bw/bw4/35/high.png,0,Rare
bw4-36,NXD,BW,36,Cubchoo,https://assets.tcgdex.net/en/bw/bw4/36/high.png,0,Common
bw4-37,NXD,BW,37,Beartic,https://assets.tcgdex.net/en/bw/bw4/37/high.png,0,Rare
bw4-38,NXD,BW,38,Kyurem-EX,https://assets.tcgdex.net/en/bw/bw4/38/high.png,0,Rare
bw4-39,NXD,BW,39,Pikachu,https://assets.tcgdex.net/en/bw/bw4/39/high.png,0,Common
bw4-40,NXD,BW,40,Raichu,https://assets.tcgdex.net/en/bw/bw4/40/high.png,0,Uncommon
bw4-41,NXD,BW,41,Zapdos,https://assets.tcgdex.net/en/bw/bw4/41/high.png,0,Rare
bw4-42,NXD,BW,42,Shinx,https://assets.tcgdex.net/en/bw/bw4/42/high.png,0,Common
bw4-43,NXD,BW,43,Shinx,https://assets.tcgdex.net/en/bw/bw4/43/high.png,0,Common
bw4-44,NXD,BW,44,Luxio,https://assets.tcgdex.net/en/bw/bw4/44/high.png,0,Uncommon
bw4-45,NXD,BW,45,Luxio,https://assets.tcgdex.net/en/bw/bw4/45/high.png,0,Uncommon
bw4-46,NXD,BW,46,Luxray,https://assets.tcgdex.net/en/bw/bw4/46/high.png,0,Rare
bw4-47,NXD,BW,47,Blitzle,https://assets.tcgdex.net/en/bw/bw4/47/high.png,0,Common
bw4-48,NXD,BW,48,Zebstrika,https://assets.tcgdex.net/en/bw/bw4/48/high.png,0,Rare
bw4-49,NXD,BW,49,Emolga,https://assets.tcgdex.net/en/bw/bw4/49/high.png,0,Uncommon
bw4-50,NXD,BW,50,Zekrom,https://assets.tcgdex.net/en/bw/bw4/50/high.png,0,Rare
bw4-51,NXD,BW,51,Zekrom-EX,https://assets.tcgdex.net/en/bw/bw4/51/high.png,0,Rare
bw4-52,NXD,BW,52,Grimer,https://assets.tcgdex.net/en/bw/bw4/52/high.png,0,Common
bw4-53,NXD,BW,53,Muk,https://assets.tcgdex.net/en/bw/bw4/53/high.png,0,Rare
bw4-54,NXD,BW,54,Mewtwo-EX,https://assets.tcgdex.net/en/bw/bw4/54/high.png,0,Rare
bw4-55,NXD,BW,55,Ralts,https://assets.tcgdex.net/en/bw/bw4/55/high.png,0,Common
bw4-56,NXD,BW,56,Kirlia,https://assets.tcgdex.net/en/bw/bw4/56/high.png,0,Uncommon
bw4-57,NXD,BW,57,Gardevoir,https://assets.tcgdex.net/en/bw/bw4/57/high.png,0,Rare
bw4-58,NXD,BW,58,Munna,https://assets.tcgdex.net/en/bw/bw4/58/high.png,0,Common
bw4-59,NXD,BW,59,Musharna,https://assets.tcgdex.net/en/bw/bw4/59/high.png,0,Rare
bw4-60,NXD,BW,60,Darmanitan,https://assets.tcgdex.net/en/bw/bw4/60/high.png,0,Rare
bw4-61,NXD,BW,61,Elgyem,https://assets.tcgdex.net/en/bw/bw4/61/high.png,0,Common
bw4-62,NXD,BW,62,Beheeyem,https://assets.tcgdex.net/en/bw/bw4/62/high.png,0,Rare
bw4-63,NXD,BW,63,Riolu,https://assets.tcgdex.net/en/bw/bw4/63/high.png,0,Common
bw4-64,NXD,BW,64,Lucario,https://assets.tcgdex.net/en/bw/bw4/64/high.png,0,Rare
bw4-65,NXD,BW,65,Hippopotas,https://assets.tcgdex.net/en/bw/bw4/65/high.png,0,Common
bw4-66,NXD,BW,66,Hippowdon,https://assets.tcgdex.net/en/bw/bw4/66/high.png,0,Uncommon
bw4-67,NXD,BW,67,Mienfoo,https://assets.tcgdex.net/en/bw/bw4/67/high.png,0,Common
bw4-68,NXD,BW,68,Mienshao,https://assets.tcgdex.net/en/bw/bw4/68/high.png,0,Uncommon
bw4-69,NXD,BW,69,Sneasel,https://assets.tcgdex.net/en/bw/bw4/69/high.png,0,Common
bw4-70,NXD,BW,70,Weavile,https://assets.tcgdex.net/en/bw/bw4/70/high.png,0,Rare
bw4-71,NXD,BW,71,Nuzleaf,https://assets.tcgdex.net/en/bw/bw4/71/high.png,0,Uncommon
bw4-72,NXD,BW,72,Shiftry,https://assets.tcgdex.net/en/bw/bw4/72/high.png,0,Rare
bw4-73,NXD,BW,73,Scraggy,https://assets.tcgdex.net/en/bw/bw4/73/high.png,0,Uncommon
bw4-74,NXD,BW,74,Scrafty,https://assets.tcgdex.net/en/bw/bw4/74/high.png,0,Rare
bw4-75,NXD,BW,75,Bronzor,https://assets.tcgdex.net/en/bw/bw4/75/high.png,0,Common
bw4-76,NXD,BW,76,Bronzong,https://assets.tcgdex.net/en/bw/bw4/76/high.png,0,Rare
bw4-77,NXD,BW,77,Ferroseed,https://assets.tcgdex.net/en/bw/bw4/77/high.png,0,Common
bw4-78,NXD,BW,78,Jigglypuff,https://assets.tcgdex.net/en/bw/bw4/78/high.png,0,Uncommon
bw4-79,NXD,BW,79,Wigglytuff,https://assets.tcgdex.net/en/bw/bw4/79/high.png,0,Rare
bw4-80,NXD,BW,80,Meowth,https://assets.tcgdex.net/en/bw/bw4/80/high.png,0,Common
bw4-81,NXD,BW,81,Persian,https://assets.tcgdex.net/en/bw/bw4/81/high.png,0,Rare
bw4-82,NXD,BW,82,Regigigas-EX,https://assets.tcgdex.net/en/bw/bw4/82/high.png,0,Rare
bw4-83,NXD,BW,83,Pidove,https://assets.tcgdex.net/en/bw/bw4/83/high.png,0,Common
bw4-84,NXD,BW,84,Minccino,https://assets.tcgdex.net/en/bw/bw4/84/high.png,0,Uncommon
bw4-85,NXD,BW,85,Cinccino,https://assets.tcgdex.net/en/bw/bw4/85/high.png,0,Rare
bw4-94,NXD,BW,94,Shaymin-EX,https://assets.tcgdex.net/en/bw/bw4/94/high.png,0,Ultra Rare
bw4-95,NXD,BW,95,Reshiram-EX,https://assets.tcgdex.net/en/bw/bw4/95/high.png,0,Ultra Rare
bw4-96,NXD,BW,96,Kyurem-EX,https://assets.tcgdex.net/en/bw/bw4/96/high.png,0,Ultra Rare
bw4-97,NXD,BW,97,Zekrom-EX,https://assets.tcgdex.net/en/bw/bw4/97/high.png,0,Ultra Rare
bw4-98,NXD,BW,98,Mewtwo-EX,https://assets.tcgdex.net/en/bw/bw4/98/high.png,0,Ultra Rare
bw4-99,NXD,BW,99,Regigigas-EX,https://assets.tcgdex.net/en/bw/bw4/99/high.png,0,Ultra Rare
bw4-100,NXD,BW,100,Emboar,https://assets.tcgdex.net/en/bw/bw4/100/high.png,0,Secret Rare
bw4-101,NXD,BW,101,Chandelure,https://assets.tcgdex.net/en/bw/bw4/101/high.png,0,Secret Rare
bw4-102,NXD,BW,102,Zoroark,https://assets.tcgdex.net/en/bw/bw4/102/high.png,0,Secret Rare
bw4-103,NXD,BW,103,Hydreigon,https://assets.tcgdex.net/en/bw/bw4/103/high.png,0,Secret Rare
bw7-1,BCR,BW,1,Oddish,https://assets.tcgdex.net/en/bw/bw7/1/high.png,0,Common
bw7-2,BCR,BW,2,Gloom,https://assets.tcgdex.net/en/bw/bw7/2/high.png,0,Uncommon
bw7-3,BCR,BW,3,Vileplume,https://assets.tcgdex.net/en/bw/bw7/3/high.png,0,Rare
bw7-4,BCR,BW,4,Bellossom,https://assets.tcgdex.net/en/bw/bw7/4/high.png,0,Rare
bw7-5,BCR,BW,5,Tangela,https://assets.tcgdex.net/en/bw/bw7/5/high.png,0,Common
bw7-6,BCR,BW,6,Tangrowth,https://assets.tcgdex.net/en/bw/bw7/6/high.png,0,Rare
bw7-7,BCR,BW,7,Scyther,https://assets.tcgdex.net/en/bw/bw7/7/high.png,0,Common
bw7-8,BCR,BW,8,Heracross,https://assets.tcgdex.net/en/bw/bw7/8/high.png,0,Uncommon
bw7-9,BCR,BW,9,Celebi-EX,https://assets.tcgdex.net/en/bw/bw7/9/high.png,0,Rare
bw7-10,BCR,BW,10,Shaymin,https://assets.tcgdex.net/en/bw/bw7/10/high.png,0,Rare
bw7-11,BCR,BW,11,Snivy,https://assets.tcgdex.net/en/bw/bw7/11/high.png,0,Common
bw7-12,BCR,BW,12,Servine,https://assets.tcgdex.net/en/bw/bw7/12/high.png,0,Uncommon
bw7-13,BCR,BW,13,Serperior,https://assets.tcgdex.net/en/bw/bw7/13/high.png,0,Rare
bw7-14,BCR,BW,14,Cottonee,https://assets.tcgdex.net/en/bw/bw7/14/high.png,0,Common
bw7-15,BCR,BW,15,Whimsicott,https://assets.tcgdex.net/en/bw/bw7/15/high.png,0,Rare
bw7-16,BCR,BW,16,Petilil,https://assets.tcgdex.net/en/bw/bw7/16/high.png,0,Uncommon
bw7-17,BCR,BW,17,Lilligant,https://assets.tcgdex.net/en/bw/bw7/17/high.png,0,Rare
bw7-18,BCR,BW,18,Charmander,https://assets.tcgdex.net/en/bw/bw7/18/high.png,0,Common
bw7-19,BCR,BW,19,Charmeleon,https://assets.tcgdex.net/en/bw/bw7/19/high.png,0,Uncommon
bw7-20,BCR,BW,20,Charizard,https://assets.tcgdex.net/en/bw/bw7/20/high.png,0,Rare
bw7-21,BCR,BW,21,Numel,https://assets.tcgdex.net/en/bw/bw7/21/high.png,0,Common
bw7-22,BCR,BW,22,Camerupt,https://assets.tcgdex.net/en/bw/bw7/22/high.png,0,Rare
bw7-23,BCR,BW,23,Victini,https://assets.tcgdex.net/en/bw/bw7/23/high.png,0,Rare
bw7-24,BCR,BW,24,Tepig,https://assets.tcgdex.net/en/bw/bw7/24/high.png,0,Common
bw7-25,BCR,BW,25,Pignite,https://assets.tcgdex.net/en/bw/bw7/25/high.png,0,Uncommon
bw7-26,BCR,BW,26,Emboar,https://assets.tcgdex.net/en/bw/bw7/26/high.png,0,Rare
bw7-27,BCR,BW,27,Darumaka,https://assets.tcgdex.net/en/bw/bw7/27/high.png,0,Common
bw7-28,BCR,BW,28,Darmanitan,https://assets.tcgdex.net/en/bw/bw7/28/high.png,0,Uncommon
bw7-29,BCR,BW,29,Squirtle,https://assets.tcgdex.net/en/bw/bw7/29/high.png,0,Common
bw7-30,BCR,BW,30,Wartortle,https://assets.tcgdex.net/en/bw/bw7/30/high.png,0,Uncommon
bw7-31,BCR,BW,31,Blastoise,https://assets.tcgdex.net/en/bw/bw7/31/high.png,0,Rare
bw7-32,BCR,BW,32,Psyduck,https://assets.tcgdex.net/en/bw/bw7/32/high.png,0,Common
bw7-33,BCR,BW,33,Psyduck,https://assets.tcgdex.net/en/bw/bw7/33/high.png,0,Common
bw7-34,BCR,BW,34,Golduck,https://assets.tcgdex.net/en/bw/bw7/34/high.png,0,Uncommon
bw7-35,BCR,BW,35,Golduck,https://assets.tcgdex.net/en/bw/bw7/35/high.png,0,Rare
bw7-36,BCR,BW,36,Marill,https://assets.tcgdex.net/en/bw/bw7/36/high.png,0,Common
bw7-37,BCR,BW,37,Azumarill,https://assets.tcgdex.net/en/bw/bw7/37/high.png,0,Uncommon
bw7-38,BCR,BW,38,Delibird,https://assets.tcgdex.net/en/bw/bw7/38/high.png,0,Uncommon
bw7-39,BCR,BW,39,Oshawott,https://assets.tcgdex.net/en/bw/bw7/39/high.png,0,Common
bw7-40,BCR,BW,40,Dewott,https://assets.tcgdex.net/en/bw/bw7/40/high.png,0,Uncommon
bw7-41,BCR,BW,41,Samurott,https://assets.tcgdex.net/en/bw/bw7/41/high.png,0,Rare
bw7-42,BCR,BW,42,Ducklett,https://assets.tcgdex.net/en/bw/bw7/42/high.png,0,Common
bw7-43,BCR,BW,43,Swanna,https://assets.tcgdex.net/en/bw/bw7/43/high.png,0,Uncommon
bw7-44,BCR,BW,44,Frillish,https://assets.tcgdex.net/en/bw/bw7/44/high.png,0,Common
bw7-45,BCR,BW,45,Jellicent,https://assets.tcgdex.net/en/bw/bw7/45/high.png,0,Rare
bw7-46,BCR,BW,46,Cryogonal,https://assets.tcgdex.net/en/bw/bw7/46/high.png,0,Uncommon
bw7-47,BCR,BW,47,Keldeo,https://assets.tcgdex.net/en/bw/bw7/47/high.png,0,Rare
bw7-48,BCR,BW,48,Keldeo,https://assets.tcgdex.net/en/bw/bw7/48/high.png,0,Rare
bw7-49,BCR,BW,49,Keldeo-EX,https://assets.tcgdex.net/en/bw/bw7/49/high.png,0,Rare
bw7-50,BCR,BW,50,Pikachu,https://assets.tcgdex.net/en/bw/bw7/50/high.png,0,Common
bw7-51,BCR,BW,51,Voltorb,https://assets.tcgdex.net/en/bw/bw7/51/high.png,0,Common
bw7-52,BCR,BW,52,Electrode,https://assets.tcgdex.net/en/bw/bw7/52/high.png,0,Uncommon
bw7-53,BCR,BW,53,Electabuzz,https://assets.tcgdex.net/en/bw/bw7/53/high.png,0,Common
bw7-54,BCR,BW,54,Electivire,https://assets.tcgdex.net/en/bw/bw7/54/high.png,0,Rare
bw7-55,BCR,BW,55,Chinchou,https://assets.tcgdex.net/en/bw/bw7/55/high.png,0,Common
bw7-56,BCR,BW,56,Blitzle,https://assets.tcgdex.net/en/bw/bw7/56/high.png,0,Common
bw7-57,BCR,BW,57,Zebstrika,https://assets.tcgdex.net/en/bw/bw7/57/high.png,0,Rare
bw7-58,BCR,BW,58,Wobbuffet,https://assets.tcgdex.net/en/bw/bw7/58/high.png,0,Uncommon
bw7-59,BCR,BW,59,Spoink,https://assets.tcgdex.net/en/bw/bw7/59/high.png,0,Common
bw7-60,BCR,BW,60,Grumpig,https://assets.tcgdex.net/en/bw/bw7/60/high.png,0,Rare
bw7-61,BCR,BW,61,Duskull,https://assets.tcgdex.net/en/bw/bw7/61/high.png,0,Common
bw7-62,BCR,BW,62,Dusclops,https://assets.tcgdex.net/en/bw/bw7/62/high.png,0,Uncommon
bw7-63,BCR,BW,63,Dusknoir,https://assets.tcgdex.net/en/bw/bw7/63/high.png,0,Rare
bw7-64,BCR,BW,64,Croagunk,https://assets.tcgdex.net/en/bw/bw7/64/high.png,0,Common
bw7-65,BCR,BW,65,Croagunk,https://assets.tcgdex.net/en/bw/bw7/65/high.png,0,Uncommon
bw7-66,BCR,BW,66,Toxicroak,https://assets.tcgdex.net/en/bw/bw7/66/high.png,0,Rare
bw7-67,BCR,BW,67,Cresselia-EX,https://assets.tcgdex.net/en/bw/bw7/67/high.png,0,Rare
bw7-68,BCR,BW,68,Munna,https://assets.tcgdex.net/en/bw/bw7/68/high.png,0,Uncommon
bw7-69,BCR,BW,69,Musharna,https://assets.tcgdex.net/en/bw/bw7/69/high.png,0,Rare
bw7-70,BCR,BW,70,Woobat,https://assets.tcgdex.net/en/bw/bw7/70/high.png,0,Common
bw7-71,BCR,BW,71,Swoobat,https://assets.tcgdex.net/en/bw/bw7/71/high.png,0,Rare
bw7-72,BCR,BW,72,Venipede,https://assets.tcgdex.net/en/bw/bw7/72/high.png,0,Common
bw7-73,BCR,BW,73,Whirlipede,https://assets.tcgdex.net/en/bw/bw7/73/high.png,0,Uncommon
bw7-74,BCR,BW,74,Scolipede,https://assets.tcgdex.net/en/bw/bw7/74/high.png,0,Rare
bw7-75,BCR,BW,75,Gothita,https://assets.tcgdex.net/en/bw/bw7/75/high.png,0,Common
bw7-76,BCR,BW,76,Gothorita,https://assets.tcgdex.net/en/bw/bw7/76/high.png,0,Uncommon
bw7-77,BCR,BW,77,Meloetta,https://assets.tcgdex.net/en/bw/bw7/77/high.png,0,Rare
bw7-78,BCR,BW,78,Sandshrew,https://assets.tcgdex.net/en/bw/bw7/78/high.png,0,Common
bw7-79,BCR,BW,79,Sandslash,https://assets.tcgdex.net/en/bw/bw7/79/high.png,0,Uncommon
bw7-80,BCR,BW,80,Gligar,https://assets.tcgdex.net/en/bw/bw7/80/high.png,0,Common
bw7-81,BCR,BW,81,Gliscor,https://assets.tcgdex.net/en/bw/bw7/81/high.png,0,Rare
bw7-82,BCR,BW,82,Makuhita,https://assets.tcgdex.net/en/bw/bw7/82/high.png,0,Common
bw7-83,BCR,BW,83,Trapinch,https://assets.tcgdex.net/en/bw/bw7/83/high.png,0,Common
bw7-84,BCR,BW,84,Dwebble,https://assets.tcgdex.net/en/bw/bw7/84/high.png,0,Common
bw7-85,BCR,BW,85,Crustle,https://assets.tcgdex.net/en/bw/bw7/85/high.png,0,Rare
bw7-86,BCR,BW,86,Mienfoo,https://assets.tcgdex.net/en/bw/bw7/86/high.png,0,Common
bw7-87,BCR,BW,87,Mienfoo,https://assets.tcgdex.net/en/bw/bw7/87/high.png,0,Uncommon
bw7-88,BCR,BW,88,Mienshao,https://assets.tcgdex.net/en/bw/bw7/88/high.png,0,Uncommon
bw7-89,BCR,BW,89,Landorus-EX,https://assets.tcgdex.net/en/bw/bw7/89/high.png,0,Rare
bw7-90,BCR,BW,90,Purrloin,https://assets.tcgdex.net/en/bw/bw7/90/high.png,0,Common
bw7-91,BCR,BW,91,Liepard,https://assets.tcgdex.net/en/bw/bw7/91/high.png,0,Rare
bw7-92,BCR,BW,92,Vullaby,https://assets.tcgdex.net/en/bw/bw7/92/high.png,0,Common
bw7-93,BCR,BW,93,Mandibuzz,https://assets.tcgdex.net/en/bw/bw7/93/high.png,0,Uncommon
bw7-94,BCR,BW,94,Scizor,https://assets.tcgdex.net/en/bw/bw7/94/high.png,0,Rare
bw7-95,BCR,BW,95,Skarmory,https://assets.tcgdex.net/en/bw/bw7/95/high.png,0,Uncommon
bw7-96,BCR,BW,96,Skarmory,https://assets.tcgdex.net/en/bw/bw7/96/high.png,0,Uncommon
bw7-97,BCR,BW,97,Klink,https://assets.tcgdex.net/en/bw/bw7/97/high.png,0,Uncommon
bw7-98,BCR,BW,98,Vibrava,https://assets.tcgdex.net/en/bw/bw7/98/high.png,0,Uncommon
bw7-99,BCR,BW,99,Flygon,https://assets.tcgdex.net/en/bw/bw7/99/high.png,0,Rare
bw7-100,BCR,BW,100,Black Kyurem,https://assets.tcgdex.net/en/bw/bw7/100/high.png,0,Rare
bw7-101,BCR,BW,101,Black Kyurem-EX,https://assets.tcgdex.net/en/bw/bw7/101/high.png,0,Rare
bw7-102,BCR,BW,102,White Kyurem,https://assets.tcgdex.net/en/bw/bw7/102/high.png,0,Rare
bw7-103,BCR,BW,103,White Kyurem-EX,https://assets.tcgdex.net/en/bw/bw7/103/high.png,0,Rare
bw7-104,BCR,BW,104,Rattata,https://assets.tcgdex.net/en/bw/bw7/104/high.png,0,Common
bw7-105,BCR,BW,105,Raticate,https://assets.tcgdex.net/en/bw/bw7/105/high.png,0,Uncommon
bw7-106,BCR,BW,106,Meowth,https://assets.tcgdex.net/en/bw/bw7/106/high.png,0,Common
bw7-107,BCR,BW,107,Farfetch’d,https://assets.tcgdex.net/en/bw/bw7/107/high.png,0,Uncommon
bw7-108,BCR,BW,108,Ditto,https://assets.tcgdex.net/en/bw/bw7/108/high.png,0,Rare
bw7-109,BCR,BW,109,Snorlax,https://assets.tcgdex.net/en/bw/bw7/109/high.png,0,Uncommon
bw7-110,BCR,BW,110,Togepi,https://assets.tcgdex.net/en/bw/bw7/110/high.png,0,Common
bw7-111,BCR,BW,111,Dunsparce,https://assets.tcgdex.net/en/bw/bw7/111/high.png,0,Common
bw7-112,BCR,BW,112,Taillow,https://assets.tcgdex.net/en/bw/bw7/112/high.png,0,Common
bw7-113,BCR,BW,113,Skitty,https://assets.tcgdex.net/en/bw/bw7/113/high.png,0,Common
bw7-114,BCR,BW,114,Delcatty,https://assets.tcgdex.net/en/bw/bw7/114/high.png,0,Uncommon
bw7-115,BCR,BW,115,Spinda,https://assets.tcgdex.net/en/bw/bw7/115/high.png,0,Common
bw7-116,BCR,BW,116,Buneary,https://assets.tcgdex.net/en/bw/bw7/116/high.png,0,Common
bw7-117,BCR,BW,117,Lopunny,https://assets.tcgdex.net/en/bw/bw7/117/high.png,0,Uncommon
bw7-118,BCR,BW,118,Patrat,https://assets.tcgdex.net/en/bw/bw7/118/high.png,0,Common
bw7-119,BCR,BW,119,Watchog,https://assets.tcgdex.net/en/bw/bw7/119/high.png,0,Uncommon
bw7-120,BCR,BW,120,Lillipup,https://assets.tcgdex.net/en/bw/bw7/120/high.png,0,Common
bw7-121,BCR,BW,121,Herdier,https://assets.tcgdex.net/en/bw/bw7/121/high.png,0,Uncommon
bw7-122,BCR,BW,122,Stoutland,https://assets.tcgdex.net/en/bw/bw7/122/high.png,0,Rare
bw7-123,BCR,BW,123,Pidove,https://assets.tcgdex.net/en/bw/bw7/123/high.png,0,Common
bw7-124,BCR,BW,124,Tranquill,https://assets.tcgdex.net/en/bw/bw7/124/high.png,0,Uncommon
bw7-125,BCR,BW,125,Unfezant,https://assets.tcgdex.net/en/bw/bw7/125/high.png,0,Rare
bw7-126,BCR,BW,126,Audino,https://assets.tcgdex.net/en/bw/bw7/126/high.png,0,Rare
bw7-141,BCR,BW,141,Celebi-EX,https://assets.tcgdex.net/en/bw/bw7/141/high.png,0,Ultra Rare
bw7-142,BCR,BW,142,Keldeo-EX,https://assets.tcgdex.net/en/bw/bw7/142/high.png,0,Ultra Rare
bw7-143,BCR,BW,143,Cresselia-EX,https://assets.tcgdex.net/en/bw/bw7/143/high.png,0,Ultra Rare
bw7-144,BCR,BW,144,Landorus-EX,https://assets.tcgdex.net/en/bw/bw7/144/high.png,0,Ultra Rare
bw7-145,BCR,BW,145,Black Kyurem-EX,https://assets.tcgdex.net/en/bw/bw7/145/high.png,0,Ultra Rare
bw7-146,BCR,BW,146,White Kyurem-EX,https://assets.tcgdex.net/en/bw/bw7/146/high.png,0,Ultra Rare
bw7-150,BCR,BW,150,Golurk,https://assets.tcgdex.net/en/bw/bw7/150/high.png,0,Secret Rare
bw7-151,BCR,BW,151,Terrakion,https://assets.tcgdex.net/en/bw/bw7/151/high.png,0,Secret Rare
bw7-152,BCR,BW,152,Altaria,https://assets.tcgdex.net/en/bw/bw7/152/high.png,0,Secret Rare
bw9-1,PLF,BW,1,Weedle,https://assets.tcgdex.net/en/bw/bw9/1/high.png,0,Common
bw9-2,PLF,BW,2,Kakuna,https://assets.tcgdex.net/en/bw/bw9/2/high.png,0,Uncommon
bw9-3,PLF,BW,3,Beedrill,https://assets.tcgdex.net/en/bw/bw9/3/high.png,0,Rare
bw9-4,PLF,BW,4,Exeggcute,https://assets.tcgdex.net/en/bw/bw9/4/high.png,0,Uncommon
bw9-5,PLF,BW,5,Exeggutor,https://assets.tcgdex.net/en/bw/bw9/5/high.png,0,Rare
bw9-6,PLF,BW,6,Treecko,https://assets.tcgdex.net/en/bw/bw9/6/high.png,0,Common
bw9-7,PLF,BW,7,Grovyle,https://assets.tcgdex.net/en/bw/bw9/7/high.png,0,Uncommon
bw9-8,PLF,BW,8,Sceptile,https://assets.tcgdex.net/en/bw/bw9/8/high.png,0,Rare
bw9-9,PLF,BW,9,Cacnea,https://assets.tcgdex.net/en/bw/bw9/9/high.png,0,Common
bw9-10,PLF,BW,10,Cacturne,https://assets.tcgdex.net/en/bw/bw9/10/high.png,0,Rare
bw9-11,PLF,BW,11,Leafeon,https://assets.tcgdex.net/en/bw/bw9/11/high.png,0,Rare
bw9-12,PLF,BW,12,Flareon,https://assets.tcgdex.net/en/bw/bw9/12/high.png,0,Uncommon
bw9-13,PLF,BW,13,Heatran-EX,https://assets.tcgdex.net/en/bw/bw9/13/high.png,0,Rare
bw9-14,PLF,BW,14,Litwick,https://assets.tcgdex.net/en/bw/bw9/14/high.png,0,Common
bw9-15,PLF,BW,15,Lampent,https://assets.tcgdex.net/en/bw/bw9/15/high.png,0,Uncommon
bw9-16,PLF,BW,16,Chandelure,https://assets.tcgdex.net/en/bw/bw9/16/high.png,0,Rare
bw9-17,PLF,BW,17,Reshiram,https://assets.tcgdex.net/en/bw/bw9/17/high.png,0,Rare
bw9-18,PLF,BW,18,Horsea,https://assets.tcgdex.net/en/bw/bw9/18/high.png,0,Common
bw9-19,PLF,BW,19,Seadra,https://assets.tcgdex.net/en/bw/bw9/19/high.png,0,Uncommon
bw9-20,PLF,BW,20,Vaporeon,https://assets.tcgdex.net/en/bw/bw9/20/high.png,0,Uncommon
bw9-21,PLF,BW,21,Wooper,https://assets.tcgdex.net/en/bw/bw9/21/high.png,0,Common
bw9-22,PLF,BW,22,Quagsire,https://assets.tcgdex.net/en/bw/bw9/22/high.png,0,Rare
bw9-23,PLF,BW,23,Glaceon,https://assets.tcgdex.net/en/bw/bw9/23/high.png,0,Rare
bw9-24,PLF,BW,24,Tympole,https://assets.tcgdex.net/en/bw/bw9/24/high.png,0,Common
bw9-25,PLF,BW,25,Palpitoad,https://assets.tcgdex.net/en/bw/bw9/25/high.png,0,Uncommon
bw9-26,PLF,BW,26,Seismitoad,https://assets.tcgdex.net/en/bw/bw9/26/high.png,0,Rare
bw9-27,PLF,BW,27,Vanillite,https://assets.tcgdex.net/en/bw/bw9/27/high.png,0,Common
bw9-28,PLF,BW,28,Vanillish,https://assets.tcgdex.net/en/bw/bw9/28/high.png,0,Uncommon
bw9-29,PLF,BW,29,Vanilluxe,https://assets.tcgdex.net/en/bw/bw9/29/high.png,0,Rare
bw9-30,PLF,BW,30,Cryogonal,https://assets.tcgdex.net/en/bw/bw9/30/high.png,0,Uncommon
bw9-31,PLF,BW,31,Kyurem,https://assets.tcgdex.net/en/bw/bw9/31/high.png,0,Rare
bw9-32,PLF,BW,32,Voltorb,https://assets.tcgdex.net/en/bw/bw9/32/high.png,0,Common
bw9-33,PLF,BW,33,Electrode,https://assets.tcgdex.net/en/bw/bw9/33/high.png,0,Rare
bw9-34,PLF,BW,34,Jolteon,https://assets.tcgdex.net/en/bw/bw9/34/high.png,0,Uncommon
bw9-35,PLF,BW,35,Chinchou,https://assets.tcgdex.net/en/bw/bw9/35/high.png,0,Common
bw9-36,PLF,BW,36,Lanturn,https://assets.tcgdex.net/en/bw/bw9/36/high.png,0,Uncommon
bw9-37,PLF,BW,37,Pachirisu,https://assets.tcgdex.net/en/bw/bw9/37/high.png,0,Common
bw9-38,PLF,BW,38,Thundurus-EX,https://assets.tcgdex.net/en/bw/bw9/38/high.png,0,Rare
bw9-39,PLF,BW,39,Zekrom,https://assets.tcgdex.net/en/bw/bw9/39/high.png,0,Rare
bw9-40,PLF,BW,40,Nidoran♀,https://assets.tcgdex.net/en/bw/bw9/40/high.png,0,Common
bw9-41,PLF,BW,41,Nidorina,https://assets.tcgdex.net/en/bw/bw9/41/high.png,0,Uncommon
bw9-42,PLF,BW,42,Nidoqueen,https://assets.tcgdex.net/en/bw/bw9/42/high.png,0,Rare
bw9-43,PLF,BW,43,Nidoran♂,https://assets.tcgdex.net/en/bw/bw9/43/high.png,0,Common
bw9-44,PLF,BW,44,Nidorino,https://assets.tcgdex.net/en/bw/bw9/44/high.png,0,Uncommon
bw9-45,PLF,BW,45,Grimer,https://assets.tcgdex.net/en/bw/bw9/45/high.png,0,Common
bw9-46,PLF,BW,46,Muk,https://assets.tcgdex.net/en/bw/bw9/46/high.png,0,Rare
bw9-47,PLF,BW,47,Mr. Mime,https://assets.tcgdex.net/en/bw/bw9/47/high.png,0,Rare
bw9-48,PLF,BW,48,Espeon,https://assets.tcgdex.net/en/bw/bw9/48/high.png,0,Uncommon
bw9-49,PLF,BW,49,Sableye,https://assets.tcgdex.net/en/bw/bw9/49/high.png,0,Rare
bw9-50,PLF,BW,50,Beldum,https://assets.tcgdex.net/en/bw/bw9/50/high.png,0,Common
bw9-51,PLF,BW,51,Metang,https://assets.tcgdex.net/en/bw/bw9/51/high.png,0,Uncommon
bw9-52,PLF,BW,52,Metagross,https://assets.tcgdex.net/en/bw/bw9/52/high.png,0,Rare
bw9-53,PLF,BW,53,Deoxys-EX,https://assets.tcgdex.net/en/bw/bw9/53/high.png,0,Rare
bw9-54,PLF,BW,54,Yamask,https://assets.tcgdex.net/en/bw/bw9/54/high.png,0,Common
bw9-55,PLF,BW,55,Yamask,https://assets.tcgdex.net/en/bw/bw9/55/high.png,0,Common
bw9-56,PLF,BW,56,Cofagrigus,https://assets.tcgdex.net/en/bw/bw9/56/high.png,0,Rare
bw9-57,PLF,BW,57,Cofagrigus,https://assets.tcgdex.net/en/bw/bw9/57/high.png,0,Rare
bw9-58,PLF,BW,58,Nidoking,https://assets.tcgdex.net/en/bw/bw9/58/high.png,0,Rare
bw9-59,PLF,BW,59,Mankey,https://assets.tcgdex.net/en/bw/bw9/59/high.png,0,Common
bw9-60,PLF,BW,60,Primeape,https://assets.tcgdex.net/en/bw/bw9/60/high.png,0,Common
bw9-61,PLF,BW,61,Onix,https://assets.tcgdex.net/en/bw/bw9/61/high.png,0,Uncommon
bw9-62,PLF,BW,62,Makuhita,https://assets.tcgdex.net/en/bw/bw9/62/high.png,0,Common
bw9-63,PLF,BW,63,Hariyama,https://assets.tcgdex.net/en/bw/bw9/63/high.png,0,Rare
bw9-64,PLF,BW,64,Umbreon,https://assets.tcgdex.net/en/bw/bw9/64/high.png,0,Rare
bw9-65,PLF,BW,65,Sneasel,https://assets.tcgdex.net/en/bw/bw9/65/high.png,0,Common
bw9-66,PLF,BW,66,Weavile,https://assets.tcgdex.net/en/bw/bw9/66/high.png,0,Rare
bw9-67,PLF,BW,67,Absol,https://assets.tcgdex.net/en/bw/bw9/67/high.png,0,Rare
bw9-68,PLF,BW,68,Sandile,https://assets.tcgdex.net/en/bw/bw9/68/high.png,0,Common
bw9-69,PLF,BW,69,Krokorok,https://assets.tcgdex.net/en/bw/bw9/69/high.png,0,Uncommon
bw9-70,PLF,BW,70,Krookodile,https://assets.tcgdex.net/en/bw/bw9/70/high.png,0,Rare
bw9-71,PLF,BW,71,Pawniard,https://assets.tcgdex.net/en/bw/bw9/71/high.png,0,Common
bw9-72,PLF,BW,72,Pawniard,https://assets.tcgdex.net/en/bw/bw9/72/high.png,0,Common
bw9-73,PLF,BW,73,Bisharp,https://assets.tcgdex.net/en/bw/bw9/73/high.png,0,Rare
bw9-74,PLF,BW,74,Bisharp,https://assets.tcgdex.net/en/bw/bw9/74/high.png,0,Uncommon
bw9-75,PLF,BW,75,Deino,https://assets.tcgdex.net/en/bw/bw9/75/high.png,0,Common
bw9-76,PLF,BW,76,Deino,https://assets.tcgdex.net/en/bw/bw9/76/high.png,0,Common
bw9-77,PLF,BW,77,Zweilous,https://assets.tcgdex.net/en/bw/bw9/77/high.png,0,Uncommon
bw9-78,PLF,BW,78,Hydreigon,https://assets.tcgdex.net/en/bw/bw9/78/high.png,0,Rare
bw9-79,PLF,BW,79,Steelix,https://assets.tcgdex.net/en/bw/bw9/79/high.png,0,Rare
bw9-80,PLF,BW,80,Mawile,https://assets.tcgdex.net/en/bw/bw9/80/high.png,0,Uncommon
bw9-81,PLF,BW,81,Dratini,https://assets.tcgdex.net/en/bw/bw9/81/high.png,0,Common
bw9-82,PLF,BW,82,Dragonair,https://assets.tcgdex.net/en/bw/bw9/82/high.png,0,Uncommon
bw9-83,PLF,BW,83,Dragonite,https://assets.tcgdex.net/en/bw/bw9/83/high.png,0,Rare
bw9-84,PLF,BW,84,Kingdra,https://assets.tcgdex.net/en/bw/bw9/84/high.png,0,Rare
bw9-85,PLF,BW,85,Latias-EX,https://assets.tcgdex.net/en/bw/bw9/85/high.png,0,Rare
bw9-86,PLF,BW,86,Latios-EX,https://assets.tcgdex.net/en/bw/bw9/86/high.png,0,Rare
bw9-87,PLF,BW,87,Rattata,https://assets.tcgdex.net/en/bw/bw9/87/high.png,0,Common
bw9-88,PLF,BW,88,Raticate,https://assets.tcgdex.net/en/bw/bw9/88/high.png,0,Rare
bw9-89,PLF,BW,89,Eevee,https://assets.tcgdex.net/en/bw/bw9/89/high.png,0,Common
bw9-90,PLF,BW,90,Eevee,https://assets.tcgdex.net/en/bw/bw9/90/high.png,0,Common
bw9-91,PLF,BW,91,Hoothoot,https://assets.tcgdex.net/en/bw/bw9/91/high.png,0,Common
bw9-92,PLF,BW,92,Noctowl,https://assets.tcgdex.net/en/bw/bw9/92/high.png,0,Uncommon
bw9-93,PLF,BW,93,Miltank,https://assets.tcgdex.net/en/bw/bw9/93/high.png,0,Uncommon
bw9-94,PLF,BW,94,Kecleon,https://assets.tcgdex.net/en/bw/bw9/94/high.png,0,Rare
bw9-95,PLF,BW,95,Starly,https://assets.tcgdex.net/en/bw/bw9/95/high.png,0,Common
bw9-96,PLF,BW,96,Staravia,https://assets.tcgdex.net/en/bw/bw9/96/high.png,0,Uncommon
bw9-97,PLF,BW,97,Staraptor,https://assets.tcgdex.net/en/bw/bw9/97/high.png,0,Rare
bw9-98,PLF,BW,98,Tornadus-EX,https://assets.tcgdex.net/en/bw/bw9/98/high.png,0,Rare
bw9-109,PLF,BW,109,Heatran-EX,https://assets.tcgdex.net/en/bw/bw9/109/high.png,0,Ultra Rare
bw9-110,PLF,BW,110,Thundurus-EX,https://assets.tcgdex.net/en/bw/bw9/110/high.png,0,Ultra Rare
bw9-111,PLF,BW,111,Deoxys-EX,https://assets.tcgdex.net/en/bw/bw9/111/high.png,0,Ultra Rare
bw9-112,PLF,BW,112,Latias-EX,https://assets.tcgdex.net/en/bw/bw9/112/high.png,0,Ultra Rare
bw9-113,PLF,BW,113,Latios-EX,https://assets.tcgdex.net/en/bw/bw9/113/high.png,0,Ultra Rare
bw9-114,PLF,BW,114,Tornadus-EX,https://assets.tcgdex.net/en/bw/bw9/114/high.png,0,Ultra Rare
bw9-117,PLF,BW,117,Empoleon,https://assets.tcgdex.net/en/bw/bw9/117/high.png,0,Secret Rare
bw9-118,PLF,BW,118,Sigilyph,https://assets.tcgdex.net/en/bw/bw9/118/high.png,0,Secret Rare
bw9-119,PLF,BW,119,Garbodor,https://assets.tcgdex.net/en/bw/bw9/119/high.png,0,Secret Rare
bw9-120,PLF,BW,120,Garchomp,https://assets.tcgdex.net/en/bw/bw9/120/high.png,0,Secret Rare
bw10-1,PLB,BW,1,Surskit,https://assets.tcgdex.net/en/bw/bw10/1/high.png,0,Common
bw10-2,PLB,BW,2,Masquerain,https://assets.tcgdex.net/en/bw/bw10/2/high.png,0,Rare
bw10-3,PLB,BW,3,Lileep,https://assets.tcgdex.net/en/bw/bw10/3/high.png,0,Uncommon
bw10-4,PLB,BW,4,Cradily,https://assets.tcgdex.net/en/bw/bw10/4/high.png,0,Rare
bw10-5,PLB,BW,5,Tropius,https://assets.tcgdex.net/en/bw/bw10/5/high.png,0,Uncommon
bw10-6,PLB,BW,6,Karrablast,https://assets.tcgdex.net/en/bw/bw10/6/high.png,0,Common
bw10-7,PLB,BW,7,Shelmet,https://assets.tcgdex.net/en/bw/bw10/7/high.png,0,Common
bw10-8,PLB,BW,8,Accelgor,https://assets.tcgdex.net/en/bw/bw10/8/high.png,0,Rare
bw10-9,PLB,BW,9,Virizion-EX,https://assets.tcgdex.net/en/bw/bw10/9/high.png,0,Rare
bw10-10,PLB,BW,10,Genesect,https://assets.tcgdex.net/en/bw/bw10/10/high.png,0,Rare
bw10-11,PLB,BW,11,Genesect-EX,https://assets.tcgdex.net/en/bw/bw10/11/high.png,0,Rare
bw10-12,PLB,BW,12,Larvesta,https://assets.tcgdex.net/en/bw/bw10/12/high.png,0,Common
bw10-13,PLB,BW,13,Volcarona,https://assets.tcgdex.net/en/bw/bw10/13/high.png,0,Rare
bw10-14,PLB,BW,14,Squirtle,https://assets.tcgdex.net/en/bw/bw10/14/high.png,0,Common
bw10-15,PLB,BW,15,Wartortle,https://assets.tcgdex.net/en/bw/bw10/15/high.png,0,Uncommon
bw10-16,PLB,BW,16,Blastoise,https://assets.tcgdex.net/en/bw/bw10/16/high.png,0,Rare
bw10-17,PLB,BW,17,Lapras,https://assets.tcgdex.net/en/bw/bw10/17/high.png,0,Common
bw10-18,PLB,BW,18,Remoraid,https://assets.tcgdex.net/en/bw/bw10/18/high.png,0,Common
bw10-19,PLB,BW,19,Octillery,https://assets.tcgdex.net/en/bw/bw10/19/high.png,0,Uncommon
bw10-20,PLB,BW,20,Suicune,https://assets.tcgdex.net/en/bw/bw10/20/high.png,0,Rare
bw10-21,PLB,BW,21,Snorunt,https://assets.tcgdex.net/en/bw/bw10/21/high.png,0,Common
bw10-22,PLB,BW,22,Glalie,https://assets.tcgdex.net/en/bw/bw10/22/high.png,0,Uncommon
bw10-23,PLB,BW,23,Froslass,https://assets.tcgdex.net/en/bw/bw10/23/high.png,0,Rare
bw10-24,PLB,BW,24,Relicanth,https://assets.tcgdex.net/en/bw/bw10/24/high.png,0,Uncommon
bw10-25,PLB,BW,25,Snover,https://assets.tcgdex.net/en/bw/bw10/25/high.png,0,Common
bw10-26,PLB,BW,26,Abomasnow,https://assets.tcgdex.net/en/bw/bw10/26/high.png,0,Uncommon
bw10-27,PLB,BW,27,Tirtouga,https://assets.tcgdex.net/en/bw/bw10/27/high.png,0,Uncommon
bw10-28,PLB,BW,28,Carracosta,https://assets.tcgdex.net/en/bw/bw10/28/high.png,0,Rare
bw10-29,PLB,BW,29,Ducklett,https://assets.tcgdex.net/en/bw/bw10/29/high.png,0,Common
bw10-30,PLB,BW,30,Kyurem-EX,https://assets.tcgdex.net/en/bw/bw10/30/high.png,0,Rare
bw10-31,PLB,BW,31,Tynamo,https://assets.tcgdex.net/en/bw/bw10/31/high.png,0,Common
bw10-32,PLB,BW,32,Eelektrik,https://assets.tcgdex.net/en/bw/bw10/32/high.png,0,Uncommon
bw10-33,PLB,BW,33,Eelektross,https://assets.tcgdex.net/en/bw/bw10/33/high.png,0,Rare
bw10-34,PLB,BW,34,Drifloon,https://assets.tcgdex.net/en/bw/bw10/34/high.png,0,Common
bw10-35,PLB,BW,35,Drifblim,https://assets.tcgdex.net/en/bw/bw10/35/high.png,0,Rare
bw10-36,PLB,BW,36,Uxie,https://assets.tcgdex.net/en/bw/bw10/36/high.png,0,Rare
bw10-37,PLB,BW,37,Mesprit,https://assets.tcgdex.net/en/bw/bw10/37/high.png,0,Rare
bw10-38,PLB,BW,38,Azelf,https://assets.tcgdex.net/en/bw/bw10/38/high.png,0,Rare
bw10-39,PLB,BW,39,Munna,https://assets.tcgdex.net/en/bw/bw10/39/high.png,0,Common
bw10-40,PLB,BW,40,Musharna,https://assets.tcgdex.net/en/bw/bw10/40/high.png,0,Uncommon
bw10-41,PLB,BW,41,Sigilyph,https://assets.tcgdex.net/en/bw/bw10/41/high.png,0,Rare
bw10-42,PLB,BW,42,Solosis,https://assets.tcgdex.net/en/bw/bw10/42/high.png,0,Common
bw10-43,PLB,BW,43,Duosion,https://assets.tcgdex.net/en/bw/bw10/43/high.png,0,Uncommon
bw10-44,PLB,BW,44,Reuniclus,https://assets.tcgdex.net/en/bw/bw10/44/high.png,0,Rare
bw10-45,PLB,BW,45,Golett,https://assets.tcgdex.net/en/bw/bw10/45/high.png,0,Common
bw10-46,PLB,BW,46,Golurk,https://assets.tcgdex.net/en/bw/bw10/46/high.png,0,Rare
bw10-47,PLB,BW,47,Machop,https://assets.tcgdex.net/en/bw/bw10/47/high.png,0,Common
bw10-48,PLB,BW,48,Machoke,https://assets.tcgdex.net/en/bw/bw10/48/high.png,0,Uncommon
bw10-49,PLB,BW,49,Machamp,https://assets.tcgdex.net/en/bw/bw10/49/high.png,0,Rare
bw10-50,PLB,BW,50,Machamp,https://assets.tcgdex.net/en/bw/bw10/50/high.png,0,Rare
bw10-51,PLB,BW,51,Throh,https://assets.tcgdex.net/en/bw/bw10/51/high.png,0,Common
bw10-52,PLB,BW,52,Sawk,https://assets.tcgdex.net/en/bw/bw10/52/high.png,0,Common
bw10-53,PLB,BW,53,Archen,https://assets.tcgdex.net/en/bw/bw10/53/high.png,0,Uncommon
bw10-54,PLB,BW,54,Archeops,https://assets.tcgdex.net/en/bw/bw10/54/high.png,0,Rare
bw10-55,PLB,BW,55,Houndour,https://assets.tcgdex.net/en/bw/bw10/55/high.png,0,Common
bw10-56,PLB,BW,56,Houndoom,https://assets.tcgdex.net/en/bw/bw10/56/high.png,0,Rare
bw10-57,PLB,BW,57,Aron,https://assets.tcgdex.net/en/bw/bw10/57/high.png,0,Common
bw10-58,PLB,BW,58,Lairon,https://assets.tcgdex.net/en/bw/bw10/58/high.png,0,Uncommon
bw10-59,PLB,BW,59,Aggron,https://assets.tcgdex.net/en/bw/bw10/59/high.png,0,Rare
bw10-60,PLB,BW,60,Jirachi-EX,https://assets.tcgdex.net/en/bw/bw10/60/high.png,0,Rare
bw10-61,PLB,BW,61,Escavalier,https://assets.tcgdex.net/en/bw/bw10/61/high.png,0,Rare
bw10-62,PLB,BW,62,Bagon,https://assets.tcgdex.net/en/bw/bw10/62/high.png,0,Common
bw10-63,PLB,BW,63,Shelgon,https://assets.tcgdex.net/en/bw/bw10/63/high.png,0,Uncommon
bw10-64,PLB,BW,64,Salamence,https://assets.tcgdex.net/en/bw/bw10/64/high.png,0,Rare
bw10-65,PLB,BW,65,Dialga-EX,https://assets.tcgdex.net/en/bw/bw10/65/high.png,0,Rare
bw10-66,PLB,BW,66,Palkia-EX,https://assets.tcgdex.net/en/bw/bw10/66/high.png,0,Rare
bw10-67,PLB,BW,67,Axew,https://assets.tcgdex.net/en/bw/bw10/67/high.png,0,Common
bw10-68,PLB,BW,68,Fraxure,https://assets.tcgdex.net/en/bw/bw10/68/high.png,0,Uncommon
bw10-69,PLB,BW,69,Haxorus,https://assets.tcgdex.net/en/bw/bw10/69/high.png,0,Rare
bw10-70,PLB,BW,70,Druddigon,https://assets.tcgdex.net/en/bw/bw10/70/high.png,0,Common
bw10-71,PLB,BW,71,Kangaskhan,https://assets.tcgdex.net/en/bw/bw10/71/high.png,0,Common
bw10-72,PLB,BW,72,Porygon,https://assets.tcgdex.net/en/bw/bw10/72/high.png,0,Common
bw10-73,PLB,BW,73,Porygon2,https://assets.tcgdex.net/en/bw/bw10/73/high.png,0,Uncommon
bw10-74,PLB,BW,74,Porygon-Z,https://assets.tcgdex.net/en/bw/bw10/74/high.png,0,Rare
bw10-75,PLB,BW,75,Teddiursa,https://assets.tcgdex.net/en/bw/bw10/75/high.png,0,Common
bw10-76,PLB,BW,76,Ursaring,https://assets.tcgdex.net/en/bw/bw10/76/high.png,0,Uncommon
bw10-77,PLB,BW,77,Chatot,https://assets.tcgdex.net/en/bw/bw10/77/high.png,0,Uncommon
bw10-96,PLB,BW,96,Virizion-EX,https://assets.tcgdex.net/en/bw/bw10/96/high.png,0,Ultra Rare
bw10-97,PLB,BW,97,Genesect-EX,https://assets.tcgdex.net/en/bw/bw10/97/high.png,0,Ultra Rare
bw10-98,PLB,BW,98,Jirachi-EX,https://assets.tcgdex.net/en/bw/bw10/98/high.png,0,Ultra Rare
bw10-99,PLB,BW,99,Dialga-EX,https://assets.tcgdex.net/en/bw/bw10/99/high.png,0,Ultra Rare
bw10-100,PLB,BW,100,Palkia-EX,https://assets.tcgdex.net/en/bw/bw10/100/high.png,0,Ultra Rare
bw10-102,PLB,BW,102,Exeggcute,https://assets.tcgdex.net/en/bw/bw10/102/high.png,0,Secret Rare
bw10-103,PLB,BW,103,Virizion,https://assets.tcgdex.net/en/bw/bw10/103/high.png,0,Secret Rare
bw10-104,PLB,BW,104,Dusknoir,https://assets.tcgdex.net/en/bw/bw10/104/high.png,0,Secret Rare
bw11-1,LTR,BW,1,Tangela,https://assets.tcgdex.net/en/bw/bw11/1/high.png,0,Common
bw11-2,LTR,BW,2,Tangrowth,https://assets.tcgdex.net/en/bw/bw11/2/high.png,0,Rare
bw11-3,LTR,BW,3,Shuckle,https://assets.tcgdex.net/en/bw/bw11/3/high.png,0,Uncommon
bw11-4,LTR,BW,4,Cherubi,https://assets.tcgdex.net/en/bw/bw11/4/high.png,0,Uncommon
bw11-5,LTR,BW,5,Carnivine,https://assets.tcgdex.net/en/bw/bw11/5/high.png,0,Uncommon
bw11-6,LTR,BW,6,Snivy,https://assets.tcgdex.net/en/bw/bw11/6/high.png,0,Common
bw11-7,LTR,BW,7,Servine,https://assets.tcgdex.net/en/bw/bw11/7/high.png,0,Uncommon
bw11-8,LTR,BW,8,Serperior,https://assets.tcgdex.net/en/bw/bw11/8/high.png,0,Rare
bw11-9,LTR,BW,9,Sewaddle,https://assets.tcgdex.net/en/bw/bw11/9/high.png,0,Common
bw11-10,LTR,BW,10,Sewaddle,https://assets.tcgdex.net/en/bw/bw11/10/high.png,0,Common
bw11-11,LTR,BW,11,Swadloon,https://assets.tcgdex.net/en/bw/bw11/11/high.png,0,Uncommon
bw11-12,LTR,BW,12,Leavanny,https://assets.tcgdex.net/en/bw/bw11/12/high.png,0,Rare
bw11-13,LTR,BW,13,Dwebble,https://assets.tcgdex.net/en/bw/bw11/13/high.png,0,Common
bw11-14,LTR,BW,14,Crustle,https://assets.tcgdex.net/en/bw/bw11/14/high.png,0,Uncommon
bw11-15,LTR,BW,15,Virizion,https://assets.tcgdex.net/en/bw/bw11/15/high.png,0,Rare
bw11-16,LTR,BW,16,Genesect,https://assets.tcgdex.net/en/bw/bw11/16/high.png,0,Rare
bw11-17,LTR,BW,17,Charmander,https://assets.tcgdex.net/en/bw/bw11/17/high.png,0,Common
bw11-18,LTR,BW,18,Charmeleon,https://assets.tcgdex.net/en/bw/bw11/18/high.png,0,Uncommon
bw11-19,LTR,BW,19,Charizard,https://assets.tcgdex.net/en/bw/bw11/19/high.png,0,Rare
bw11-20,LTR,BW,20,Vulpix,https://assets.tcgdex.net/en/bw/bw11/20/high.png,0,Common
bw11-21,LTR,BW,21,Ninetales,https://assets.tcgdex.net/en/bw/bw11/21/high.png,0,Rare
bw11-22,LTR,BW,22,Moltres,https://assets.tcgdex.net/en/bw/bw11/22/high.png,0,Rare
bw11-23,LTR,BW,23,Victini,https://assets.tcgdex.net/en/bw/bw11/23/high.png,0,Rare
bw11-24,LTR,BW,24,Victini-EX,https://assets.tcgdex.net/en/bw/bw11/24/high.png,0,Rare
bw11-25,LTR,BW,25,Tepig,https://assets.tcgdex.net/en/bw/bw11/25/high.png,0,Common
bw11-26,LTR,BW,26,Pignite,https://assets.tcgdex.net/en/bw/bw11/26/high.png,0,Uncommon
bw11-27,LTR,BW,27,Emboar,https://assets.tcgdex.net/en/bw/bw11/27/high.png,0,Rare
bw11-28,LTR,BW,28,Reshiram,https://assets.tcgdex.net/en/bw/bw11/28/high.png,0,Rare
bw11-29,LTR,BW,29,Reshiram-EX,https://assets.tcgdex.net/en/bw/bw11/29/high.png,0,Rare
bw11-30,LTR,BW,30,Magikarp,https://assets.tcgdex.net/en/bw/bw11/30/high.png,0,Common
bw11-31,LTR,BW,31,Gyarados,https://assets.tcgdex.net/en/bw/bw11/31/high.png,0,Rare
bw11-32,LTR,BW,32,Articuno,https://assets.tcgdex.net/en/bw/bw11/32/high.png,0,Rare
bw11-33,LTR,BW,33,Piplup,https://assets.tcgdex.net/en/bw/bw11/33/high.png,0,Common
bw11-34,LTR,BW,34,Prinplup,https://assets.tcgdex.net/en/bw/bw11/34/high.png,0,Uncommon
bw11-35,LTR,BW,35,Empoleon,https://assets.tcgdex.net/en/bw/bw11/35/high.png,0,Rare
bw11-36,LTR,BW,36,Phione,https://assets.tcgdex.net/en/bw/bw11/36/high.png,0,Rare
bw11-37,LTR,BW,37,Oshawott,https://assets.tcgdex.net/en/bw/bw11/37/high.png,0,Common
bw11-38,LTR,BW,38,Dewott,https://assets.tcgdex.net/en/bw/bw11/38/high.png,0,Uncommon
bw11-39,LTR,BW,39,Samurott,https://assets.tcgdex.net/en/bw/bw11/39/high.png,0,Rare
bw11-40,LTR,BW,40,Tympole,https://assets.tcgdex.net/en/bw/bw11/40/high.png,0,Common
bw11-41,LTR,BW,41,Palpitoad,https://assets.tcgdex.net/en/bw/bw11/41/high.png,0,Uncommon
bw11-42,LTR,BW,42,Seismitoad,https://assets.tcgdex.net/en/bw/bw11/42/high.png,0,Rare
bw11-43,LTR,BW,43,Kyurem,https://assets.tcgdex.net/en/bw/bw11/43/high.png,0,Rare
bw11-44,LTR,BW,44,Kyurem-EX,https://assets.tcgdex.net/en/bw/bw11/44/high.png,0,Rare
bw11-45,LTR,BW,45,Keldeo-EX,https://assets.tcgdex.net/en/bw/bw11/45/high.png,0,Rare
bw11-46,LTR,BW,46,Zapdos,https://assets.tcgdex.net/en/bw/bw11/46/high.png,0,Rare
bw11-47,LTR,BW,47,Plusle,https://assets.tcgdex.net/en/bw/bw11/47/high.png,0,Uncommon
bw11-48,LTR,BW,48,Minun,https://assets.tcgdex.net/en/bw/bw11/48/high.png,0,Uncommon
bw11-49,LTR,BW,49,Emolga,https://assets.tcgdex.net/en/bw/bw11/49/high.png,0,Uncommon
bw11-50,LTR,BW,50,Thundurus,https://assets.tcgdex.net/en/bw/bw11/50/high.png,0,Rare
bw11-51,LTR,BW,51,Zekrom,https://assets.tcgdex.net/en/bw/bw11/51/high.png,0,Rare
bw11-52,LTR,BW,52,Zekrom-EX,https://assets.tcgdex.net/en/bw/bw11/52/high.png,0,Rare
bw11-53,LTR,BW,53,Mewtwo,https://assets.tcgdex.net/en/bw/bw11/53/high.png,0,Rare
bw11-54,LTR,BW,54,Mewtwo-EX,https://assets.tcgdex.net/en/bw/bw11/54/high.png,0,Rare
bw11-55,LTR,BW,55,Natu,https://assets.tcgdex.net/en/bw/bw11/55/high.png,0,Common
bw11-56,LTR,BW,56,Xatu,https://assets.tcgdex.net/en/bw/bw11/56/high.png,0,Rare
bw11-57,LTR,BW,57,Misdreavus,https://assets.tcgdex.net/en/bw/bw11/57/high.png,0,Common
bw11-58,LTR,BW,58,Mismagius,https://assets.tcgdex.net/en/bw/bw11/58/high.png,0,Rare
bw11-59,LTR,BW,59,Ralts,https://assets.tcgdex.net/en/bw/bw11/59/high.png,0,Common
bw11-60,LTR,BW,60,Kirlia,https://assets.tcgdex.net/en/bw/bw11/60/high.png,0,Uncommon
bw11-61,LTR,BW,61,Sableye,https://assets.tcgdex.net/en/bw/bw11/61/high.png,0,Uncommon
bw11-62,LTR,BW,62,Croagunk,https://assets.tcgdex.net/en/bw/bw11/62/high.png,0,Common
bw11-63,LTR,BW,63,Toxicroak,https://assets.tcgdex.net/en/bw/bw11/63/high.png,0,Rare
bw11-64,LTR,BW,64,Woobat,https://assets.tcgdex.net/en/bw/bw11/64/high.png,0,Common
bw11-65,LTR,BW,65,Swoobat,https://assets.tcgdex.net/en/bw/bw11/65/high.png,0,Uncommon
bw11-66,LTR,BW,66,Sigilyph,https://assets.tcgdex.net/en/bw/bw11/66/high.png,0,Rare
bw11-67,LTR,BW,67,Trubbish,https://assets.tcgdex.net/en/bw/bw11/67/high.png,0,Common
bw11-68,LTR,BW,68,Garbodor,https://assets.tcgdex.net/en/bw/bw11/68/high.png,0,Rare
bw11-69,LTR,BW,69,Gothita,https://assets.tcgdex.net/en/bw/bw11/69/high.png,0,Common
bw11-70,LTR,BW,70,Gothita,https://assets.tcgdex.net/en/bw/bw11/70/high.png,0,Common
bw11-71,LTR,BW,71,Gothorita,https://assets.tcgdex.net/en/bw/bw11/71/high.png,0,Uncommon
bw11-72,LTR,BW,72,Gothitelle,https://assets.tcgdex.net/en/bw/bw11/72/high.png,0,Rare
bw11-73,LTR,BW,73,Solosis,https://assets.tcgdex.net/en/bw/bw11/73/high.png,0,Common
bw11-74,LTR,BW,74,Solosis,https://assets.tcgdex.net/en/bw/bw11/74/high.png,0,Common
bw11-75,LTR,BW,75,Duosion,https://assets.tcgdex.net/en/bw/bw11/75/high.png,0,Uncommon
bw11-76,LTR,BW,76,Reuniclus,https://assets.tcgdex.net/en/bw/bw11/76/high.png,0,Rare
bw11-77,LTR,BW,77,Chandelure-EX,https://assets.tcgdex.net/en/bw/bw11/77/high.png,0,Rare
bw11-78,LTR,BW,78,Meloetta,https://assets.tcgdex.net/en/bw/bw11/78/high.png,0,Rare
bw11-79,LTR,BW,79,Riolu,https://assets.tcgdex.net/en/bw/bw11/79/high.png,0,Uncommon
bw11-80,LTR,BW,80,Lucario,https://assets.tcgdex.net/en/bw/bw11/80/high.png,0,Rare
bw11-81,LTR,BW,81,Gallade,https://assets.tcgdex.net/en/bw/bw11/81/high.png,0,Rare
bw11-82,LTR,BW,82,Excadrill-EX,https://assets.tcgdex.net/en/bw/bw11/82/high.png,0,Rare
bw11-83,LTR,BW,83,Stunfisk,https://assets.tcgdex.net/en/bw/bw11/83/high.png,0,Uncommon
bw11-84,LTR,BW,84,Terrakion,https://assets.tcgdex.net/en/bw/bw11/84/high.png,0,Rare
bw11-85,LTR,BW,85,Landorus,https://assets.tcgdex.net/en/bw/bw11/85/high.png,0,Rare
bw11-86,LTR,BW,86,Meloetta,https://assets.tcgdex.net/en/bw/bw11/86/high.png,0,Rare
bw11-87,LTR,BW,87,Spiritomb,https://assets.tcgdex.net/en/bw/bw11/87/high.png,0,Uncommon
bw11-88,LTR,BW,88,Darkrai-EX,https://assets.tcgdex.net/en/bw/bw11/88/high.png,0,Rare
bw11-89,LTR,BW,89,Zorua,https://assets.tcgdex.net/en/bw/bw11/89/high.png,0,Common
bw11-90,LTR,BW,90,Zoroark,https://assets.tcgdex.net/en/bw/bw11/90/high.png,0,Rare
bw11-91,LTR,BW,91,Cobalion,https://assets.tcgdex.net/en/bw/bw11/91/high.png,0,Rare
bw11-92,LTR,BW,92,Altaria,https://assets.tcgdex.net/en/bw/bw11/92/high.png,0,Uncommon
bw11-93,LTR,BW,93,Rayquaza,https://assets.tcgdex.net/en/bw/bw11/93/high.png,0,Rare
bw11-94,LTR,BW,94,Gible,https://assets.tcgdex.net/en/bw/bw11/94/high.png,0,Common
bw11-95,LTR,BW,95,Gabite,https://assets.tcgdex.net/en/bw/bw11/95/high.png,0,Uncommon
bw11-96,LTR,BW,96,Garchomp,https://assets.tcgdex.net/en/bw/bw11/96/high.png,0,Rare
bw11-97,LTR,BW,97,Deino,https://assets.tcgdex.net/en/bw/bw11/97/high.png,0,Common
bw11-98,LTR,BW,98,Zweilous,https://assets.tcgdex.net/en/bw/bw11/98/high.png,0,Uncommon
bw11-99,LTR,BW,99,Hydreigon,https://assets.tcgdex.net/en/bw/bw11/99/high.png,0,Rare
bw11-100,LTR,BW,100,Black Kyurem-EX,https://assets.tcgdex.net/en/bw/bw11/100/high.png,0,Rare
bw11-101,LTR,BW,101,White Kyurem-EX,https://assets.tcgdex.net/en/bw/bw11/101/high.png,0,Rare
bw11-102,LTR,BW,102,Lugia-EX,https://assets.tcgdex.net/en/bw/bw11/102/high.png,0,Rare
bw11-103,LTR,BW,103,Swablu,https://assets.tcgdex.net/en/bw/bw11/103/high.png,0,Common
bw11-104,LTR,BW,104,Minccino,https://assets.tcgdex.net/en/bw/bw11/104/high.png,0,Common
bw11-105,LTR,BW,105,Cinccino,https://assets.tcgdex.net/en/bw/bw11/105/high.png,0,Rare
bw11-106,LTR,BW,106,Druddigon,https://assets.tcgdex.net/en/bw/bw11/106/high.png,0,Uncommon
bw11-107,LTR,BW,107,Bouffalant,https://assets.tcgdex.net/en/bw/bw11/107/high.png,0,Uncommon
bw11-108,LTR,BW,108,Tornadus,https://assets.tcgdex.net/en/bw/bw11/108/high.png,0,Rare
bw11-114,LTR,BW,114,Reshiram,https://assets.tcgdex.net/en/bw/bw11/114/high.png,0,Secret Rare
bw11-115,LTR,BW,115,Zekrom,https://assets.tcgdex.net/en/bw/bw11/115/high.png,0,Secret Rare
bw11-RC1,LTR,BW,RC1,Snivy,https://assets.tcgdex.net/en/bw/bw11/RC1/high.png,0,Common
bw11-RC10,LTR,BW,RC10,Gardevoir,https://assets.tcgdex.net/en/bw/bw11/RC10/high.png,0,Uncommon
bw11-RC11,LTR,BW,RC11,Meloetta-EX,https://assets.tcgdex.net/en/bw/bw11/RC11/high.png,0,Rare
bw11-RC12,LTR,BW,RC12,Stunfisk,https://assets.tcgdex.net/en/bw/bw11/RC12/high.png,0,Uncommon
bw11-RC13,LTR,BW,RC13,Purrloin,https://assets.tcgdex.net/en/bw/bw11/RC13/high.png,0,Uncommon
bw11-RC14,LTR,BW,RC14,Eevee,https://assets.tcgdex.net/en/bw/bw11/RC14/high.png,0,Uncommon
bw11-RC15,LTR,BW,RC15,Teddiursa,https://assets.tcgdex.net/en/bw/bw11/RC15/high.png,0,Common
bw11-RC16,LTR,BW,RC16,Ursaring,https://assets.tcgdex.net/en/bw/bw11/RC16/high.png,0,Common
bw11-RC17,LTR,BW,RC17,Audino,https://assets.tcgdex.net/en/bw/bw11/RC17/high.png,0,Common
bw11-RC18,LTR,BW,RC18,Minccino,https://assets.tcgdex.net/en/bw/bw11/RC18/high.png,0,Common
bw11-RC19,LTR,BW,RC19,Cinccino,https://assets.tcgdex.net/en/bw/bw11/RC19/high.png,0,Uncommon
bw11-RC2,LTR,BW,RC2,Servine,https://assets.tcgdex.net/en/bw/bw11/RC2/high.png,0,Common
bw11-RC21,LTR,BW,RC21,Shaymin-EX,https://assets.tcgdex.net/en/bw/bw11/RC21/high.png,0,Ultra Rare
bw11-RC22,LTR,BW,RC22,Reshiram,https://assets.tcgdex.net/en/bw/bw11/RC22/high.png,0,Ultra Rare
bw11-RC23,LTR,BW,RC23,Emolga,https://assets.tcgdex.net/en/bw/bw11/RC23/high.png,0,Ultra Rare
bw11-RC24,LTR,BW,RC24,Mew-EX,https://assets.tcgdex.net/en/bw/bw11/RC24/high.png,0,Ultra Rare
bw11-RC25,LTR,BW,RC25,Meloetta-EX,https://assets.tcgdex.net/en/bw/bw11/RC25/high.png,0,Ultra Rare
bw11-RC3,LTR,BW,RC3,Serperior,https://assets.tcgdex.net/en/bw/bw11/RC3/high.png,0,Uncommon
bw11-RC4,LTR,BW,RC4,Growlithe,https://assets.tcgdex.net/en/bw/bw11/RC4/high.png,0,Uncommon
bw11-RC5,LTR,BW,RC5,Torchic,https://assets.tcgdex.net/en/bw/bw11/RC5/high.png,0,Common
bw11-RC6,LTR,BW,RC6,Piplup,https://assets.tcgdex.net/en/bw/bw11/RC6/high.png,0,Uncommon
bw11-RC7,LTR,BW,RC7,Pikachu,https://assets.tcgdex.net/en/bw/bw11/RC7/high.png,0,Uncommon
bw11-RC8,LTR,BW,RC8,Ralts,https://assets.tcgdex.net/en/bw/bw11/RC8/high.png,0,Common
bw11-RC9,LTR,BW,RC9,Kirlia,https://assets.tcgdex.net/en/bw/bw11/RC9/high.png,0,Common
bw6-1,DRX,BW,1,Hoppip,https://assets.tcgdex.net/en/bw/bw6/1/high.png,0,Common
bw6-2,DRX,BW,2,Skiploom,https://assets.tcgdex.net/en/bw/bw6/2/high.png,0,Uncommon
bw6-3,DRX,BW,3,Jumpluff,https://assets.tcgdex.net/en/bw/bw6/3/high.png,0,Rare
bw6-4,DRX,BW,4,Yanma,https://assets.tcgdex.net/en/bw/bw6/4/high.png,0,Common
bw6-5,DRX,BW,5,Yanmega,https://assets.tcgdex.net/en/bw/bw6/5/high.png,0,Rare
bw6-6,DRX,BW,6,Wurmple,https://assets.tcgdex.net/en/bw/bw6/6/high.png,0,Common
bw6-7,DRX,BW,7,Silcoon,https://assets.tcgdex.net/en/bw/bw6/7/high.png,0,Uncommon
bw6-8,DRX,BW,8,Beautifly,https://assets.tcgdex.net/en/bw/bw6/8/high.png,0,Rare
bw6-9,DRX,BW,9,Cascoon,https://assets.tcgdex.net/en/bw/bw6/9/high.png,0,Uncommon
bw6-10,DRX,BW,10,Nincada,https://assets.tcgdex.net/en/bw/bw6/10/high.png,0,Common
bw6-11,DRX,BW,11,Ninjask,https://assets.tcgdex.net/en/bw/bw6/11/high.png,0,Uncommon
bw6-12,DRX,BW,12,Roselia,https://assets.tcgdex.net/en/bw/bw6/12/high.png,0,Uncommon
bw6-13,DRX,BW,13,Roselia,https://assets.tcgdex.net/en/bw/bw6/13/high.png,0,Common
bw6-14,DRX,BW,14,Roserade,https://assets.tcgdex.net/en/bw/bw6/14/high.png,0,Uncommon
bw6-15,DRX,BW,15,Roserade,https://assets.tcgdex.net/en/bw/bw6/15/high.png,0,Rare
bw6-16,DRX,BW,16,Maractus,https://assets.tcgdex.net/en/bw/bw6/16/high.png,0,Uncommon
bw6-17,DRX,BW,17,Foongus,https://assets.tcgdex.net/en/bw/bw6/17/high.png,0,Common
bw6-18,DRX,BW,18,Vulpix,https://assets.tcgdex.net/en/bw/bw6/18/high.png,0,Common
bw6-19,DRX,BW,19,Ninetales,https://assets.tcgdex.net/en/bw/bw6/19/high.png,0,Rare
bw6-20,DRX,BW,20,Magmar,https://assets.tcgdex.net/en/bw/bw6/20/high.png,0,Common
bw6-21,DRX,BW,21,Magmortar,https://assets.tcgdex.net/en/bw/bw6/21/high.png,0,Rare
bw6-22,DRX,BW,22,Ho-Oh-EX,https://assets.tcgdex.net/en/bw/bw6/22/high.png,0,Rare
bw6-23,DRX,BW,23,Magikarp,https://assets.tcgdex.net/en/bw/bw6/23/high.png,0,Common
bw6-24,DRX,BW,24,Gyarados,https://assets.tcgdex.net/en/bw/bw6/24/high.png,0,Rare
bw6-25,DRX,BW,25,Wailmer,https://assets.tcgdex.net/en/bw/bw6/25/high.png,0,Uncommon
bw6-26,DRX,BW,26,Wailord,https://assets.tcgdex.net/en/bw/bw6/26/high.png,0,Rare
bw6-27,DRX,BW,27,Feebas,https://assets.tcgdex.net/en/bw/bw6/27/high.png,0,Common
bw6-28,DRX,BW,28,Milotic,https://assets.tcgdex.net/en/bw/bw6/28/high.png,0,Rare
bw6-29,DRX,BW,29,Spheal,https://assets.tcgdex.net/en/bw/bw6/29/high.png,0,Common
bw6-30,DRX,BW,30,Sealeo,https://assets.tcgdex.net/en/bw/bw6/30/high.png,0,Uncommon
bw6-31,DRX,BW,31,Walrein,https://assets.tcgdex.net/en/bw/bw6/31/high.png,0,Rare
bw6-32,DRX,BW,32,Buizel,https://assets.tcgdex.net/en/bw/bw6/32/high.png,0,Common
bw6-33,DRX,BW,33,Floatzel,https://assets.tcgdex.net/en/bw/bw6/33/high.png,0,Uncommon
bw6-34,DRX,BW,34,Tympole,https://assets.tcgdex.net/en/bw/bw6/34/high.png,0,Common
bw6-35,DRX,BW,35,Palpitoad,https://assets.tcgdex.net/en/bw/bw6/35/high.png,0,Uncommon
bw6-36,DRX,BW,36,Seismitoad,https://assets.tcgdex.net/en/bw/bw6/36/high.png,0,Rare
bw6-37,DRX,BW,37,Alomomola,https://assets.tcgdex.net/en/bw/bw6/37/high.png,0,Rare
bw6-38,DRX,BW,38,Mareep,https://assets.tcgdex.net/en/bw/bw6/38/high.png,0,Common
bw6-39,DRX,BW,39,Flaaffy,https://assets.tcgdex.net/en/bw/bw6/39/high.png,0,Uncommon
bw6-40,DRX,BW,40,Ampharos,https://assets.tcgdex.net/en/bw/bw6/40/high.png,0,Rare
bw6-41,DRX,BW,41,Electrike,https://assets.tcgdex.net/en/bw/bw6/41/high.png,0,Common
bw6-42,DRX,BW,42,Electrike,https://assets.tcgdex.net/en/bw/bw6/42/high.png,0,Common
bw6-43,DRX,BW,43,Manectric,https://assets.tcgdex.net/en/bw/bw6/43/high.png,0,Rare
bw6-44,DRX,BW,44,Manectric,https://assets.tcgdex.net/en/bw/bw6/44/high.png,0,Rare
bw6-45,DRX,BW,45,Emolga,https://assets.tcgdex.net/en/bw/bw6/45/high.png,0,Uncommon
bw6-46,DRX,BW,46,Mew-EX,https://assets.tcgdex.net/en/bw/bw6/46/high.png,0,Rare
bw6-47,DRX,BW,47,Dustox,https://assets.tcgdex.net/en/bw/bw6/47/high.png,0,Rare
bw6-48,DRX,BW,48,Shedinja,https://assets.tcgdex.net/en/bw/bw6/48/high.png,0,Rare
bw6-49,DRX,BW,49,Drifloon,https://assets.tcgdex.net/en/bw/bw6/49/high.png,0,Common
bw6-50,DRX,BW,50,Drifloon,https://assets.tcgdex.net/en/bw/bw6/50/high.png,0,Common
bw6-51,DRX,BW,51,Drifblim,https://assets.tcgdex.net/en/bw/bw6/51/high.png,0,Rare
bw6-52,DRX,BW,52,Sigilyph,https://assets.tcgdex.net/en/bw/bw6/52/high.png,0,Rare
bw6-53,DRX,BW,53,Trubbish,https://assets.tcgdex.net/en/bw/bw6/53/high.png,0,Common
bw6-54,DRX,BW,54,Garbodor,https://assets.tcgdex.net/en/bw/bw6/54/high.png,0,Rare
bw6-55,DRX,BW,55,Gothita,https://assets.tcgdex.net/en/bw/bw6/55/high.png,0,Common
bw6-56,DRX,BW,56,Gothorita,https://assets.tcgdex.net/en/bw/bw6/56/high.png,0,Uncommon
bw6-57,DRX,BW,57,Gothitelle,https://assets.tcgdex.net/en/bw/bw6/57/high.png,0,Rare
bw6-58,DRX,BW,58,Golett,https://assets.tcgdex.net/en/bw/bw6/58/high.png,0,Common
bw6-59,DRX,BW,59,Golurk,https://assets.tcgdex.net/en/bw/bw6/59/high.png,0,Rare
bw6-60,DRX,BW,60,Cubone,https://assets.tcgdex.net/en/bw/bw6/60/high.png,0,Common
bw6-61,DRX,BW,61,Marowak,https://assets.tcgdex.net/en/bw/bw6/61/high.png,0,Rare
bw6-62,DRX,BW,62,Nosepass,https://assets.tcgdex.net/en/bw/bw6/62/high.png,0,Common
bw6-63,DRX,BW,63,Baltoy,https://assets.tcgdex.net/en/bw/bw6/63/high.png,0,Common
bw6-64,DRX,BW,64,Claydol,https://assets.tcgdex.net/en/bw/bw6/64/high.png,0,Rare
bw6-65,DRX,BW,65,Roggenrola,https://assets.tcgdex.net/en/bw/bw6/65/high.png,0,Common
bw6-66,DRX,BW,66,Boldore,https://assets.tcgdex.net/en/bw/bw6/66/high.png,0,Uncommon
bw6-67,DRX,BW,67,Gigalith,https://assets.tcgdex.net/en/bw/bw6/67/high.png,0,Rare
bw6-68,DRX,BW,68,Throh,https://assets.tcgdex.net/en/bw/bw6/68/high.png,0,Uncommon
bw6-69,DRX,BW,69,Sawk,https://assets.tcgdex.net/en/bw/bw6/69/high.png,0,Uncommon
bw6-70,DRX,BW,70,Stunfisk,https://assets.tcgdex.net/en/bw/bw6/70/high.png,0,Uncommon
bw6-71,DRX,BW,71,Terrakion-EX,https://assets.tcgdex.net/en/bw/bw6/71/high.png,0,Rare
bw6-72,DRX,BW,72,Murkrow,https://assets.tcgdex.net/en/bw/bw6/72/high.png,0,Common
bw6-73,DRX,BW,73,Honchkrow,https://assets.tcgdex.net/en/bw/bw6/73/high.png,0,Rare
bw6-74,DRX,BW,74,Houndour,https://assets.tcgdex.net/en/bw/bw6/74/high.png,0,Common
bw6-75,DRX,BW,75,Houndoom,https://assets.tcgdex.net/en/bw/bw6/75/high.png,0,Rare
bw6-76,DRX,BW,76,Stunky,https://assets.tcgdex.net/en/bw/bw6/76/high.png,0,Common
bw6-77,DRX,BW,77,Skuntank,https://assets.tcgdex.net/en/bw/bw6/77/high.png,0,Uncommon
bw6-78,DRX,BW,78,Aron,https://assets.tcgdex.net/en/bw/bw6/78/high.png,0,Common
bw6-79,DRX,BW,79,Lairon,https://assets.tcgdex.net/en/bw/bw6/79/high.png,0,Uncommon
bw6-80,DRX,BW,80,Aggron,https://assets.tcgdex.net/en/bw/bw6/80/high.png,0,Rare
bw6-81,DRX,BW,81,Registeel-EX,https://assets.tcgdex.net/en/bw/bw6/81/high.png,0,Rare
bw6-82,DRX,BW,82,Probopass,https://assets.tcgdex.net/en/bw/bw6/82/high.png,0,Rare
bw6-83,DRX,BW,83,Durant,https://assets.tcgdex.net/en/bw/bw6/83/high.png,0,Uncommon
bw6-84,DRX,BW,84,Altaria,https://assets.tcgdex.net/en/bw/bw6/84/high.png,0,Rare
bw6-85,DRX,BW,85,Rayquaza-EX,https://assets.tcgdex.net/en/bw/bw6/85/high.png,0,Rare
bw6-86,DRX,BW,86,Gible,https://assets.tcgdex.net/en/bw/bw6/86/high.png,0,Common
bw6-87,DRX,BW,87,Gible,https://assets.tcgdex.net/en/bw/bw6/87/high.png,0,Common
bw6-88,DRX,BW,88,Gabite,https://assets.tcgdex.net/en/bw/bw6/88/high.png,0,Uncommon
bw6-89,DRX,BW,89,Gabite,https://assets.tcgdex.net/en/bw/bw6/89/high.png,0,Uncommon
bw6-90,DRX,BW,90,Garchomp,https://assets.tcgdex.net/en/bw/bw6/90/high.png,0,Rare
bw6-91,DRX,BW,91,Garchomp,https://assets.tcgdex.net/en/bw/bw6/91/high.png,0,Rare
bw6-92,DRX,BW,92,Giratina-EX,https://assets.tcgdex.net/en/bw/bw6/92/high.png,0,Rare
bw6-93,DRX,BW,93,Deino,https://assets.tcgdex.net/en/bw/bw6/93/high.png,0,Common
bw6-94,DRX,BW,94,Deino,https://assets.tcgdex.net/en/bw/bw6/94/high.png,0,Common
bw6-95,DRX,BW,95,Zweilous,https://assets.tcgdex.net/en/bw/bw6/95/high.png,0,Uncommon
bw6-96,DRX,BW,96,Zweilous,https://assets.tcgdex.net/en/bw/bw6/96/high.png,0,Uncommon
bw6-97,DRX,BW,97,Hydreigon,https://assets.tcgdex.net/en/bw/bw6/97/high.png,0,Rare
bw6-98,DRX,BW,98,Hydreigon,https://assets.tcgdex.net/en/bw/bw6/98/high.png,0,Rare
bw6-99,DRX,BW,99,Aipom,https://assets.tcgdex.net/en/bw/bw6/99/high.png,0,Common
bw6-100,DRX,BW,100,Ambipom,https://assets.tcgdex.net/en/bw/bw6/100/high.png,0,Rare
bw6-101,DRX,BW,101,Slakoth,https://assets.tcgdex.net/en/bw/bw6/101/high.png,0,Common
bw6-102,DRX,BW,102,Vigoroth,https://assets.tcgdex.net/en/bw/bw6/102/high.png,0,Uncommon
bw6-103,DRX,BW,103,Slaking,https://assets.tcgdex.net/en/bw/bw6/103/high.png,0,Rare
bw6-104,DRX,BW,104,Swablu,https://assets.tcgdex.net/en/bw/bw6/104/high.png,0,Uncommon
bw6-105,DRX,BW,105,Swablu,https://assets.tcgdex.net/en/bw/bw6/105/high.png,0,Common
bw6-106,DRX,BW,106,Bidoof,https://assets.tcgdex.net/en/bw/bw6/106/high.png,0,Common
bw6-107,DRX,BW,107,Bibarel,https://assets.tcgdex.net/en/bw/bw6/107/high.png,0,Uncommon
bw6-108,DRX,BW,108,Audino,https://assets.tcgdex.net/en/bw/bw6/108/high.png,0,Uncommon
bw6-109,DRX,BW,109,Minccino,https://assets.tcgdex.net/en/bw/bw6/109/high.png,0,Common
bw6-110,DRX,BW,110,Bouffalant,https://assets.tcgdex.net/en/bw/bw6/110/high.png,0,Uncommon
bw6-111,DRX,BW,111,Rufflet,https://assets.tcgdex.net/en/bw/bw6/111/high.png,0,Common
bw6-112,DRX,BW,112,Braviary,https://assets.tcgdex.net/en/bw/bw6/112/high.png,0,Rare
bw6-119,DRX,BW,119,Ho-Oh-EX,https://assets.tcgdex.net/en/bw/bw6/119/high.png,0,Ultra Rare
bw6-120,DRX,BW,120,Mew-EX,https://assets.tcgdex.net/en/bw/bw6/120/high.png,0,Ultra Rare
bw6-121,DRX,BW,121,Terrakion-EX,https://assets.tcgdex.net/en/bw/bw6/121/high.png,0,Ultra Rare
bw6-122,DRX,BW,122,Registeel-EX,https://assets.tcgdex.net/en/bw/bw6/122/high.png,0,Ultra Rare
bw6-123,DRX,BW,123,Rayquaza-EX,https://assets.tcgdex.net/en/bw/bw6/123/high.png,0,Ultra Rare
bw6-124,DRX,BW,124,Giratina-EX,https://assets.tcgdex.net/en/bw/bw6/124/high.png,0,Ultra Rare
bw6-125,DRX,BW,125,Serperior,https://assets.tcgdex.net/en/bw/bw6/125/high.png,0,Secret Rare
bw6-126,DRX,BW,126,Reuniclus,https://assets.tcgdex.net/en/bw/bw6/126/high.png,0,Secret Rare
bw6-127,DRX,BW,127,Krookodile,https://assets.tcgdex.net/en/bw/bw6/127/high.png,0,Secret Rare
bw6-128,DRX,BW,128,Rayquaza,https://assets.tcgdex.net/en/bw/bw6/128/high.png,0,Secret Rare
